So,Sw,Sg,Cs,MRF,xD
0.00497407,0.496937,0.498089,0.05,10.0,0.0
0.00795606,0.4951,0.496944,0.05,10.0,0.001001001001001001
0.0106683,0.493427,0.495905,0.05,10.0,0.002002002002002002
0.0132326,0.491845,0.494923,0.05,10.0,0.003003003003003003
0.0156927,0.490325,0.493982,0.05,10.0,0.004004004004004004
0.0180705,0.488856,0.493073,0.05,10.0,0.005005005005005004
0.0203789,0.487429,0.492192,0.05,10.0,0.006006006006006006
0.0226264,0.486039,0.491334,0.05,10.0,0.007007007007007007
0.0248191,0.484682,0.490499,0.05,10.0,0.008008008008008008
0.0269618,0.483355,0.489683,0.05,10.0,0.009009009009009007
0.0290582,0.482057,0.488885,0.05,10.0,0.010010010010010008
0.0311114,0.480784,0.488105,0.05,10.0,0.011011011011011011
0.0331239,0.479536,0.48734,0.05,10.0,0.012012012012012012
0.035098,0.478311,0.486591,0.05,10.0,0.013013013013013013
0.0370357,0.477108,0.485857,0.05,10.0,0.014014014014014014
0.0389386,0.475925,0.485136,0.05,10.0,0.015015015015015015
0.0408084,0.474763,0.484428,0.05,10.0,0.016016016016016016
0.0426465,0.47362,0.483733,0.05,10.0,0.017017017017017015
0.0444541,0.472496,0.48305,0.05,10.0,0.018018018018018014
0.0462326,0.471388,0.482379,0.05,10.0,0.019019019019019017
0.047983,0.470298,0.481719,0.05,10.0,0.020020020020020016
0.0497062,0.469225,0.481069,0.05,10.0,0.021021021021021023
0.0514034,0.468166,0.48043,0.05,10.0,0.022022022022022022
0.0530753,0.467124,0.479801,0.05,10.0,0.023023023023023025
0.0547229,0.466095,0.479182,0.05,10.0,0.024024024024024024
0.0563469,0.465081,0.478572,0.05,10.0,0.025025025025025027
0.0579481,0.464081,0.477971,0.05,10.0,0.026026026026026026
0.0595272,0.463094,0.477379,0.05,10.0,0.02702702702702703
0.0610848,0.46212,0.476795,0.05,10.0,0.028028028028028028
0.0626217,0.461159,0.47622,0.05,10.0,0.02902902902902903
0.0641384,0.460209,0.475652,0.05,10.0,0.03003003003003003
0.0656354,0.459272,0.475093,0.05,10.0,0.031031031031031032
0.0671135,0.458346,0.474541,0.05,10.0,0.03203203203203203
0.068573,0.457431,0.473996,0.05,10.0,0.03303303303303303
0.0700145,0.456527,0.473458,0.05,10.0,0.03403403403403403
0.0714384,0.455634,0.472928,0.05,10.0,0.035035035035035036
0.0728453,0.454751,0.472404,0.05,10.0,0.03603603603603603
0.0742356,0.453878,0.471887,0.05,10.0,0.037037037037037035
0.0756096,0.453014,0.471376,0.05,10.0,0.038038038038038034
0.0769679,0.452161,0.470872,0.05,10.0,0.03903903903903904
0.0783108,0.451316,0.470373,0.05,10.0,0.04004004004004003
0.0796386,0.450481,0.469881,0.05,10.0,0.04104104104104104
0.0809518,0.449654,0.469394,0.05,10.0,0.042042042042042045
0.0822507,0.448836,0.468913,0.05,10.0,0.043043043043043044
0.0835356,0.448026,0.468438,0.05,10.0,0.044044044044044044
0.0848068,0.447225,0.467968,0.05,10.0,0.04504504504504504
0.0860648,0.446432,0.467503,0.05,10.0,0.04604604604604605
0.0873096,0.445646,0.467044,0.05,10.0,0.04704704704704705
0.0885418,0.444869,0.46659,0.05,10.0,0.04804804804804805
0.0897615,0.444098,0.46614,0.05,10.0,0.04904904904904905
0.090969,0.443336,0.465695,0.05,10.0,0.05005005005005005
0.0921646,0.44258,0.465256,0.05,10.0,0.051051051051051045
0.0933485,0.441831,0.46482,0.05,10.0,0.05205205205205205
0.094521,0.441089,0.46439,0.05,10.0,0.05305305305305305
0.0956823,0.440354,0.463963,0.05,10.0,0.05405405405405406
0.0968327,0.439626,0.463541,0.05,10.0,0.05505505505505505
0.0979723,0.438904,0.463124,0.05,10.0,0.056056056056056056
0.0991015,0.438188,0.46271,0.05,10.0,0.057057057057057055
0.10022,0.437479,0.462301,0.05,10.0,0.05805805805805806
0.101329,0.436776,0.461895,0.05,10.0,0.05905905905905905
0.102428,0.436078,0.461494,0.05,10.0,0.06006006006006006
0.103517,0.435387,0.461096,0.05,10.0,0.06106106106106106
0.104597,0.434701,0.460702,0.05,10.0,0.062062062062062065
0.105667,0.434021,0.460312,0.05,10.0,0.06306306306306306
0.106728,0.433346,0.459926,0.05,10.0,0.06406406406406406
0.10778,0.432677,0.459543,0.05,10.0,0.06506506506506507
0.108824,0.432013,0.459163,0.05,10.0,0.06606606606606606
0.109859,0.431354,0.458787,0.05,10.0,0.06706706706706707
0.110885,0.430701,0.458415,0.05,10.0,0.06806806806806806
0.111903,0.430052,0.458045,0.05,10.0,0.06906906906906907
0.112912,0.429409,0.457679,0.05,10.0,0.07007007007007007
0.113914,0.42877,0.457316,0.05,10.0,0.07107107107107107
0.114908,0.428136,0.456957,0.05,10.0,0.07207207207207206
0.115894,0.427506,0.4566,0.05,10.0,0.07307307307307308
0.116872,0.426882,0.456246,0.05,10.0,0.07407407407407407
0.117843,0.426261,0.455896,0.05,10.0,0.07507507507507508
0.118806,0.425646,0.455548,0.05,10.0,0.07607607607607607
0.119763,0.425034,0.455203,0.05,10.0,0.07707707707707707
0.120712,0.424427,0.454861,0.05,10.0,0.07807807807807808
0.121654,0.423824,0.454522,0.05,10.0,0.07907907907907907
0.122589,0.423225,0.454185,0.05,10.0,0.08008008008008007
0.123518,0.422631,0.453852,0.05,10.0,0.08108108108108109
0.124439,0.42204,0.453521,0.05,10.0,0.08208208208208208
0.125355,0.421453,0.453192,0.05,10.0,0.08308308308308307
0.126263,0.420871,0.452866,0.05,10.0,0.08408408408408409
0.127166,0.420292,0.452543,0.05,10.0,0.08508508508508508
0.128062,0.419716,0.452222,0.05,10.0,0.08608608608608609
0.128952,0.419145,0.451903,0.05,10.0,0.08708708708708708
0.129836,0.418577,0.451587,0.05,10.0,0.08808808808808809
0.130714,0.418012,0.451274,0.05,10.0,0.0890890890890891
0.131586,0.417452,0.450962,0.05,10.0,0.09009009009009009
0.132453,0.416894,0.450653,0.05,10.0,0.09109109109109108
0.133313,0.41634,0.450346,0.05,10.0,0.0920920920920921
0.134168,0.41579,0.450042,0.05,10.0,0.09309309309309309
0.135018,0.415243,0.449739,0.05,10.0,0.0940940940940941
0.135862,0.414699,0.449439,0.05,10.0,0.09509509509509509
0.136701,0.414158,0.449141,0.05,10.0,0.0960960960960961
0.137534,0.41362,0.448845,0.05,10.0,0.0970970970970971
0.138363,0.413086,0.448551,0.05,10.0,0.0980980980980981
0.139186,0.412555,0.44826,0.05,10.0,0.09909909909909909
0.140004,0.412026,0.44797,0.05,10.0,0.1001001001001001
0.140817,0.411501,0.447682,0.05,10.0,0.1011011011011011
0.141626,0.410978,0.447396,0.05,10.0,0.10210210210210209
0.142429,0.410459,0.447112,0.05,10.0,0.1031031031031031
0.143228,0.409942,0.44683,0.05,10.0,0.1041041041041041
0.144022,0.409428,0.44655,0.05,10.0,0.10510510510510511
0.144811,0.408917,0.446272,0.05,10.0,0.1061061061061061
0.145596,0.408409,0.445995,0.05,10.0,0.1071071071071071
0.146376,0.407903,0.44572,0.05,10.0,0.10810810810810811
0.147152,0.4074,0.445448,0.05,10.0,0.1091091091091091
0.147924,0.4069,0.445176,0.05,10.0,0.1101101101101101
0.148691,0.406402,0.444907,0.05,10.0,0.1111111111111111
0.149454,0.405907,0.444639,0.05,10.0,0.11211211211211211
0.150212,0.405414,0.444373,0.05,10.0,0.1131131131131131
0.150967,0.404924,0.444109,0.05,10.0,0.11411411411411411
0.151717,0.404436,0.443846,0.05,10.0,0.1151151151151151
0.152464,0.403951,0.443585,0.05,10.0,0.11611611611611612
0.153206,0.403468,0.443326,0.05,10.0,0.11711711711711711
0.153945,0.402987,0.443068,0.05,10.0,0.1181181181181181
0.154679,0.402509,0.442811,0.05,10.0,0.11911911911911911
0.15541,0.402033,0.442557,0.05,10.0,0.12012012012012012
0.156137,0.401559,0.442303,0.05,10.0,0.12112112112112111
0.156861,0.401088,0.442052,0.05,10.0,0.12212212212212212
0.15758,0.400618,0.441801,0.05,10.0,0.12312312312312311
0.158296,0.400151,0.441552,0.05,10.0,0.12412412412412413
0.159009,0.399686,0.441305,0.05,10.0,0.12512512512512514
0.159718,0.399223,0.441059,0.05,10.0,0.12612612612612611
0.160423,0.398762,0.440814,0.05,10.0,0.12712712712712712
0.161125,0.398304,0.440571,0.05,10.0,0.12812812812812813
0.161824,0.397847,0.440329,0.05,10.0,0.12912912912912913
0.162519,0.397392,0.440089,0.05,10.0,0.13013013013013014
0.163211,0.396939,0.43985,0.05,10.0,0.13113113113113112
0.1639,0.396488,0.439612,0.05,10.0,0.13213213213213212
0.164585,0.396039,0.439375,0.05,10.0,0.13313313313313313
0.165268,0.395592,0.43914,0.05,10.0,0.13413413413413414
0.165947,0.395147,0.438906,0.05,10.0,0.13513513513513511
0.166623,0.394703,0.438674,0.05,10.0,0.13613613613613612
0.167296,0.394262,0.438442,0.05,10.0,0.13713713713713716
0.167966,0.393822,0.438212,0.05,10.0,0.13813813813813813
0.168633,0.393384,0.437983,0.05,10.0,0.13913913913913914
0.169297,0.392948,0.437755,0.05,10.0,0.14014014014014015
0.169958,0.392513,0.437529,0.05,10.0,0.14114114114114112
0.170616,0.39208,0.437303,0.05,10.0,0.14214214214214213
0.171272,0.391649,0.437079,0.05,10.0,0.14314314314314314
0.171924,0.39122,0.436856,0.05,10.0,0.14414414414414412
0.172574,0.390792,0.436634,0.05,10.0,0.14514514514514515
0.173221,0.390366,0.436413,0.05,10.0,0.14614614614614616
0.173866,0.389941,0.436193,0.05,10.0,0.14714714714714713
0.174508,0.389518,0.435974,0.05,10.0,0.14814814814814814
0.175147,0.389096,0.435757,0.05,10.0,0.14914914914914915
0.175784,0.388676,0.43554,0.05,10.0,0.15015015015015015
0.176418,0.388257,0.435325,0.05,10.0,0.15115115115115113
0.177049,0.38784,0.43511,0.05,10.0,0.15215215215215214
0.177678,0.387425,0.434897,0.05,10.0,0.15315315315315317
0.178305,0.38701,0.434684,0.05,10.0,0.15415415415415415
0.178929,0.386598,0.434473,0.05,10.0,0.15515515515515516
0.179551,0.386186,0.434262,0.05,10.0,0.15615615615615616
0.180171,0.385776,0.434053,0.05,10.0,0.15715715715715714
0.180788,0.385367,0.433844,0.05,10.0,0.15815815815815815
0.181403,0.38496,0.433637,0.05,10.0,0.15915915915915915
0.182016,0.384554,0.43343,0.05,10.0,0.16016016016016013
0.182626,0.384149,0.433225,0.05,10.0,0.16116116116116116
0.183235,0.383746,0.43302,0.0499999,10.0,0.16216216216216217
0.183841,0.383343,0.432816,0.0499999,10.0,0.16316316316316315
0.184445,0.382942,0.432613,0.0499999,10.0,0.16416416416416416
0.185047,0.382542,0.432411,0.0499998,10.0,0.16516516516516516
0.185647,0.382144,0.432209,0.0499998,10.0,0.16616616616616614
0.186245,0.381746,0.432009,0.0499997,10.0,0.16716716716716715
0.186841,0.38135,0.431809,0.0499996,10.0,0.16816816816816818
0.187435,0.380954,0.43161,0.0499994,10.0,0.1691691691691692
0.188028,0.38056,0.431412,0.0499992,10.0,0.17017017017017017
0.188618,0.380167,0.431215,0.049999,10.0,0.17117117117117117
0.189206,0.379775,0.431019,0.0499986,10.0,0.17217217217217218
0.189793,0.379384,0.430823,0.0499981,10.0,0.17317317317317316
0.190378,0.378993,0.430628,0.0499975,10.0,0.17417417417417416
0.190961,0.378604,0.430434,0.0499967,10.0,0.17517517517517517
0.191543,0.378216,0.430241,0.0499957,10.0,0.17617617617617617
0.192123,0.377829,0.430048,0.0499943,10.0,0.17717717717717718
0.192701,0.377442,0.429856,0.0499926,10.0,0.1781781781781782
0.193278,0.377057,0.429665,0.0499904,10.0,0.17917917917917917
0.193854,0.376672,0.429474,0.0499876,10.0,0.18018018018018017
0.194427,0.376288,0.429285,0.049984,10.0,0.18118118118118118
0.195,0.375905,0.429095,0.0499795,10.0,0.18218218218218216
0.195571,0.375522,0.428907,0.0499739,10.0,0.18318318318318316
0.196141,0.375141,0.428719,0.0499668,10.0,0.1841841841841842
0.196709,0.37476,0.428531,0.0499581,10.0,0.18518518518518517
0.197277,0.374379,0.428344,0.0499473,10.0,0.18618618618618618
0.197843,0.374,0.428158,0.049934,10.0,0.1871871871871872
0.198408,0.37362,0.427972,0.0499177,10.0,0.1881881881881882
0.198972,0.373242,0.427787,0.0498979,10.0,0.18918918918918917
0.199535,0.372863,0.427602,0.0498739,10.0,0.19019019019019018
0.200097,0.372486,0.427418,0.0498448,10.0,0.19119119119119118
0.200658,0.372108,0.427234,0.04981,10.0,0.1921921921921922
0.201219,0.371731,0.42705,0.0497683,10.0,0.1931931931931932
0.201778,0.371354,0.426867,0.0497187,10.0,0.1941941941941942
0.202338,0.370978,0.426685,0.04966,10.0,0.19519519519519518
0.202896,0.370601,0.426503,0.0495908,10.0,0.1961961961961962
0.203455,0.370225,0.426321,0.0495095,10.0,0.1971971971971972
0.204013,0.369848,0.426139,0.0494147,10.0,0.19819819819819817
0.204571,0.369472,0.425957,0.0493044,10.0,0.19919919919919918
0.205128,0.369095,0.425776,0.0491768,10.0,0.2002002002002002
0.205686,0.368719,0.425595,0.0490298,10.0,0.2012012012012012
0.206244,0.368342,0.425414,0.0488612,10.0,0.2022022022022022
0.206803,0.367964,0.425233,0.0486689,10.0,0.2032032032032032
0.207362,0.367586,0.425052,0.0484504,10.0,0.20420420420420418
0.207922,0.367207,0.424871,0.0482033,10.0,0.2052052052052052
0.208483,0.366827,0.42469,0.0479251,10.0,0.2062062062062062
0.209045,0.366447,0.424509,0.0476134,10.0,0.20720720720720723
0.209608,0.366065,0.424327,0.0472657,10.0,0.2082082082082082
0.210173,0.365682,0.424145,0.0468795,10.0,0.2092092092092092
0.21074,0.365297,0.423963,0.0464527,10.0,0.21021021021021022
0.21131,0.36491,0.42378,0.0459829,10.0,0.2112112112112112
0.211882,0.364522,0.423596,0.0454682,10.0,0.2122122122122122
0.212458,0.364131,0.423412,0.0449069,10.0,0.2132132132132132
0.213037,0.363737,0.423226,0.0442973,10.0,0.2142142142142142
0.21362,0.36334,0.42304,0.0436385,10.0,0.21521521521521522
0.214209,0.362939,0.422852,0.0429294,10.0,0.21621621621621623
0.214803,0.362535,0.422662,0.0421697,10.0,0.2172172172172172
0.215403,0.362126,0.422471,0.0413594,10.0,0.2182182182182182
0.216011,0.361711,0.422277,0.0404988,10.0,0.21921921921921922
0.216628,0.361291,0.422081,0.039589,10.0,0.2202202202202202
0.217254,0.360863,0.421883,0.0386312,10.0,0.2212212212212212
0.217892,0.360428,0.421681,0.0376275,10.0,0.2222222222222222
0.218542,0.359983,0.421475,0.0365801,10.0,0.22322322322322322
0.219208,0.359528,0.421264,0.035492,10.0,0.22422422422422422
0.219892,0.35906,0.421048,0.0343664,10.0,0.22522522522522523
0.220597,0.358577,0.420826,0.0332072,10.0,0.2262262262262262
0.221326,0.358078,0.420597,0.0320184,10.0,0.2272272272272272
0.222084,0.357558,0.420359,0.0308047,10.0,0.22822822822822822
0.222876,0.357014,0.42011,0.0295707,10.0,0.22922922922922923
0.22371,0.356441,0.419849,0.0283215,10.0,0.2302302302302302
0.224594,0.355833,0.419573,0.0270623,10.0,0.23123123123123124
0.22554,0.355182,0.419278,0.0257983,10.0,0.23223223223223224
0.226562,0.354478,0.41896,0.024535,10.0,0.23323323323323322
0.22768,0.353708,0.418613,0.0232776,10.0,0.23423423423423423
0.22892,0.352851,0.418229,0.0220312,10.0,0.23523523523523523
0.230319,0.351884,0.417798,0.0208007,10.0,0.2362362362362362
0.23193,0.350768,0.417303,0.0195909,10.0,0.23723723723723722
0.23383,0.349448,0.416721,0.0184059,10.0,0.23823823823823823
0.236141,0.34784,0.416018,0.0172496,10.0,0.23923923923923923
0.239059,0.345804,0.415137,0.0161251,10.0,0.24024024024024024
0.242923,0.343096,0.413981,0.0150347,10.0,0.24124124124124124
0.248385,0.339244,0.412371,0.0139794,10.0,0.24224224224224222
0.25684,0.333222,0.409937,0.0129579,10.0,0.24324324324324323
0.271933,0.322263,0.405804,0.0119631,10.0,0.24424424424424424
0.306491,0.296,0.397509,0.0109685,10.0,0.2452452452452452
0.449651,0.234234,0.316115,0.00984083,1.0,0.24624624624624622
0.458323,0.225913,0.315764,0.0086663,1.0,0.24724724724724725
0.46288,0.221818,0.315302,0.00760407,1.0,0.24824824824824826
0.464474,0.220983,0.314543,0.0066676,1.0,0.24924924924924924
0.464992,0.221503,0.313505,0.00583329,1.0,0.2502502502502503
0.465495,0.222236,0.312269,0.0050864,1.0,0.25125125125125125
0.466209,0.222854,0.310937,0.00441949,1.0,0.25225225225225223
0.467002,0.223352,0.309646,0.00382689,1.0,0.25325325325325326
0.467695,0.223749,0.308556,0.00330286,1.0,0.25425425425425424
0.468152,0.224011,0.307837,0.00284157,1.0,0.2552552552552552
0.46829,0.224091,0.307619,0.00243735,1.0,0.25625625625625625
0.468095,0.223969,0.307936,0.00208479,1.0,0.25725725725725723
0.46764,0.223686,0.308674,0.00177871,1.0,0.25825825825825827
0.467079,0.223337,0.309584,0.00151409,1.0,0.25925925925925924
0.466584,0.223029,0.310387,0.00128616,1.0,0.2602602602602603
0.466273,0.222833,0.310894,0.00109042,1.0,0.26126126126126126
0.466175,0.22277,0.311055,0.000922757,1.0,0.26226226226226224
0.466253,0.222817,0.310931,0.0007795,1.0,0.26326326326326327
0.466442,0.222932,0.310626,0.00065741,1.0,0.26426426426426425
0.466675,0.223075,0.31025,0.000553643,1.0,0.2652652652652653
0.466897,0.223211,0.309892,0.000465703,1.0,0.26626626626626626
0.46707,0.223316,0.309614,0.000391392,1.0,0.26726726726726724
0.467171,0.223376,0.309453,0.000328778,1.0,0.2682682682682683
0.467194,0.223388,0.309418,0.000276166,1.0,0.26926926926926925
0.467149,0.223358,0.309494,0.00023207,1.0,0.27027027027027023
0.467057,0.223299,0.309644,0.000195194,1.0,0.27127127127127126
0.466949,0.223229,0.309822,0.000164415,1.0,0.27227227227227224
0.466849,0.223166,0.309985,0.000138761,1.0,0.2732732732732732
0.466779,0.223121,0.3101,0.000117403,1.0,0.2742742742742743
0.466748,0.2231,0.310152,9.9633e-05,1.0,0.2752752752752753
0.466753,0.223102,0.310145,8.48512e-05,1.0,0.27627627627627627
0.466786,0.223122,0.310092,7.25526e-05,1.0,0.2772772772772773
0.466835,0.223151,0.310014,6.23135e-05,1.0,0.2782782782782783
0.466887,0.223182,0.309931,5.37793e-05,1.0,0.27927927927927926
0.466931,0.223208,0.309861,4.66544e-05,1.0,0.2802802802802803
0.46696,0.223224,0.309815,4.06928e-05,1.0,0.28128128128128127
0.466973,0.22323,0.309797,3.56904e-05,1.0,0.28228228228228225
0.46697,0.223225,0.309805,3.14785e-05,1.0,0.2832832832832833
0.466956,0.223214,0.30983,2.79176e-05,1.0,0.28428428428428426
0.466936,0.223198,0.309865,2.48932e-05,1.0,0.28528528528528524
0.466917,0.223183,0.3099,2.23112e-05,1.0,0.2862862862862863
0.466903,0.22317,0.309927,2.00945e-05,1.0,0.28728728728728725
0.466896,0.223162,0.309943,1.818e-05,1.0,0.28828828828828823
0.466896,0.223158,0.309946,1.65164e-05,1.0,0.2892892892892893
0.466903,0.223158,0.309938,1.50617e-05,1.0,0.2902902902902903
0.466914,0.223161,0.309925,1.37819e-05,1.0,0.2912912912912913
0.466927,0.223164,0.309909,1.2649e-05,1.0,0.2922922922922923
0.466938,0.223167,0.309894,1.16404e-05,1.0,0.2932932932932933
0.466947,0.223169,0.309884,1.07375e-05,1.0,0.29429429429429427
0.466952,0.223168,0.30988,9.92504e-06,1.0,0.2952952952952953
0.466954,0.223165,0.309881,9.19062e-06,1.0,0.2962962962962963
0.466953,0.22316,0.309887,8.5239e-06,1.0,0.2972972972972973
0.46695,0.223155,0.309895,7.91632e-06,1.0,0.2982982982982983
0.466946,0.22315,0.309904,7.36075e-06,1.0,0.29929929929929927
0.466943,0.223146,0.309911,6.85123e-06,1.0,0.3003003003003003
0.466942,0.223142,0.309916,6.3827e-06,1.0,0.3013013013013013
0.466941,0.22314,0.309919,5.95088e-06,1.0,0.30230230230230226
0.466942,0.223138,0.30992,5.5521e-06,1.0,0.3033033033033033
0.466944,0.223138,0.309918,5.1832e-06,1.0,0.3043043043043043
0.466946,0.223137,0.309916,4.84142e-06,1.0,0.3053053053053053
0.466948,0.223137,0.309914,4.52437e-06,1.0,0.30630630630630634
0.46695,0.223137,0.309913,4.22992e-06,1.0,0.3073073073073073
0.466951,0.223137,0.309912,3.9562e-06,1.0,0.3083083083083083
0.466952,0.223136,0.309912,3.70152e-06,1.0,0.30930930930930933
0.466952,0.223135,0.309913,3.4644e-06,1.0,0.3103103103103103
0.466953,0.223133,0.309914,3.24347e-06,1.0,0.3113113113113113
0.466953,0.223132,0.309915,3.0375e-06,1.0,0.3123123123123123
0.466953,0.223131,0.309916,2.84538e-06,1.0,0.3133133133133133
0.466954,0.22313,0.309916,2.6661e-06,1.0,0.3143143143143143
0.466956,0.223129,0.309915,2.49872e-06,1.0,0.3153153153153153
0.466958,0.223128,0.309914,2.34239e-06,1.0,0.3163163163163163
0.466961,0.223128,0.309912,2.19633e-06,1.0,0.31731731731731727
0.466963,0.223127,0.30991,2.05981e-06,1.0,0.3183183183183183
0.466966,0.223126,0.309908,1.93217e-06,1.0,0.3193193193193193
0.466969,0.223125,0.309906,1.8128e-06,1.0,0.32032032032032026
0.466971,0.223124,0.309905,1.70113e-06,1.0,0.32132132132132135
0.466974,0.223123,0.309904,1.59663e-06,1.0,0.32232232232232233
0.466976,0.223121,0.309903,1.49882e-06,1.0,0.3233233233233233
0.466978,0.223119,0.309903,1.40725e-06,1.0,0.32432432432432434
0.46698,0.223117,0.309903,1.32149e-06,1.0,0.3253253253253253
0.466982,0.223115,0.309903,1.24117e-06,1.0,0.3263263263263263
0.466984,0.223112,0.309903,1.16591e-06,1.0,0.32732732732732733
0.466986,0.22311,0.309903,1.09539e-06,1.0,0.3283283283283283
0.466989,0.223108,0.309904,1.0293e-06,1.0,0.3293293293293293
0.466991,0.223105,0.309904,9.67331e-07,1.0,0.3303303303303303
0.466993,0.223103,0.309904,9.09229e-07,1.0,0.3313313313313313
0.466994,0.223101,0.309905,8.54737e-07,1.0,0.3323323323323323
0.466996,0.223098,0.309906,8.03624e-07,1.0,0.3333333333333333
0.466998,0.223096,0.309906,7.55669e-07,1.0,0.3343343343343343
0.467,0.223093,0.309907,7.1067e-07,1.0,0.3353353353353353
0.467001,0.223091,0.309908,6.68438e-07,1.0,0.33633633633633636
0.467003,0.223089,0.309909,6.28795e-07,1.0,0.33733733733733734
0.467004,0.223086,0.30991,5.91577e-07,1.0,0.3383383383383384
0.467005,0.223084,0.309911,5.5663e-07,1.0,0.33933933933933935
0.467007,0.223082,0.309912,5.23809e-07,1.0,0.34034034034034033
0.467008,0.22308,0.309912,4.92982e-07,1.0,0.34134134134134136
0.467009,0.223078,0.309913,4.64021e-07,1.0,0.34234234234234234
0.467011,0.223076,0.309913,4.36811e-07,1.0,0.3433433433433433
0.467012,0.223074,0.309914,4.11242e-07,1.0,0.34434434434434436
0.467014,0.223072,0.309914,3.87211e-07,1.0,0.34534534534534533
0.467015,0.22307,0.309914,3.64624e-07,1.0,0.3463463463463463
0.467017,0.223069,0.309914,3.43389e-07,1.0,0.34734734734734735
0.467019,0.223067,0.309914,3.23424e-07,1.0,0.3483483483483483
0.467021,0.223066,0.309914,3.0465e-07,1.0,0.3493493493493493
0.467023,0.223064,0.309913,2.86994e-07,1.0,0.35035035035035034
0.467025,0.223063,0.309913,2.70387e-07,1.0,0.3513513513513513
0.467027,0.223061,0.309912,2.54765e-07,1.0,0.35235235235235235
0.467029,0.22306,0.309911,2.40068e-07,1.0,0.3533533533533534
0.467031,0.223058,0.309911,2.2624e-07,1.0,0.35435435435435436
0.467034,0.223057,0.30991,2.13227e-07,1.0,0.35535535535535534
0.467036,0.223055,0.309909,2.00981e-07,1.0,0.3563563563563564
0.467038,0.223054,0.309908,1.89454e-07,1.0,0.35735735735735735
0.467041,0.223052,0.309907,1.78603e-07,1.0,0.35835835835835833
0.467043,0.22305,0.309907,1.68388e-07,1.0,0.35935935935935936
0.467045,0.223049,0.309906,1.58771e-07,1.0,0.36036036036036034
0.467047,0.223047,0.309905,1.49715e-07,1.0,0.3613613613613613
0.46705,0.223045,0.309905,1.41186e-07,1.0,0.36236236236236236
0.467052,0.223044,0.309905,1.33154e-07,1.0,0.36336336336336333
0.467054,0.223042,0.309904,1.25589e-07,1.0,0.3643643643643643
0.467056,0.22304,0.309904,1.18462e-07,1.0,0.36536536536536535
0.467058,0.223038,0.309904,1.11748e-07,1.0,0.3663663663663663
0.467061,0.223036,0.309904,1.05422e-07,1.0,0.3673673673673673
0.467063,0.223034,0.309904,9.94621e-08,1.0,0.3683683683683684
0.467065,0.223032,0.309904,9.38455e-08,1.0,0.36936936936936937
0.467067,0.22303,0.309904,8.85523e-08,1.0,0.37037037037037035
0.467069,0.223027,0.309904,8.35635e-08,1.0,0.3713713713713714
0.467071,0.223025,0.309904,7.88611e-08,1.0,0.37237237237237236
0.467073,0.223023,0.309904,7.44283e-08,1.0,0.37337337337337334
0.467075,0.223021,0.309905,7.02493e-08,1.0,0.3743743743743744
0.467077,0.223018,0.309905,6.63094e-08,1.0,0.37537537537537535
0.467079,0.223016,0.309905,6.25944e-08,1.0,0.3763763763763764
0.46708,0.223014,0.309906,5.90914e-08,1.0,0.37737737737737737
0.467082,0.223011,0.309906,5.57878e-08,1.0,0.37837837837837834
0.467084,0.223009,0.309907,5.26722e-08,1.0,0.3793793793793794
0.467086,0.223006,0.309908,4.97337e-08,1.0,0.38038038038038036
0.467088,0.223004,0.309908,4.69619e-08,1.0,0.38138138138138133
0.46709,0.223002,0.309909,4.43472e-08,1.0,0.38238238238238237
0.467091,0.222999,0.309909,4.18806e-08,1.0,0.3833833833833834
0.467093,0.222997,0.30991,3.95534e-08,1.0,0.3843843843843844
0.467095,0.222994,0.309911,3.73577e-08,1.0,0.3853853853853854
0.467097,0.222992,0.309911,3.52858e-08,1.0,0.3863863863863864
0.467099,0.222989,0.309912,3.33307e-08,1.0,0.38738738738738737
0.467101,0.222987,0.309912,3.14857e-08,1.0,0.3883883883883884
0.467102,0.222985,0.309913,2.97444e-08,1.0,0.3893893893893894
0.467104,0.222983,0.309913,2.81008e-08,1.0,0.39039039039039036
0.467106,0.22298,0.309914,2.65495e-08,1.0,0.3913913913913914
0.467108,0.222978,0.309914,2.50852e-08,1.0,0.3923923923923924
0.46711,0.222976,0.309914,2.37028e-08,1.0,0.39339339339339335
0.467112,0.222974,0.309914,2.23977e-08,1.0,0.3943943943943944
0.467114,0.222972,0.309914,2.11656e-08,1.0,0.39539539539539537
0.467116,0.22297,0.309914,2.00022e-08,1.0,0.39639639639639634
0.467118,0.222968,0.309914,1.89037e-08,1.0,0.3973973973973974
0.467121,0.222966,0.309914,1.78664e-08,1.0,0.39839839839839836
0.467123,0.222964,0.309914,1.68868e-08,1.0,0.3993993993993994
0.467125,0.222962,0.309913,1.59617e-08,1.0,0.4004004004004004
0.467127,0.22296,0.309913,1.50879e-08,1.0,0.4014014014014014
0.46713,0.222958,0.309913,1.42626e-08,1.0,0.4024024024024024
0.467132,0.222956,0.309912,1.34831e-08,1.0,0.4034034034034034
0.467134,0.222954,0.309912,1.27468e-08,1.0,0.4044044044044044
0.467136,0.222952,0.309911,1.20512e-08,1.0,0.4054054054054054
0.467139,0.22295,0.309911,1.13941e-08,1.0,0.4064064064064064
0.467141,0.222948,0.309911,1.07732e-08,1.0,0.4074074074074074
0.467144,0.222946,0.30991,1.01866e-08,1.0,0.40840840840840836
0.467146,0.222944,0.30991,9.63241e-09,1.0,0.4094094094094094
0.467148,0.222942,0.309909,9.10872e-09,1.0,0.4104104104104104
0.467151,0.22294,0.309909,8.61385e-09,1.0,0.41141141141141135
0.467153,0.222938,0.309909,8.1462e-09,1.0,0.4124124124124124
0.467155,0.222936,0.309908,7.70425e-09,1.0,0.41341341341341337
0.467158,0.222934,0.309908,7.28657e-09,1.0,0.41441441441441446
0.46716,0.222932,0.309908,6.89181e-09,1.0,0.41541541541541543
0.467162,0.22293,0.309908,6.51869e-09,1.0,0.4164164164164164
0.467164,0.222928,0.309908,6.16601e-09,1.0,0.41741741741741745
0.467167,0.222926,0.309908,5.83263e-09,1.0,0.4184184184184184
0.467169,0.222923,0.309908,5.51749e-09,1.0,0.4194194194194194
0.467171,0.222921,0.309908,5.21957e-09,1.0,0.42042042042042044
0.467173,0.222919,0.309908,4.93792e-09,1.0,0.4214214214214214
0.467175,0.222916,0.309908,4.67164e-09,1.0,0.4224224224224224
0.467177,0.222914,0.309909,4.41988e-09,1.0,0.42342342342342343
0.46718,0.222912,0.309909,4.18184e-09,1.0,0.4244244244244244
0.467182,0.222909,0.309909,3.95676e-09,1.0,0.4254254254254254
0.467184,0.222907,0.30991,3.74393e-09,1.0,0.4264264264264264
0.467186,0.222904,0.30991,3.54267e-09,1.0,0.4274274274274274
0.467188,0.222902,0.30991,3.35234e-09,1.0,0.4284284284284284
0.46719,0.222899,0.309911,3.17235e-09,1.0,0.4294294294294294
0.467192,0.222896,0.309911,3.00212e-09,1.0,0.43043043043043044
0.467194,0.222894,0.309912,2.84113e-09,1.0,0.4314314314314314
0.467197,0.222891,0.309912,2.68885e-09,1.0,0.43243243243243246
0.467199,0.222889,0.309913,2.54482e-09,1.0,0.43343343343343343
0.467201,0.222886,0.309913,2.40859e-09,1.0,0.4344344344344344
0.467203,0.222883,0.309913,2.27972e-09,1.0,0.43543543543543545
0.467206,0.222881,0.309914,2.15782e-09,1.0,0.4364364364364364
0.467208,0.222878,0.309914,2.0425e-09,1.0,0.4374374374374374
0.46721,0.222875,0.309914,1.9334e-09,1.0,0.43843843843843844
0.467213,0.222873,0.309915,1.83018e-09,1.0,0.4394394394394394
0.467215,0.22287,0.309915,1.73253e-09,1.0,0.4404404404404404
0.467217,0.222868,0.309915,1.64015e-09,1.0,0.44144144144144143
0.46722,0.222865,0.309915,1.55273e-09,1.0,0.4424424424424424
0.467222,0.222862,0.309915,1.47002e-09,1.0,0.4434434434434434
0.467225,0.22286,0.309915,1.39175e-09,1.0,0.4444444444444444
0.467227,0.222857,0.309915,1.31769e-09,1.0,0.4454454454454454
0.46723,0.222855,0.309915,1.24761e-09,1.0,0.44644644644644643
0.467233,0.222852,0.309915,1.18129e-09,1.0,0.44744744744744747
0.467235,0.22285,0.309915,1.11852e-09,1.0,0.44844844844844844
0.467238,0.222847,0.309915,1.05912e-09,1.0,0.4494494494494494
0.467241,0.222845,0.309915,1.00291e-09,1.0,0.45045045045045046
0.467244,0.222842,0.309914,9.497e-10,1.0,0.45145145145145144
0.467246,0.22284,0.309914,8.99341e-10,1.0,0.4524524524524524
0.467249,0.222837,0.309914,8.51676e-10,1.0,0.45345345345345345
0.467252,0.222835,0.309913,8.06559e-10,1.0,0.4544544544544544
0.467255,0.222832,0.309913,7.63852e-10,1.0,0.45545545545545546
0.467258,0.22283,0.309913,7.23426e-10,1.0,0.45645645645645644
0.46726,0.222827,0.309912,6.85157e-10,1.0,0.4574574574574574
0.467263,0.222825,0.309912,6.4893e-10,1.0,0.45845845845845845
0.467266,0.222822,0.309912,6.14635e-10,1.0,0.45945945945945943
0.467269,0.22282,0.309911,5.82166e-10,1.0,0.4604604604604604
0.467272,0.222817,0.309911,5.51427e-10,1.0,0.4614614614614615
0.467274,0.222815,0.309911,5.22324e-10,1.0,0.4624624624624625
0.467276,0.222813,0.30991,4.9477e-10,1.0,0.46346346346346345
0.467276,0.222814,0.30991,4.6868e-10,1.0,0.4644644644644645
0.467267,0.222824,0.309909,4.43978e-10,1.0,0.46546546546546547
0.46722,0.222873,0.309908,4.20588e-10,1.0,0.46646646646646645
0.467018,0.223081,0.309901,3.9844e-10,1.0,0.4674674674674675
0.466181,0.22394,0.309878,3.77469e-10,1.0,0.46846846846846846
0.462687,0.227496,0.309817,3.57617e-10,1.0,0.46946946946946944
0.447443,0.242403,0.310154,3.38845e-10,1.0,0.47047047047047047
0.386594,0.295289,0.318116,3.21103e-10,1.0,0.47147147147147145
0.310053,0.355138,0.334809,3.03e-10,1.0,0.4724724724724724
0.300039,0.362681,0.337281,2.82083e-10,1.0,0.47347347347347346
0.3,0.362712,0.337288,2.59887e-10,1.0,0.47447447447447444
0.3,0.362713,0.337287,2.38041e-10,1.0,0.4754754754754754
0.3,0.362713,0.337287,2.17316e-10,1.0,0.47647647647647645
0.3,0.362713,0.337287,1.98028e-10,1.0,0.4774774774774775
0.3,0.362713,0.337287,1.80267e-10,1.0,0.47847847847847846
0.3,0.362713,0.337287,1.64007e-10,1.0,0.4794794794794795
0.3,0.362713,0.337287,1.4917e-10,1.0,0.4804804804804805
0.3,0.362713,0.337287,1.35657e-10,1.0,0.48148148148148145
0.3,0.362713,0.337287,1.23363e-10,1.0,0.4824824824824825
0.3,0.362713,0.337287,1.12183e-10,1.0,0.48348348348348347
0.3,0.362713,0.337287,1.0202e-10,1.0,0.48448448448448445
0.3,0.362713,0.337287,9.2783e-11,1.0,0.4854854854854855
0.3,0.362713,0.337287,8.4387e-11,1.0,0.48648648648648646
0.3,0.362713,0.337287,7.6755e-11,1.0,0.48748748748748744
0.3,0.362713,0.337287,6.9818e-11,1.0,0.48848848848848847
0.3,0.362713,0.337287,6.3513e-11,1.0,0.48948948948948945
0.3,0.362713,0.337287,5.7781e-11,1.0,0.4904904904904904
0.3,0.362713,0.337287,5.2569e-11,1.0,0.49149149149149146
0.3,0.362713,0.337287,4.7831e-11,1.0,0.49249249249249244
0.3,0.362713,0.337287,4.3523e-11,1.0,0.49349349349349353
0.3,0.362713,0.337287,3.9605e-11,1.0,0.4944944944944945
0.3,0.362713,0.337287,3.6042e-11,1.0,0.4954954954954955
0.3,0.362713,0.337287,3.2802e-11,1.0,0.4964964964964965
0.3,0.362713,0.337287,2.9855e-11,1.0,0.4974974974974975
0.3,0.362713,0.337287,2.7174e-11,1.0,0.4984984984984985
0.3,0.362713,0.337287,2.4736e-11,1.0,0.4994994994994995
0.3,0.362713,0.337287,2.2518e-11,1.0,0.5005005005005005
0.3,0.362713,0.337287,2.0499e-11,1.0,0.5015015015015015
0.3,0.362713,0.337287,1.8663e-11,1.0,0.5025025025025025
0.3,0.362713,0.337287,1.6992e-11,1.0,0.5035035035035035
0.3,0.362713,0.337287,1.5472e-11,1.0,0.5045045045045045
0.3,0.362713,0.337287,1.4088e-11,1.0,0.5055055055055055
0.3,0.362713,0.337287,1.2829e-11,1.0,0.5065065065065065
0.3,0.362713,0.337287,1.1683e-11,1.0,0.5075075075075075
0.3,0.362713,0.337287,1.064e-11,1.0,0.5085085085085085
0.3,0.362713,0.337287,9.691e-12,1.0,0.5095095095095095
0.3,0.362713,0.337287,8.827e-12,1.0,0.5105105105105104
0.3,0.362713,0.337287,8.04e-12,1.0,0.5115115115115115
0.3,0.362713,0.337287,7.324e-12,1.0,0.5125125125125125
0.3,0.362713,0.337287,6.671e-12,1.0,0.5135135135135135
0.3,0.362713,0.337287,6.078e-12,1.0,0.5145145145145145
0.3,0.362713,0.337287,5.537e-12,1.0,0.5155155155155154
0.3,0.362713,0.337287,5.045e-12,1.0,0.5165165165165165
0.3,0.362713,0.337287,4.596e-12,1.0,0.5175175175175175
0.3,0.362713,0.337287,4.188e-12,1.0,0.5185185185185185
0.3,0.362713,0.337287,3.816e-12,1.0,0.5195195195195195
0.3,0.362713,0.337287,3.478e-12,1.0,0.5205205205205206
0.3,0.362713,0.337287,3.169e-12,1.0,0.5215215215215215
0.3,0.362713,0.337287,2.888e-12,1.0,0.5225225225225225
0.3,0.362712,0.337288,2.632e-12,1.0,0.5235235235235235
0.3,0.362712,0.337288,2.399e-12,1.0,0.5245245245245245
0.3,0.362712,0.337288,2.187e-12,1.0,0.5255255255255256
0.3,0.362712,0.337288,1.993e-12,1.0,0.5265265265265265
0.3,0.362712,0.337288,1.817e-12,1.0,0.5275275275275275
0.3,0.362712,0.337288,1.656e-12,1.0,0.5285285285285285
0.3,0.362712,0.337288,1.51e-12,1.0,0.5295295295295295
0.3,0.362712,0.337288,1.376e-12,1.0,0.5305305305305306
0.3,0.362712,0.337288,1.255e-12,1.0,0.5315315315315315
0.3,0.362712,0.337288,1.144e-12,1.0,0.5325325325325325
0.3,0.362712,0.337288,1.043e-12,1.0,0.5335335335335335
0.3,0.362712,0.337288,9.51e-13,1.0,0.5345345345345345
0.3,0.362712,0.337288,8.67e-13,1.0,0.5355355355355355
0.3,0.362712,0.337288,7.91e-13,1.0,0.5365365365365365
0.3,0.362712,0.337288,7.21e-13,1.0,0.5375375375375375
0.3,0.362712,0.337288,6.58e-13,1.0,0.5385385385385385
0.3,0.362712,0.337288,6e-13,1.0,0.5395395395395395
0.3,0.362712,0.337288,5.47e-13,1.0,0.5405405405405405
0.3,0.362712,0.337288,4.99e-13,1.0,0.5415415415415414
0.3,0.362712,0.337288,4.55e-13,1.0,0.5425425425425425
0.3,0.362712,0.337288,4.15e-13,1.0,0.5435435435435435
0.3,0.362712,0.337288,3.78e-13,1.0,0.5445445445445445
0.3,0.362712,0.337288,3.45e-13,1.0,0.5455455455455455
0.3,0.362712,0.337288,3.15e-13,1.0,0.5465465465465464
0.3,0.362712,0.337288,2.87e-13,1.0,0.5475475475475474
0.3,0.362712,0.337288,2.62e-13,1.0,0.5485485485485486
0.3,0.362712,0.337288,2.39e-13,1.0,0.5495495495495496
0.3,0.362712,0.337288,2.18e-13,1.0,0.5505505505505506
0.3,0.362712,0.337288,1.99e-13,1.0,0.5515515515515516
0.3,0.362712,0.337288,1.82e-13,1.0,0.5525525525525525
0.3,0.362712,0.337288,1.66e-13,1.0,0.5535535535535536
0.3,0.362712,0.337288,1.51e-13,1.0,0.5545545545545546
0.3,0.362712,0.337288,1.38e-13,1.0,0.5555555555555556
0.3,0.362712,0.337288,1.26e-13,1.0,0.5565565565565566
0.3,0.362712,0.337288,1.15e-13,1.0,0.5575575575575575
0.3,0.362712,0.337288,1.05e-13,1.0,0.5585585585585585
0.3,0.362712,0.337288,9.6e-14,1.0,0.5595595595595596
0.3,0.362712,0.337288,8.7e-14,1.0,0.5605605605605606
0.3,0.362712,0.337288,8e-14,1.0,0.5615615615615616
0.3,0.362713,0.337287,7.3e-14,1.0,0.5625625625625625
0.3,0.362713,0.337287,6.6e-14,1.0,0.5635635635635635
0.3,0.362713,0.337287,6.1e-14,1.0,0.5645645645645645
0.3,0.362713,0.337287,5.5e-14,1.0,0.5655655655655656
0.3,0.362713,0.337287,5e-14,1.0,0.5665665665665666
0.3,0.362713,0.337287,4.6e-14,1.0,0.5675675675675675
0.3,0.362713,0.337287,4.2e-14,1.0,0.5685685685685685
0.3,0.362713,0.337287,3.8e-14,1.0,0.5695695695695695
0.3,0.362713,0.337287,3.5e-14,1.0,0.5705705705705705
0.3,0.362714,0.337286,3.2e-14,1.0,0.5715715715715716
0.3,0.362714,0.337286,2.9e-14,1.0,0.5725725725725725
0.3,0.362714,0.337286,2.7e-14,1.0,0.5735735735735735
0.3,0.362714,0.337286,2.4e-14,1.0,0.5745745745745745
0.3,0.362714,0.337286,2.2e-14,1.0,0.5755755755755755
0.3,0.362715,0.337285,2e-14,1.0,0.5765765765765765
0.3,0.362715,0.337285,1.8e-14,1.0,0.5775775775775776
0.3,0.362715,0.337285,1.7e-14,1.0,0.5785785785785786
0.3,0.362715,0.337285,1.5e-14,1.0,0.5795795795795796
0.3,0.362716,0.337284,1.4e-14,1.0,0.5805805805805806
0.3,0.362716,0.337284,1.3e-14,1.0,0.5815815815815816
0.3,0.362716,0.337284,1.2e-14,1.0,0.5825825825825826
0.3,0.362717,0.337283,1.1e-14,1.0,0.5835835835835836
0.3,0.362717,0.337283,1e-14,1.0,0.5845845845845846
0.3,0.362717,0.337283,9e-15,1.0,0.5855855855855856
0.3,0.362717,0.337283,8e-15,1.0,0.5865865865865866
0.3,0.362718,0.337282,7e-15,1.0,0.5875875875875876
0.3,0.362718,0.337282,7e-15,1.0,0.5885885885885885
0.3,0.362718,0.337282,6e-15,1.0,0.5895895895895896
0.3,0.362719,0.337281,6e-15,1.0,0.5905905905905906
0.3,0.362719,0.337281,5e-15,1.0,0.5915915915915916
0.3,0.362719,0.337281,5e-15,1.0,0.5925925925925926
0.3,0.36272,0.33728,4e-15,1.0,0.5935935935935935
0.3,0.36272,0.33728,4e-15,1.0,0.5945945945945946
0.3,0.36272,0.33728,4e-15,1.0,0.5955955955955956
0.3,0.36272,0.33728,3e-15,1.0,0.5965965965965966
0.3,0.36272,0.33728,3e-15,1.0,0.5975975975975976
0.3,0.362721,0.337279,3e-15,1.0,0.5985985985985985
0.3,0.362721,0.337279,3e-15,1.0,0.5995995995995995
0.3,0.362721,0.337279,2e-15,1.0,0.6006006006006006
0.3,0.362721,0.337279,2e-15,1.0,0.6016016016016016
0.3,0.362721,0.337279,2e-15,1.0,0.6026026026026026
0.3,0.362721,0.337279,2e-15,1.0,0.6036036036036035
0.3,0.362721,0.337279,2e-15,1.0,0.6046046046046045
0.3,0.362721,0.337279,1e-15,1.0,0.6056056056056055
0.3,0.362721,0.337279,1e-15,1.0,0.6066066066066066
0.3,0.362721,0.337279,1e-15,1.0,0.6076076076076076
0.3,0.362721,0.337279,1e-15,1.0,0.6086086086086085
0.3,0.362721,0.337279,1e-15,1.0,0.6096096096096095
0.3,0.362721,0.337279,1e-15,1.0,0.6106106106106106
0.3,0.362721,0.337279,1e-15,1.0,0.6116116116116116
0.3,0.362721,0.337279,1e-15,1.0,0.6126126126126127
0.3,0.362721,0.337279,1e-15,1.0,0.6136136136136137
0.3,0.362721,0.337279,1e-15,1.0,0.6146146146146146
0.3,0.362721,0.337279,1e-15,1.0,0.6156156156156156
0.3,0.362721,0.337279,1e-15,1.0,0.6166166166166166
0.3,0.362721,0.337279,0.0,1.0,0.6176176176176176
0.3,0.362721,0.337279,0.0,1.0,0.6186186186186187
0.3,0.362721,0.337279,0.0,1.0,0.6196196196196196
0.3,0.362721,0.337279,0.0,1.0,0.6206206206206206
0.3,0.362721,0.337279,0.0,1.0,0.6216216216216216
0.3,0.362721,0.337279,0.0,1.0,0.6226226226226226
0.3,0.362721,0.337279,0.0,1.0,0.6236236236236236
0.3,0.362721,0.337279,0.0,1.0,0.6246246246246246
0.3,0.362722,0.337278,0.0,1.0,0.6256256256256256
0.3,0.362742,0.337258,0.0,1.0,0.6266266266266266
0.3,0.363492,0.336508,0.0,1.0,0.6276276276276276
0.3,0.39984,0.30016,0.0,1.0,0.6286286286286286
0.3,0.687846,0.0121536,0.0,1.0,0.6296296296296295
0.3,0.7,0.0,0.0,1.0,0.6306306306306306
0.3,0.7,0.0,0.0,1.0,0.6316316316316316
0.3,0.7,0.0,0.0,1.0,0.6326326326326326
0.3,0.7,0.0,0.0,1.0,0.6336336336336336
0.3,0.7,0.0,0.0,1.0,0.6346346346346345
0.3,0.7,0.0,0.0,1.0,0.6356356356356356
0.3,0.7,0.0,0.0,1.0,0.6366366366366366
0.3,0.7,0.0,0.0,1.0,0.6376376376376376
0.3,0.7,0.0,0.0,1.0,0.6386386386386386
0.3,0.7,0.0,0.0,1.0,0.6396396396396395
0.3,0.7,0.0,0.0,1.0,0.6406406406406405
0.3,0.7,0.0,0.0,1.0,0.6416416416416417
0.3,0.7,0.0,0.0,1.0,0.6426426426426427
0.3,0.7,0.0,0.0,1.0,0.6436436436436437
0.3,0.7,0.0,0.0,1.0,0.6446446446446447
0.3,0.7,0.0,0.0,1.0,0.6456456456456456
0.3,0.7,0.0,0.0,1.0,0.6466466466466466
0.3,0.7,0.0,0.0,1.0,0.6476476476476477
0.3,0.7,0.0,0.0,1.0,0.6486486486486487
0.3,0.7,0.0,0.0,1.0,0.6496496496496497
0.3,0.7,0.0,0.0,1.0,0.6506506506506506
0.3,0.7,0.0,0.0,1.0,0.6516516516516516
0.3,0.7,0.0,0.0,1.0,0.6526526526526526
0.3,0.7,0.0,0.0,1.0,0.6536536536536537
0.3,0.7,0.0,0.0,1.0,0.6546546546546547
0.3,0.7,0.0,0.0,1.0,0.6556556556556556
0.3,0.7,0.0,0.0,1.0,0.6566566566566566
0.3,0.7,0.0,0.0,1.0,0.6576576576576576
0.3,0.7,0.0,0.0,1.0,0.6586586586586586
0.3,0.7,0.0,0.0,1.0,0.6596596596596597
0.3,0.7,0.0,0.0,1.0,0.6606606606606606
0.3,0.7,0.0,0.0,1.0,0.6616616616616616
0.3,0.7,0.0,0.0,1.0,0.6626626626626626
0.3,0.7,0.0,0.0,1.0,0.6636636636636636
0.3,0.7,0.0,0.0,1.0,0.6646646646646646
0.3,0.7,0.0,0.0,1.0,0.6656656656656657
0.3,0.7,0.0,0.0,1.0,0.6666666666666666
0.3,0.7,0.0,0.0,1.0,0.6676676676676676
0.3,0.7,0.0,0.0,1.0,0.6686686686686686
0.3,0.7,0.0,0.0,1.0,0.6696696696696696
0.3,0.7,0.0,0.0,1.0,0.6706706706706707
0.3,0.7,0.0,0.0,1.0,0.6716716716716717
0.3,0.7,0.0,0.0,1.0,0.6726726726726727
0.3,0.7,0.0,0.0,1.0,0.6736736736736737
0.3,0.7,0.0,0.0,1.0,0.6746746746746747
0.3,0.7,0.0,0.0,1.0,0.6756756756756757
0.3,0.7,0.0,0.0,1.0,0.6766766766766767
0.3,0.7,0.0,0.0,1.0,0.6776776776776777
0.3,0.7,0.0,0.0,1.0,0.6786786786786787
0.3,0.7,0.0,0.0,1.0,0.6796796796796797
0.3,0.7,0.0,0.0,1.0,0.6806806806806807
0.3,0.7,0.0,0.0,1.0,0.6816816816816816
0.3,0.7,0.0,0.0,1.0,0.6826826826826827
0.3,0.7,0.0,0.0,1.0,0.6836836836836837
0.3,0.7,0.0,0.0,1.0,0.6846846846846847
0.3,0.7,0.0,0.0,1.0,0.6856856856856857
0.3,0.7,0.0,0.0,1.0,0.6866866866866866
0.3,0.7,0.0,0.0,1.0,0.6876876876876876
0.3,0.7,0.0,0.0,1.0,0.6886886886886887
0.3,0.7,0.0,0.0,1.0,0.6896896896896897
0.3,0.7,0.0,0.0,1.0,0.6906906906906907
0.3,0.7,0.0,0.0,1.0,0.6916916916916916
0.3,0.7,0.0,0.0,1.0,0.6926926926926926
0.3,0.7,0.0,0.0,1.0,0.6936936936936936
0.3,0.7,0.0,0.0,1.0,0.6946946946946947
0.3,0.7,0.0,0.0,1.0,0.6956956956956957
0.3,0.7,0.0,0.0,1.0,0.6966966966966966
0.3,0.7,0.0,0.0,1.0,0.6976976976976976
0.3,0.7,0.0,0.0,1.0,0.6986986986986986
0.3,0.7,0.0,0.0,1.0,0.6996996996996996
0.3,0.7,0.0,0.0,1.0,0.7007007007007007
0.3,0.7,0.0,0.0,1.0,0.7017017017017017
0.3,0.7,0.0,0.0,1.0,0.7027027027027026
0.3,0.7,0.0,0.0,1.0,0.7037037037037037
0.3,0.7,0.0,0.0,1.0,0.7047047047047047
0.3,0.7,0.0,0.0,1.0,0.7057057057057057
0.3,0.7,0.0,0.0,1.0,0.7067067067067068
0.3,0.7,0.0,0.0,1.0,0.7077077077077077
0.3,0.7,0.0,0.0,1.0,0.7087087087087087
0.3,0.7,0.0,0.0,1.0,0.7097097097097097
0.3,0.7,0.0,0.0,1.0,0.7107107107107107
0.3,0.7,0.0,0.0,1.0,0.7117117117117118
0.3,0.7,0.0,0.0,1.0,0.7127127127127127
0.3,0.7,0.0,0.0,1.0,0.7137137137137137
0.3,0.7,0.0,0.0,1.0,0.7147147147147147
0.3,0.7,0.0,0.0,1.0,0.7157157157157157
0.3,0.7,0.0,0.0,1.0,0.7167167167167167
0.3,0.7,0.0,0.0,1.0,0.7177177177177178
0.3,0.7,0.0,0.0,1.0,0.7187187187187187
0.3,0.7,0.0,0.0,1.0,0.7197197197197197
0.3,0.7,0.0,0.0,1.0,0.7207207207207207
0.3,0.7,0.0,0.0,1.0,0.7217217217217217
0.3,0.7,0.0,0.0,1.0,0.7227227227227226
0.3,0.7,0.0,0.0,1.0,0.7237237237237237
0.3,0.7,0.0,0.0,1.0,0.7247247247247247
0.3,0.7,0.0,0.0,1.0,0.7257257257257257
0.3,0.7,0.0,0.0,1.0,0.7267267267267267
0.3,0.7,0.0,0.0,1.0,0.7277277277277276
0.3,0.7,0.0,0.0,1.0,0.7287287287287286
0.3,0.7,0.0,0.0,1.0,0.7297297297297297
0.3,0.7,0.0,0.0,1.0,0.7307307307307307
0.3,0.7,0.0,0.0,1.0,0.7317317317317317
0.3,0.7,0.0,0.0,1.0,0.7327327327327327
0.3,0.7,0.0,0.0,1.0,0.7337337337337336
0.3,0.7,0.0,0.0,1.0,0.7347347347347346
0.3,0.7,0.0,0.0,1.0,0.7357357357357358
0.3,0.7,0.0,0.0,1.0,0.7367367367367368
0.3,0.7,0.0,0.0,1.0,0.7377377377377378
0.3,0.7,0.0,0.0,1.0,0.7387387387387387
0.3,0.7,0.0,0.0,1.0,0.7397397397397397
0.3,0.7,0.0,0.0,1.0,0.7407407407407407
0.3,0.7,0.0,0.0,1.0,0.7417417417417418
0.3,0.7,0.0,0.0,1.0,0.7427427427427428
0.3,0.7,0.0,0.0,1.0,0.7437437437437437
0.3,0.7,0.0,0.0,1.0,0.7447447447447447
0.3,0.7,0.0,0.0,1.0,0.7457457457457457
0.3,0.7,0.0,0.0,1.0,0.7467467467467467
0.3,0.7,0.0,0.0,1.0,0.7477477477477478
0.3,0.7,0.0,0.0,1.0,0.7487487487487487
0.3,0.7,0.0,0.0,1.0,0.7497497497497497
0.3,0.7,0.0,0.0,1.0,0.7507507507507507
0.3,0.7,0.0,0.0,1.0,0.7517517517517517
0.3,0.7,0.0,0.0,1.0,0.7527527527527528
0.3,0.7,0.0,0.0,1.0,0.7537537537537538
0.3,0.7,0.0,0.0,1.0,0.7547547547547547
0.3,0.7,0.0,0.0,1.0,0.7557557557557557
0.3,0.7,0.0,0.0,1.0,0.7567567567567567
0.3,0.7,0.0,0.0,1.0,0.7577577577577577
0.3,0.7,0.0,0.0,1.0,0.7587587587587588
0.3,0.7,0.0,0.0,1.0,0.7597597597597597
0.3,0.7,0.0,0.0,1.0,0.7607607607607607
0.3,0.7,0.0,0.0,1.0,0.7617617617617617
0.3,0.7,0.0,0.0,1.0,0.7627627627627627
0.3,0.7,0.0,0.0,1.0,0.7637637637637636
0.3,0.7,0.0,0.0,1.0,0.7647647647647647
0.3,0.7,0.0,0.0,1.0,0.7657657657657658
0.3,0.7,0.0,0.0,1.0,0.7667667667667668
0.3,0.7,0.0,0.0,1.0,0.7677677677677678
0.3,0.7,0.0,0.0,1.0,0.7687687687687688
0.3,0.7,0.0,0.0,1.0,0.7697697697697697
0.3,0.7,0.0,0.0,1.0,0.7707707707707708
0.3,0.7,0.0,0.0,1.0,0.7717717717717718
0.3,0.7,0.0,0.0,1.0,0.7727727727727728
0.3,0.7,0.0,0.0,1.0,0.7737737737737738
0.3,0.7,0.0,0.0,1.0,0.7747747747747747
0.3,0.7,0.0,0.0,1.0,0.7757757757757757
0.3,0.7,0.0,0.0,1.0,0.7767767767767768
0.3,0.7,0.0,0.0,1.0,0.7777777777777778
0.3,0.7,0.0,0.0,1.0,0.7787787787787788
0.3,0.7,0.0,0.0,1.0,0.7797797797797797
0.3,0.7,0.0,0.0,1.0,0.7807807807807807
0.3,0.7,0.0,0.0,1.0,0.7817817817817817
0.3,0.7,0.0,0.0,1.0,0.7827827827827828
0.3,0.7,0.0,0.0,1.0,0.7837837837837838
0.3,0.7,0.0,0.0,1.0,0.7847847847847848
0.3,0.7,0.0,0.0,1.0,0.7857857857857857
0.3,0.7,0.0,0.0,1.0,0.7867867867867867
0.3,0.7,0.0,0.0,1.0,0.7877877877877877
0.3,0.7,0.0,0.0,1.0,0.7887887887887888
0.3,0.7,0.0,0.0,1.0,0.7897897897897898
0.3,0.7,0.0,0.0,1.0,0.7907907907907907
0.3,0.7,0.0,0.0,1.0,0.7917917917917917
0.3,0.7,0.0,0.0,1.0,0.7927927927927927
0.3,0.7,0.0,0.0,1.0,0.7937937937937938
0.3,0.7,0.0,0.0,1.0,0.7947947947947948
0.3,0.7,0.0,0.0,1.0,0.7957957957957957
0.3,0.7,0.0,0.0,1.0,0.7967967967967967
0.3,0.7,0.0,0.0,1.0,0.7977977977977978
0.3,0.7,0.0,0.0,1.0,0.7987987987987988
0.3,0.7,0.0,0.0,1.0,0.7997997997997999
0.3,0.7,0.0,0.0,1.0,0.8008008008008008
0.3,0.7,0.0,0.0,1.0,0.8018018018018018
0.3,0.7,0.0,0.0,1.0,0.8028028028028028
0.3,0.7,0.0,0.0,1.0,0.8038038038038038
0.3,0.7,0.0,0.0,1.0,0.8048048048048048
0.3,0.7,0.0,0.0,1.0,0.8058058058058059
0.3,0.7,0.0,0.0,1.0,0.8068068068068068
0.3,0.7,0.0,0.0,1.0,0.8078078078078078
0.3,0.7,0.0,0.0,1.0,0.8088088088088088
0.3,0.7,0.0,0.0,1.0,0.8098098098098098
0.3,0.7,0.0,0.0,1.0,0.8108108108108107
0.3,0.7,0.0,0.0,1.0,0.8118118118118118
0.3,0.7,0.0,0.0,1.0,0.8128128128128128
0.3,0.7,0.0,0.0,1.0,0.8138138138138138
0.3,0.7,0.0,0.0,1.0,0.8148148148148148
0.3,0.7,0.0,0.0,1.0,0.8158158158158157
0.3,0.7,0.0,0.0,1.0,0.8168168168168167
0.3,0.7,0.0,0.0,1.0,0.8178178178178178
0.3,0.7,0.0,0.0,1.0,0.8188188188188188
0.3,0.7,0.0,0.0,1.0,0.8198198198198198
0.3,0.7,0.0,0.0,1.0,0.8208208208208208
0.3,0.7,0.0,0.0,1.0,0.8218218218218217
0.3,0.7,0.0,0.0,1.0,0.8228228228228227
0.3,0.7,0.0,0.0,1.0,0.8238238238238238
0.3,0.7,0.0,0.0,1.0,0.8248248248248248
0.3,0.7,0.0,0.0,1.0,0.8258258258258258
0.3,0.7,0.0,0.0,1.0,0.8268268268268267
0.3,0.7,0.0,0.0,1.0,0.8278278278278277
0.3,0.7,0.0,0.0,1.0,0.8288288288288289
0.3,0.7,0.0,0.0,1.0,0.8298298298298299
0.3,0.7,0.0,0.0,1.0,0.8308308308308309
0.3,0.7,0.0,0.0,1.0,0.8318318318318318
0.3,0.7,0.0,0.0,1.0,0.8328328328328328
0.3,0.7,0.0,0.0,1.0,0.8338338338338338
0.3,0.7,0.0,0.0,1.0,0.8348348348348349
0.3,0.7,0.0,0.0,1.0,0.8358358358358359
0.3,0.7,0.0,0.0,1.0,0.8368368368368369
0.3,0.7,0.0,0.0,1.0,0.8378378378378378
0.3,0.7,0.0,0.0,1.0,0.8388388388388388
0.3,0.7,0.0,0.0,1.0,0.8398398398398398
0.3,0.7,0.0,0.0,1.0,0.8408408408408409
0.3,0.7,0.0,0.0,1.0,0.8418418418418419
0.3,0.7,0.0,0.0,1.0,0.8428428428428428
0.3,0.7,0.0,0.0,1.0,0.8438438438438438
0.3,0.7,0.0,0.0,1.0,0.8448448448448448
0.3,0.7,0.0,0.0,1.0,0.8458458458458458
0.3,0.7,0.0,0.0,1.0,0.8468468468468469
0.3,0.7,0.0,0.0,1.0,0.8478478478478478
0.3,0.7,0.0,0.0,1.0,0.8488488488488488
0.3,0.7,0.0,0.0,1.0,0.8498498498498498
0.3,0.7,0.0,0.0,1.0,0.8508508508508508
0.3,0.7,0.0,0.0,1.0,0.8518518518518517
0.3,0.7,0.0,0.0,1.0,0.8528528528528528
0.3,0.7,0.0,0.0,1.0,0.8538538538538538
0.3,0.7,0.0,0.0,1.0,0.8548548548548548
0.3,0.7,0.0,0.0,1.0,0.8558558558558558
0.3,0.7,0.0,0.0,1.0,0.8568568568568568
0.3,0.7,0.0,0.0,1.0,0.8578578578578577
0.3,0.7,0.0,0.0,1.0,0.8588588588588588
0.3,0.7,0.0,0.0,1.0,0.8598598598598599
0.3,0.7,0.0,0.0,1.0,0.8608608608608609
0.3,0.7,0.0,0.0,1.0,0.8618618618618619
0.3,0.7,0.0,0.0,1.0,0.8628628628628628
0.3,0.7,0.0,0.0,1.0,0.8638638638638638
0.3,0.7,0.0,0.0,1.0,0.8648648648648649
0.3,0.7,0.0,0.0,1.0,0.8658658658658659
0.3,0.7,0.0,0.0,1.0,0.8668668668668669
0.3,0.7,0.0,0.0,1.0,0.8678678678678678
0.3,0.7,0.0,0.0,1.0,0.8688688688688688
0.3,0.7,0.0,0.0,1.0,0.8698698698698699
0.3,0.7,0.0,0.0,1.0,0.8708708708708709
0.3,0.7,0.0,0.0,1.0,0.8718718718718719
0.3,0.7,0.0,0.0,1.0,0.8728728728728729
0.3,0.7,0.0,0.0,1.0,0.8738738738738738
0.3,0.7,0.0,0.0,1.0,0.8748748748748748
0.3,0.7,0.0,0.0,1.0,0.8758758758758759
0.3,0.7,0.0,0.0,1.0,0.8768768768768769
0.3,0.7,0.0,0.0,1.0,0.8778778778778779
0.3,0.7,0.0,0.0,1.0,0.8788788788788788
0.3,0.7,0.0,0.0,1.0,0.8798798798798798
0.3,0.7,0.0,0.0,1.0,0.8808808808808808
0.3,0.7,0.0,0.0,1.0,0.8818818818818819
0.3,0.7,0.0,0.0,1.0,0.8828828828828829
0.3,0.7,0.0,0.0,1.0,0.8838838838838838
0.3,0.7,0.0,0.0,1.0,0.8848848848848848
0.3,0.7,0.0,0.0,1.0,0.8858858858858858
0.3,0.7,0.0,0.0,1.0,0.8868868868868868
0.3,0.7,0.0,0.0,1.0,0.8878878878878879
0.3,0.7,0.0,0.0,1.0,0.8888888888888888
0.3,0.7,0.0,0.0,1.0,0.8898898898898898
0.3,0.7,0.0,0.0,1.0,0.8908908908908908
0.3,0.7,0.0,0.0,1.0,0.8918918918918919
0.3,0.7,0.0,0.0,1.0,0.8928928928928929
0.3,0.7,0.0,0.0,1.0,0.893893893893894
0.3,0.7,0.0,0.0,1.0,0.8948948948948949
0.3,0.7,0.0,0.0,1.0,0.8958958958958959
0.3,0.7,0.0,0.0,1.0,0.8968968968968969
0.3,0.7,0.0,0.0,1.0,0.8978978978978979
0.3,0.7,0.0,0.0,1.0,0.8988988988988988
0.3,0.7,0.0,0.0,1.0,0.8998998998998999
0.3,0.7,0.0,0.0,1.0,0.9009009009009009
0.3,0.7,0.0,0.0,1.0,0.9019019019019019
0.3,0.7,0.0,0.0,1.0,0.9029029029029029
0.3,0.7,0.0,0.0,1.0,0.9039039039039038
0.3,0.7,0.0,0.0,1.0,0.9049049049049048
0.3,0.7,0.0,0.0,1.0,0.9059059059059059
0.3,0.7,0.0,0.0,1.0,0.9069069069069069
0.3,0.7,0.0,0.0,1.0,0.9079079079079079
0.3,0.7,0.0,0.0,1.0,0.9089089089089089
0.3,0.7,0.0,0.0,1.0,0.9099099099099098
0.3,0.7,0.0,0.0,1.0,0.9109109109109109
0.3,0.7,0.0,0.0,1.0,0.9119119119119119
0.3,0.7,0.0,0.0,1.0,0.9129129129129129
0.3,0.7,0.0,0.0,1.0,0.9139139139139139
0.3,0.7,0.0,0.0,1.0,0.9149149149149148
0.3,0.7,0.0,0.0,1.0,0.9159159159159158
0.3,0.7,0.0,0.0,1.0,0.9169169169169169
0.3,0.7,0.0,0.0,1.0,0.9179179179179179
0.3,0.7,0.0,0.0,1.0,0.9189189189189189
0.3,0.7,0.0,0.0,1.0,0.9199199199199198
0.3,0.7,0.0,0.0,1.0,0.9209209209209208
0.3,0.7,0.0,0.0,1.0,0.9219219219219218
0.3,0.7,0.0,0.0,1.0,0.922922922922923
0.3,0.7,0.0,0.0,1.0,0.923923923923924
0.3,0.7,0.0,0.0,1.0,0.924924924924925
0.3,0.7,0.0,0.0,1.0,0.9259259259259259
0.3,0.7,0.0,0.0,1.0,0.9269269269269269
0.3,0.7,0.0,0.0,1.0,0.9279279279279279
0.3,0.7,0.0,0.0,1.0,0.928928928928929
0.3,0.7,0.0,0.0,1.0,0.92992992992993
0.3,0.7,0.0,0.0,1.0,0.9309309309309309
0.3,0.7,0.0,0.0,1.0,0.9319319319319319
0.3,0.7,0.0,0.0,1.0,0.9329329329329329
0.3,0.7,0.0,0.0,1.0,0.9339339339339339
0.3,0.7,0.0,0.0,1.0,0.934934934934935
0.3,0.7,0.0,0.0,1.0,0.9359359359359359
0.3,0.7,0.0,0.0,1.0,0.9369369369369369
0.3,0.7,0.0,0.0,1.0,0.9379379379379379
0.3,0.7,0.0,0.0,1.0,0.9389389389389389
0.3,0.7,0.0,0.0,1.0,0.9399399399399399
0.3,0.7,0.0,0.0,1.0,0.9409409409409409
0.3,0.7,0.0,0.0,1.0,0.9419419419419419
0.3,0.7,0.0,0.0,1.0,0.9429429429429429
0.3,0.7,0.0,0.0,1.0,0.9439439439439439
0.3,0.7,0.0,0.0,1.0,0.9449449449449449
0.3,0.7,0.0,0.0,1.0,0.9459459459459458
0.3,0.7,0.0,0.0,1.0,0.9469469469469469
0.3,0.7,0.0,0.0,1.0,0.9479479479479479
0.3,0.7,0.0,0.0,1.0,0.9489489489489489
0.3,0.7,0.0,0.0,1.0,0.9499499499499499
0.3,0.7,0.0,0.0,1.0,0.9509509509509508
0.3,0.7,0.0,0.0,1.0,0.9519519519519519
0.3,0.7,0.0,0.0,1.0,0.9529529529529529
0.3,0.7,0.0,0.0,1.0,0.953953953953954
0.3,0.7,0.0,0.0,1.0,0.954954954954955
0.3,0.7,0.0,0.0,1.0,0.955955955955956
0.3,0.7,0.0,0.0,1.0,0.9569569569569569
0.3,0.7,0.0,0.0,1.0,0.957957957957958
0.3,0.7,0.0,0.0,1.0,0.958958958958959
0.3,0.7,0.0,0.0,1.0,0.95995995995996
0.3,0.7,0.0,0.0,1.0,0.960960960960961
0.3,0.7,0.0,0.0,1.0,0.9619619619619619
0.3,0.7,0.0,0.0,1.0,0.9629629629629629
0.3,0.7,0.0,0.0,1.0,0.963963963963964
0.3,0.7,0.0,0.0,1.0,0.964964964964965
0.3,0.7,0.0,0.0,1.0,0.965965965965966
0.3,0.7,0.0,0.0,1.0,0.9669669669669669
0.3,0.7,0.0,0.0,1.0,0.9679679679679679
0.3,0.7,0.0,0.0,1.0,0.9689689689689689
0.3,0.7,0.0,0.0,1.0,0.96996996996997
0.3,0.7,0.0,0.0,1.0,0.970970970970971
0.3,0.7,0.0,0.0,1.0,0.9719719719719719
0.3,0.7,0.0,0.0,1.0,0.9729729729729729
0.3,0.7,0.0,0.0,1.0,0.9739739739739739
0.3,0.7,0.0,0.0,1.0,0.9749749749749749
0.3,0.7,0.0,0.0,1.0,0.975975975975976
0.3,0.7,0.0,0.0,1.0,0.9769769769769769
0.3,0.7,0.0,0.0,1.0,0.9779779779779779
0.3,0.7,0.0,0.0,1.0,0.9789789789789789
0.3,0.7,0.0,0.0,1.0,0.9799799799799799
0.3,0.7,0.0,0.0,1.0,0.9809809809809809
0.3,0.7,0.0,0.0,1.0,0.9819819819819819
0.3,0.7,0.0,0.0,1.0,0.9829829829829829
0.3,0.7,0.0,0.0,1.0,0.9839839839839839
0.3,0.7,0.0,0.0,1.0,0.9849849849849849
0.3,0.7,0.0,0.0,1.0,0.985985985985986
0.3,0.7,0.0,0.0,1.0,0.9869869869869871
0.3,0.7,0.0,0.0,1.0,0.987987987987988
0.3,0.7,0.0,0.0,1.0,0.988988988988989
0.3,0.7,0.0,0.0,1.0,0.98998998998999
0.3,0.7,0.0,0.0,1.0,0.990990990990991
0.3,0.7,0.0,0.0,1.0,0.991991991991992
0.3,0.7,0.0,0.0,1.0,0.992992992992993
0.3,0.7,0.0,0.0,1.0,0.993993993993994
0.3,0.7,0.0,0.0,1.0,0.994994994994995
0.3,0.7,0.0,0.0,1.0,0.995995995995996
0.3,0.7,0.0,0.0,1.0,0.996996996996997
0.3,0.7,0.0,0.0,1.0,0.9979979979979979
0.3,0.7,0.0,0.0,1.0,0.998998998998999
0.3,0.7,0.0,0.0,1.0,1.0
