Time,"Velocity:0","Velocity:1","Velocity:2","Water_Saturation","Gas_Saturation","Water_Saturation_mean","Gas_Saturation_mean","Oil_Saturation","Oil_Saturation_mean","Gas_Viscosity","Apparent_viscosity","Gas_Mobility","Water_Mobility","Total_Mobility","Gas_Density","Oil_Pressure","Water_Pressure","Permeability","Porosity","Gas_pressure","Points:0","Points:1","Points:2"
1700,1.6157e-05,2.7606e-19,0,0.35891,0.52866,0.35891,0.52866,0.11243,0.11243,0.12882,0.22507,3.1091,1.3328,4.4431,1.165,8.4999e+05,8.4999e+05,-11.555,0.22,8.4999e+05,0,0,0
1700,1.6157e-05,2.7606e-19,0,0.35891,0.52866,0.35891,0.52866,0.11243,0.11243,0.12882,0.22507,3.1091,1.3328,4.4431,1.165,8.4999e+05,8.4999e+05,-11.555,0.22,8.4999e+05,0.004,0,0
1700,1.6157e-05,-1.3803e-19,0,0.35891,0.52866,0.35891,0.52866,0.11243,0.11243,0.12882,0.22507,3.1091,1.3328,4.4431,1.165,8.4999e+05,8.4999e+05,-11.555,0.22,8.4999e+05,0,0.035449,0
1700,1.6157e-05,-1.3803e-19,0,0.35891,0.52866,0.35891,0.52866,0.11243,0.11243,0.12882,0.22507,3.1091,1.3328,4.4431,1.165,8.4999e+05,8.4999e+05,-11.555,0.22,8.4999e+05,0.004,0.035449,0
1700,1.6157e-05,2.7311e-19,0,0.35867,0.52728,0.35843,0.52591,0.11404,0.11566,0.12843,0.22603,3.0973,1.3252,4.4242,1.165,8.469e+05,8.469e+05,-11.555,0.22,8.469e+05,0.004,0,0
1700,1.6157e-05,2.7311e-19,0,0.35819,0.52454,0.35843,0.52591,0.11727,0.11566,0.12843,0.22892,3.0555,1.3101,4.3684,1.165,8.469e+05,8.469e+05,-11.555,0.22,8.469e+05,0.008,0,0
1700,1.6157e-05,-1.3655e-19,0,0.35867,0.52728,0.35843,0.52591,0.11404,0.11566,0.12843,0.22603,3.0973,1.3252,4.4242,1.165,8.469e+05,8.469e+05,-11.555,0.22,8.469e+05,0.004,0.035449,0
1700,1.6157e-05,-1.3655e-19,0,0.35819,0.52454,0.35843,0.52591,0.11727,0.11566,0.12843,0.22892,3.0555,1.3101,4.3684,1.165,8.469e+05,8.469e+05,-11.555,0.22,8.469e+05,0.008,0.035449,0
1700,1.6157e-05,2.6961e-19,0,0.35814,0.52418,0.35786,0.52246,0.11767,0.11968,0.12798,0.2287,3.061,1.3086,4.3726,1.165,8.4377e+05,8.4377e+05,-11.555,0.22,8.4377e+05,0.008,0,0
1700,1.6157e-05,2.6961e-19,0,0.35757,0.52073,0.35786,0.52246,0.1217,0.11968,0.12798,0.23233,3.0088,1.2906,4.3042,1.165,8.4377e+05,8.4377e+05,-11.555,0.22,8.4377e+05,0.012,0,0
1700,1.6157e-05,2.6961e-19,0,0.35814,0.52418,0.35786,0.52246,0.11767,0.11968,0.12798,0.2287,3.061,1.3086,4.3726,1.165,8.4377e+05,8.4377e+05,-11.555,0.22,8.4377e+05,0.008,0.035449,0
1700,1.6157e-05,2.6961e-19,0,0.35757,0.52073,0.35786,0.52246,0.1217,0.11968,0.12798,0.23233,3.0088,1.2906,4.3042,1.165,8.4377e+05,8.4377e+05,-11.555,0.22,8.4377e+05,0.012,0.035449,0
1700,1.6157e-05,-3.9838e-19,0,0.35756,0.52067,0.35727,0.51888,0.12178,0.12386,0.12752,0.23182,3.0187,1.2902,4.3138,1.165,8.406e+05,8.406e+05,-11.555,0.22,8.406e+05,0.012,0,0
1700,1.6157e-05,-3.9838e-19,0,0.35697,0.51708,0.35727,0.51888,0.12594,0.12386,0.12752,0.23561,2.9648,1.2723,4.2443,1.165,8.406e+05,8.406e+05,-11.555,0.22,8.406e+05,0.016,0,0
1700,1.6157e-05,1.1951e-18,0,0.35756,0.52067,0.35727,0.51888,0.12178,0.12386,0.12752,0.23182,3.0187,1.2902,4.3138,1.165,8.406e+05,8.406e+05,-11.555,0.22,8.406e+05,0.012,0.035449,0
1700,1.6157e-05,1.1951e-18,0,0.35697,0.51708,0.35727,0.51888,0.12594,0.12386,0.12752,0.23561,2.9648,1.2723,4.2443,1.165,8.406e+05,8.406e+05,-11.555,0.22,8.406e+05,0.016,0.035449,0
1700,1.6157e-05,-7.851e-19,0,0.35697,0.51702,0.35668,0.51529,0.12601,0.12803,0.12707,0.2351,2.9742,1.272,4.2535,1.165,8.3738e+05,8.3738e+05,-11.555,0.22,8.3738e+05,0.016,0,0
1700,1.6157e-05,-7.851e-19,0,0.3564,0.51355,0.35668,0.51529,0.13005,0.12803,0.12707,0.23881,2.9225,1.2548,4.1874,1.165,8.3738e+05,8.3738e+05,-11.555,0.22,8.3738e+05,0.02,0,0
1700,1.6157e-05,3.9285e-19,0,0.35697,0.51702,0.35668,0.51529,0.12601,0.12803,0.12707,0.2351,2.9742,1.272,4.2535,1.165,8.3738e+05,8.3738e+05,-11.555,0.22,8.3738e+05,0.016,0.035449,0
1700,1.6157e-05,3.9285e-19,0,0.3564,0.51355,0.35668,0.51529,0.13005,0.12803,0.12707,0.23881,2.9225,1.2548,4.1874,1.165,8.3738e+05,8.3738e+05,-11.555,0.22,8.3738e+05,0.02,0.035449,0
1700,1.6157e-05,-3.9533e-22,0,0.35639,0.5135,0.35612,0.51182,0.13011,0.13206,0.12665,0.23832,2.9314,1.2545,4.196,1.165,8.3411e+05,8.3411e+05,-11.555,0.22,8.3411e+05,0.02,0,0
1700,1.6157e-05,-3.9533e-22,0,0.35585,0.51014,0.35612,0.51182,0.13401,0.13206,0.12665,0.24196,2.8817,1.238,4.133,1.165,8.3411e+05,8.3411e+05,-11.555,0.22,8.3411e+05,0.024,0,0
1700,1.6157e-05,3.8673e-19,0,0.35639,0.5135,0.35612,0.51182,0.13011,0.13206,0.12665,0.23832,2.9314,1.2545,4.196,1.165,8.3411e+05,8.3411e+05,-11.555,0.22,8.3411e+05,0.02,0.035449,0
1700,1.6157e-05,3.8673e-19,0,0.35585,0.51014,0.35612,0.51182,0.13401,0.13206,0.12665,0.24196,2.8817,1.238,4.133,1.165,8.3411e+05,8.3411e+05,-11.555,0.22,8.3411e+05,0.024,0.035449,0
1700,1.6157e-05,2.5432e-19,0,0.35584,0.51009,0.35557,0.50846,0.13407,0.13596,0.12626,0.24148,2.89,1.2378,4.1411,1.165,8.308e+05,8.308e+05,-11.555,0.22,8.308e+05,0.024,0,0
1700,1.6157e-05,2.5432e-19,0,0.35531,0.50684,0.35557,0.50846,0.13786,0.13596,0.12626,0.24505,2.8422,1.2219,4.0808,1.165,8.308e+05,8.308e+05,-11.555,0.22,8.308e+05,0.028,0,0
1700,1.6157e-05,-1.2746e-19,0,0.35584,0.51009,0.35557,0.50846,0.13407,0.13596,0.12626,0.24148,2.89,1.2378,4.1411,1.165,8.308e+05,8.308e+05,-11.555,0.22,8.308e+05,0.024,0.035449,0
1700,1.6157e-05,-1.2746e-19,0,0.35531,0.50684,0.35557,0.50846,0.13786,0.13596,0.12626,0.24505,2.8422,1.2219,4.0808,1.165,8.308e+05,8.308e+05,-11.555,0.22,8.308e+05,0.028,0.035449,0
1700,1.6157e-05,-6.277e-19,0,0.3553,0.50679,0.35504,0.50521,0.13791,0.13975,0.12588,0.2446,2.85,1.2217,4.0884,1.165,8.2744e+05,8.2744e+05,-11.555,0.22,8.2744e+05,0.028,0,0
1700,1.6157e-05,-6.277e-19,0,0.35478,0.50363,0.35504,0.50521,0.14158,0.13975,0.12588,0.24809,2.804,1.2063,4.0308,1.165,8.2744e+05,8.2744e+05,-11.555,0.22,8.2744e+05,0.032,0,0
1700,1.6157e-05,5.0216e-19,0,0.3553,0.50679,0.35504,0.50521,0.13791,0.13975,0.12588,0.2446,2.85,1.2217,4.0884,1.165,8.2744e+05,8.2744e+05,-11.555,0.22,8.2744e+05,0.028,0.035449,0
1700,1.6157e-05,5.0216e-19,0,0.35478,0.50363,0.35504,0.50521,0.14158,0.13975,0.12588,0.24809,2.804,1.2063,4.0308,1.165,8.2744e+05,8.2744e+05,-11.555,0.22,8.2744e+05,0.032,0.035449,0
1700,1.6157e-05,-8.6713e-19,0,0.35478,0.50358,0.35453,0.50205,0.14164,0.14342,0.12552,0.24766,2.8112,1.2061,4.0379,1.165,8.2404e+05,8.2404e+05,-11.555,0.22,8.2404e+05,0.032,0,0
1700,1.6157e-05,-8.6713e-19,0,0.35427,0.50053,0.35453,0.50205,0.1452,0.14342,0.12552,0.25108,2.7669,1.1913,3.9827,1.165,8.2404e+05,8.2404e+05,-11.555,0.22,8.2404e+05,0.036,0,0
1700,1.6157e-05,6.1938e-19,0,0.35478,0.50358,0.35453,0.50205,0.14164,0.14342,0.12552,0.24766,2.8112,1.2061,4.0379,1.165,8.2404e+05,8.2404e+05,-11.555,0.22,8.2404e+05,0.032,0.035449,0
1700,1.6157e-05,6.1938e-19,0,0.35427,0.50053,0.35453,0.50205,0.1452,0.14342,0.12552,0.25108,2.7669,1.1913,3.9827,1.165,8.2404e+05,8.2404e+05,-11.555,0.22,8.2404e+05,0.036,0.035449,0
1700,1.6157e-05,-1.2187e-19,0,0.35427,0.50048,0.35402,0.499,0.14525,0.14698,0.12519,0.25066,2.7737,1.1911,3.9894,1.165,8.2059e+05,8.2059e+05,-11.555,0.22,8.2059e+05,0.036,0,0
1700,1.6157e-05,-1.2187e-19,0,0.35378,0.49751,0.35402,0.499,0.14871,0.14698,0.12519,0.25402,2.731,1.1769,3.9366,1.165,8.2059e+05,8.2059e+05,-11.555,0.22,8.2059e+05,0.04,0,0
1700,1.6157e-05,-1.2187e-19,0,0.35427,0.50048,0.35402,0.499,0.14525,0.14698,0.12519,0.25066,2.7737,1.1911,3.9894,1.165,8.2059e+05,8.2059e+05,-11.555,0.22,8.2059e+05,0.036,0.035449,0
1700,1.6157e-05,-1.2187e-19,0,0.35378,0.49751,0.35402,0.499,0.14871,0.14698,0.12519,0.25402,2.731,1.1769,3.9366,1.165,8.2059e+05,8.2059e+05,-11.555,0.22,8.2059e+05,0.04,0.035449,0
1700,1.6157e-05,-7.9066e-22,0,0.35377,0.49747,0.35353,0.49603,0.14876,0.15044,0.12487,0.25362,2.7373,1.1767,3.9429,1.165,8.1709e+05,8.1709e+05,-11.555,0.22,8.1709e+05,0.04,0,0
1700,1.6157e-05,-7.9066e-22,0,0.3533,0.49459,0.35353,0.49603,0.15212,0.15044,0.12487,0.25691,2.6962,1.163,3.8923,1.165,8.1709e+05,8.1709e+05,-11.555,0.22,8.1709e+05,0.044,0,0
1700,1.6157e-05,-7.9066e-22,0,0.35377,0.49747,0.35353,0.49603,0.14876,0.15044,0.12487,0.25362,2.7373,1.1767,3.9429,1.165,8.1709e+05,8.1709e+05,-11.555,0.22,8.1709e+05,0.04,0.035449,0
1700,1.6157e-05,-7.9066e-22,0,0.3533,0.49459,0.35353,0.49603,0.15212,0.15044,0.12487,0.25691,2.6962,1.163,3.8923,1.165,8.1709e+05,8.1709e+05,-11.555,0.22,8.1709e+05,0.044,0.035449,0
1700,1.6157e-05,8.3515e-19,0,0.35329,0.49455,0.35306,0.49315,0.15217,0.1538,0.12457,0.25653,2.7021,1.1628,3.8982,1.165,8.1355e+05,8.1355e+05,-11.555,0.22,8.1355e+05,0.044,0,0
1700,1.6157e-05,8.3515e-19,0,0.35283,0.49175,0.35306,0.49315,0.15543,0.1538,0.12457,0.25976,2.6624,1.1496,3.8498,1.165,8.1355e+05,8.1355e+05,-11.555,0.22,8.1355e+05,0.048,0,0
1700,1.6157e-05,1.1999e-19,0,0.35329,0.49455,0.35306,0.49315,0.15217,0.1538,0.12457,0.25653,2.7021,1.1628,3.8982,1.165,8.1355e+05,8.1355e+05,-11.555,0.22,8.1355e+05,0.044,0.035449,0
1700,1.6157e-05,1.1999e-19,0,0.35283,0.49175,0.35306,0.49315,0.15543,0.1538,0.12457,0.25976,2.6624,1.1496,3.8498,1.165,8.1355e+05,8.1355e+05,-11.555,0.22,8.1355e+05,0.048,0.035449,0
1700,1.6157e-05,-1.1694e-19,0,0.35282,0.49171,0.35259,0.49035,0.15547,0.15706,0.12428,0.25939,2.668,1.1494,3.8552,1.165,8.0997e+05,8.0997e+05,-11.555,0.22,8.0997e+05,0.048,0,0
1700,1.6157e-05,-1.1694e-19,0,0.35237,0.48899,0.35259,0.49035,0.15865,0.15706,0.12428,0.26255,2.6296,1.1366,3.8088,1.165,8.0997e+05,8.0997e+05,-11.555,0.22,8.0997e+05,0.052,0,0
1700,1.6157e-05,5.8944e-19,0,0.35282,0.49171,0.35259,0.49035,0.15547,0.15706,0.12428,0.25939,2.668,1.1494,3.8552,1.165,8.0997e+05,8.0997e+05,-11.555,0.22,8.0997e+05,0.048,0.035449,0
1700,1.6157e-05,5.8944e-19,0,0.35237,0.48899,0.35259,0.49035,0.15865,0.15706,0.12428,0.26255,2.6296,1.1366,3.8088,1.165,8.0997e+05,8.0997e+05,-11.555,0.22,8.0997e+05,0.052,0.035449,0
1700,1.6157e-05,-3.9533e-22,0,0.35236,0.48895,0.35214,0.48763,0.15869,0.16023,0.12401,0.2622,2.6348,1.1364,3.8139,1.165,8.0634e+05,8.0634e+05,-11.555,0.22,8.0634e+05,0.052,0,0
1700,1.6157e-05,-3.9533e-22,0,0.35192,0.4863,0.35214,0.48763,0.16178,0.16023,0.12401,0.2653,2.5978,1.124,3.7693,1.165,8.0634e+05,8.0634e+05,-11.555,0.22,8.0634e+05,0.056,0,0
1700,1.6157e-05,-3.4932e-19,0,0.35236,0.48895,0.35214,0.48763,0.15869,0.16023,0.12401,0.2622,2.6348,1.1364,3.8139,1.165,8.0634e+05,8.0634e+05,-11.555,0.22,8.0634e+05,0.052,0.035449,0
1700,1.6157e-05,-3.4932e-19,0,0.35192,0.4863,0.35214,0.48763,0.16178,0.16023,0.12401,0.2653,2.5978,1.124,3.7693,1.165,8.0634e+05,8.0634e+05,-11.555,0.22,8.0634e+05,0.056,0.035449,0
1700,1.6157e-05,-1.1493e-19,0,0.35192,0.48627,0.3517,0.48498,0.16181,0.16332,0.12376,0.26496,2.6026,1.1239,3.7741,1.165,8.0267e+05,8.0267e+05,-11.555,0.22,8.0267e+05,0.056,0,0
1700,1.6157e-05,-1.1493e-19,0,0.35149,0.48369,0.3517,0.48498,0.16482,0.16332,0.12376,0.26801,2.5668,1.1119,3.7312,1.165,8.0267e+05,8.0267e+05,-11.555,0.22,8.0267e+05,0.06,0,0
1700,1.6157e-05,-1.1493e-19,0,0.35192,0.48627,0.3517,0.48498,0.16181,0.16332,0.12376,0.26496,2.6026,1.1239,3.7741,1.165,8.0267e+05,8.0267e+05,-11.555,0.22,8.0267e+05,0.056,0.035449,0
1700,1.6157e-05,-1.1493e-19,0,0.35149,0.48369,0.3517,0.48498,0.16482,0.16332,0.12376,0.26801,2.5668,1.1119,3.7312,1.165,8.0267e+05,8.0267e+05,-11.555,0.22,8.0267e+05,0.06,0.035449,0
1700,1.6157e-05,-1.1359e-19,0,0.35148,0.48366,0.35127,0.4824,0.16486,0.16633,0.12351,0.26769,2.5714,1.1117,3.7357,1.165,7.9896e+05,7.9896e+05,-11.555,0.22,7.9896e+05,0.06,0,0
1700,1.6157e-05,-1.1359e-19,0,0.35106,0.48114,0.35127,0.4824,0.1678,0.16633,0.12351,0.27068,2.5366,1.1001,3.6944,1.165,7.9896e+05,7.9896e+05,-11.555,0.22,7.9896e+05,0.064,0,0
1700,1.6157e-05,2.2717e-19,0,0.35148,0.48366,0.35127,0.4824,0.16486,0.16633,0.12351,0.26769,2.5714,1.1117,3.7357,1.165,7.9896e+05,7.9896e+05,-11.555,0.22,7.9896e+05,0.06,0.035449,0
1700,1.6157e-05,2.2717e-19,0,0.35106,0.48114,0.35127,0.4824,0.1678,0.16633,0.12351,0.27068,2.5366,1.1001,3.6944,1.165,7.9896e+05,7.9896e+05,-11.555,0.22,7.9896e+05,0.064,0.035449,0
1700,1.6157e-05,-3.3684e-19,0,0.35106,0.48111,0.35085,0.47989,0.16783,0.16926,0.12329,0.27037,2.5409,1.1,3.6987,1.165,7.952e+05,7.952e+05,-11.555,0.22,7.952e+05,0.064,0,0
1700,1.6157e-05,-3.3684e-19,0,0.35064,0.47866,0.35085,0.47989,0.1707,0.16926,0.12329,0.27331,2.5072,1.0887,3.6589,1.165,7.952e+05,7.952e+05,-11.555,0.22,7.952e+05,0.068,0,0
1700,1.6157e-05,0,0,0.35106,0.48111,0.35085,0.47989,0.16783,0.16926,0.12329,0.27037,2.5409,1.1,3.6987,1.165,7.952e+05,7.952e+05,-11.555,0.22,7.952e+05,0.064,0.035449,0
1700,1.6157e-05,0,0,0.35064,0.47866,0.35085,0.47989,0.1707,0.16926,0.12329,0.27331,2.5072,1.0887,3.6589,1.165,7.952e+05,7.952e+05,-11.555,0.22,7.952e+05,0.068,0.035449,0
1700,1.6157e-05,1.1101e-19,0,0.35064,0.47863,0.35044,0.47743,0.17073,0.17213,0.12307,0.27301,2.5112,1.0886,3.6628,1.165,7.9139e+05,7.9139e+05,-11.555,0.22,7.9139e+05,0.068,0,0
1700,1.6157e-05,1.1101e-19,0,0.35024,0.47623,0.35044,0.47743,0.17353,0.17213,0.12307,0.2759,2.4785,1.0776,3.6244,1.165,7.9139e+05,7.9139e+05,-11.555,0.22,7.9139e+05,0.072,0,0
1700,1.6157e-05,1.1101e-19,0,0.35064,0.47863,0.35044,0.47743,0.17073,0.17213,0.12307,0.27301,2.5112,1.0886,3.6628,1.165,7.9139e+05,7.9139e+05,-11.555,0.22,7.9139e+05,0.068,0.035449,0
1700,1.6157e-05,1.1101e-19,0,0.35024,0.47623,0.35044,0.47743,0.17353,0.17213,0.12307,0.2759,2.4785,1.0776,3.6244,1.165,7.9139e+05,7.9139e+05,-11.555,0.22,7.9139e+05,0.072,0.035449,0
1700,1.6157e-05,5.4961e-19,0,0.35023,0.47621,0.35003,0.47503,0.17356,0.17493,0.12286,0.27562,2.4823,1.0775,3.6282,1.165,7.8755e+05,7.8755e+05,-11.555,0.22,7.8755e+05,0.072,0,0
1700,1.6157e-05,5.4961e-19,0,0.34984,0.47386,0.35003,0.47503,0.1763,0.17493,0.12286,0.27847,2.4504,1.0668,3.5911,1.165,7.8755e+05,7.8755e+05,-11.555,0.22,7.8755e+05,0.076,0,0
1700,1.6157e-05,-1.0897e-19,0,0.35023,0.47621,0.35003,0.47503,0.17356,0.17493,0.12286,0.27562,2.4823,1.0775,3.6282,1.165,7.8755e+05,7.8755e+05,-11.555,0.22,7.8755e+05,0.072,0.035449,0
1700,1.6157e-05,-1.0897e-19,0,0.34984,0.47386,0.35003,0.47503,0.1763,0.17493,0.12286,0.27847,2.4504,1.0668,3.5911,1.165,7.8755e+05,7.8755e+05,-11.555,0.22,7.8755e+05,0.076,0.035449,0
1700,1.6157e-05,6.521e-19,0,0.34983,0.47383,0.34964,0.47269,0.17633,0.17768,0.12267,0.2782,2.454,1.0667,3.5946,1.165,7.8366e+05,7.8366e+05,-11.555,0.22,7.8366e+05,0.076,0,0
1700,1.6157e-05,6.521e-19,0,0.34945,0.47154,0.34964,0.47269,0.17902,0.17768,0.12267,0.281,2.423,1.0562,3.5587,1.165,7.8366e+05,7.8366e+05,-11.555,0.22,7.8366e+05,0.08,0,0
1700,1.6157e-05,-9.7617e-19,0,0.34983,0.47383,0.34964,0.47269,0.17633,0.17768,0.12267,0.2782,2.454,1.0667,3.5946,1.165,7.8366e+05,7.8366e+05,-11.555,0.22,7.8366e+05,0.076,0.035449,0
1700,1.6157e-05,-9.7617e-19,0,0.34945,0.47154,0.34964,0.47269,0.17902,0.17768,0.12267,0.281,2.423,1.0562,3.5587,1.165,7.8366e+05,7.8366e+05,-11.555,0.22,7.8366e+05,0.08,0.035449,0
1700,1.6157e-05,4.3025e-19,0,0.34944,0.47151,0.34925,0.47039,0.17904,0.18036,0.12249,0.28074,2.4263,1.0562,3.562,1.165,7.7973e+05,7.7973e+05,-11.555,0.22,7.7973e+05,0.08,0,0
1700,1.6157e-05,4.3025e-19,0,0.34906,0.46926,0.34925,0.47039,0.18168,0.18036,0.12249,0.28351,2.3962,1.046,3.5273,1.165,7.7973e+05,7.7973e+05,-11.555,0.22,7.7973e+05,0.084,0,0
1700,1.6157e-05,-5.3604e-19,0,0.34944,0.47151,0.34925,0.47039,0.17904,0.18036,0.12249,0.28074,2.4263,1.0562,3.562,1.165,7.7973e+05,7.7973e+05,-11.555,0.22,7.7973e+05,0.08,0.035449,0
1700,1.6157e-05,-5.3604e-19,0,0.34906,0.46926,0.34925,0.47039,0.18168,0.18036,0.12249,0.28351,2.3962,1.046,3.5273,1.165,7.7973e+05,7.7973e+05,-11.555,0.22,7.7973e+05,0.084,0.035449,0
1700,1.6157e-05,8.5122e-19,0,0.34906,0.46924,0.34887,0.46813,0.1817,0.183,0.12231,0.28326,2.3993,1.0459,3.5303,1.165,7.7575e+05,7.7575e+05,-11.555,0.22,7.7575e+05,0.084,0,0
1700,1.6157e-05,8.5122e-19,0,0.34868,0.46703,0.34887,0.46813,0.18429,0.183,0.12231,0.28599,2.3699,1.036,3.4967,1.165,7.7575e+05,7.7575e+05,-11.555,0.22,7.7575e+05,0.088,0,0
1700,1.6157e-05,-4.2324e-19,0,0.34906,0.46924,0.34887,0.46813,0.1817,0.183,0.12231,0.28326,2.3993,1.0459,3.5303,1.165,7.7575e+05,7.7575e+05,-11.555,0.22,7.7575e+05,0.084,0.035449,0
1700,1.6157e-05,-4.2324e-19,0,0.34868,0.46703,0.34887,0.46813,0.18429,0.183,0.12231,0.28599,2.3699,1.036,3.4967,1.165,7.7575e+05,7.7575e+05,-11.555,0.22,7.7575e+05,0.088,0.035449,0
1700,1.6157e-05,-1.5813e-21,0,0.34868,0.46701,0.34849,0.46592,0.18431,0.18558,0.12215,0.28575,2.3728,1.0359,3.4996,1.165,7.7173e+05,7.7173e+05,-11.555,0.22,7.7173e+05,0.088,0,0
1700,1.6157e-05,-1.5813e-21,0,0.34831,0.46484,0.34849,0.46592,0.18685,0.18558,0.12215,0.28844,2.344,1.0262,3.4669,1.165,7.7173e+05,7.7173e+05,-11.555,0.22,7.7173e+05,0.092,0,0
1700,1.6157e-05,3.1362e-19,0,0.34868,0.46701,0.34849,0.46592,0.18431,0.18558,0.12215,0.28575,2.3728,1.0359,3.4996,1.165,7.7173e+05,7.7173e+05,-11.555,0.22,7.7173e+05,0.088,0.035449,0
1700,1.6157e-05,3.1362e-19,0,0.34831,0.46484,0.34849,0.46592,0.18685,0.18558,0.12215,0.28844,2.344,1.0262,3.4669,1.165,7.7173e+05,7.7173e+05,-11.555,0.22,7.7173e+05,0.092,0.035449,0
1700,1.6157e-05,-7.2925e-19,0,0.34831,0.46482,0.34813,0.46375,0.18688,0.18813,0.122,0.28822,2.3468,1.0261,3.4696,1.165,7.6767e+05,7.6767e+05,-11.555,0.22,7.6767e+05,0.092,0,0
1700,1.6157e-05,-7.2925e-19,0,0.34794,0.46268,0.34813,0.46375,0.18937,0.18813,0.122,0.29087,2.3187,1.0166,3.4379,1.165,7.6767e+05,7.6767e+05,-11.555,0.22,7.6767e+05,0.096,0,0
1700,1.6157e-05,2.0632e-19,0,0.34831,0.46482,0.34813,0.46375,0.18688,0.18813,0.122,0.28822,2.3468,1.0261,3.4696,1.165,7.6767e+05,7.6767e+05,-11.555,0.22,7.6767e+05,0.092,0.035449,0
1700,1.6157e-05,2.0632e-19,0,0.34794,0.46268,0.34813,0.46375,0.18937,0.18813,0.122,0.29087,2.3187,1.0166,3.4379,1.165,7.6767e+05,7.6767e+05,-11.555,0.22,7.6767e+05,0.096,0.035449,0
1700,1.6157e-05,-1.133e-18,0,0.34794,0.46266,0.34776,0.46161,0.18939,0.19062,0.12185,0.29066,2.3213,1.0166,3.4405,1.165,7.6357e+05,7.6357e+05,-11.555,0.22,7.6357e+05,0.096,0,0
1700,1.6157e-05,-1.133e-18,0,0.34758,0.46056,0.34776,0.46161,0.19185,0.19062,0.12185,0.29329,2.2938,1.0073,3.4096,1.165,7.6357e+05,7.6357e+05,-11.555,0.22,7.6357e+05,0.1,0,0
1700,1.6157e-05,7.1843e-19,0,0.34794,0.46266,0.34776,0.46161,0.18939,0.19062,0.12185,0.29066,2.3213,1.0166,3.4405,1.165,7.6357e+05,7.6357e+05,-11.555,0.22,7.6357e+05,0.096,0.035449,0
1700,1.6157e-05,7.1843e-19,0,0.34758,0.46056,0.34776,0.46161,0.19185,0.19062,0.12185,0.29329,2.2938,1.0073,3.4096,1.165,7.6357e+05,7.6357e+05,-11.555,0.22,7.6357e+05,0.1,0.035449,0
1700,1.6157e-05,-5.105e-19,0,0.34758,0.46055,0.3474,0.45951,0.19187,0.19309,0.12171,0.29308,2.2962,1.0072,3.412,1.165,7.5942e+05,7.5942e+05,-11.555,0.22,7.5942e+05,0.1,0,0
1700,1.6157e-05,-5.105e-19,0,0.34723,0.45848,0.3474,0.45951,0.1943,0.19309,0.12171,0.29568,2.2693,0.9981,3.382,1.165,7.5942e+05,7.5942e+05,-11.555,0.22,7.5942e+05,0.104,0,0
1700,1.6157e-05,4.0555e-19,0,0.34758,0.46055,0.3474,0.45951,0.19187,0.19309,0.12171,0.29308,2.2962,1.0072,3.412,1.165,7.5942e+05,7.5942e+05,-11.555,0.22,7.5942e+05,0.1,0.035449,0
1700,1.6157e-05,4.0555e-19,0,0.34723,0.45848,0.3474,0.45951,0.1943,0.19309,0.12171,0.29568,2.2693,0.9981,3.382,1.165,7.5942e+05,7.5942e+05,-11.555,0.22,7.5942e+05,0.104,0.035449,0
1700,1.6157e-05,-1.0152e-19,0,0.34722,0.45846,0.34705,0.45744,0.19431,0.19551,0.12158,0.29549,2.2715,0.99805,3.3842,1.165,7.5523e+05,7.5523e+05,-11.555,0.22,7.5523e+05,0.104,0,0
1700,1.6157e-05,-1.0152e-19,0,0.34687,0.45642,0.34705,0.45744,0.19671,0.19551,0.12158,0.29806,2.2452,0.98911,3.355,1.165,7.5523e+05,7.5523e+05,-11.555,0.22,7.5523e+05,0.108,0,0
1700,1.6157e-05,-1.0152e-19,0,0.34722,0.45846,0.34705,0.45744,0.19431,0.19551,0.12158,0.29549,2.2715,0.99805,3.3842,1.165,7.5523e+05,7.5523e+05,-11.555,0.22,7.5523e+05,0.104,0.035449,0
1700,1.6157e-05,-1.0152e-19,0,0.34687,0.45642,0.34705,0.45744,0.19671,0.19551,0.12158,0.29806,2.2452,0.98911,3.355,1.165,7.5523e+05,7.5523e+05,-11.555,0.22,7.5523e+05,0.108,0.035449,0
1700,1.6157e-05,-4.0269e-19,0,0.34687,0.45641,0.3467,0.4554,0.19672,0.1979,0.12146,0.29788,2.2473,0.98906,3.3571,1.165,7.5099e+05,7.5099e+05,-11.555,0.22,7.5099e+05,0.108,0,0
1700,1.6157e-05,-4.0269e-19,0,0.34653,0.45439,0.3467,0.4554,0.19908,0.1979,0.12146,0.30043,2.2214,0.98027,3.3286,1.165,7.5099e+05,7.5099e+05,-11.555,0.22,7.5099e+05,0.112,0,0
1700,1.6157e-05,-1.0364e-19,0,0.34687,0.45641,0.3467,0.4554,0.19672,0.1979,0.12146,0.29788,2.2473,0.98906,3.3571,1.165,7.5099e+05,7.5099e+05,-11.555,0.22,7.5099e+05,0.108,0.035449,0
1700,1.6157e-05,-1.0364e-19,0,0.34653,0.45439,0.3467,0.4554,0.19908,0.1979,0.12146,0.30043,2.2214,0.98027,3.3286,1.165,7.5099e+05,7.5099e+05,-11.555,0.22,7.5099e+05,0.112,0.035449,0
1700,1.6157e-05,-9.9449e-20,0,0.34652,0.45438,0.34635,0.45339,0.19909,0.20026,0.12135,0.30025,2.2233,0.98023,3.3305,1.165,7.4671e+05,7.4671e+05,-11.555,0.22,7.4671e+05,0.112,0,0
1700,1.6157e-05,-9.9449e-20,0,0.34618,0.45239,0.34635,0.45339,0.20143,0.20026,0.12135,0.30278,2.198,0.97159,3.3027,1.165,7.4671e+05,7.4671e+05,-11.555,0.22,7.4671e+05,0.116,0,0
1700,1.6157e-05,-9.9449e-20,0,0.34652,0.45438,0.34635,0.45339,0.19909,0.20026,0.12135,0.30025,2.2233,0.98023,3.3305,1.165,7.4671e+05,7.4671e+05,-11.555,0.22,7.4671e+05,0.112,0.035449,0
1700,1.6157e-05,-9.9449e-20,0,0.34618,0.45239,0.34635,0.45339,0.20143,0.20026,0.12135,0.30278,2.198,0.97159,3.3027,1.165,7.4671e+05,7.4671e+05,-11.555,0.22,7.4671e+05,0.116,0.035449,0
1700,1.6157e-05,3.9058e-19,0,0.34618,0.45238,0.34601,0.45139,0.20144,0.2026,0.12124,0.30261,2.1998,0.97155,3.3045,1.165,7.4238e+05,7.4238e+05,-11.555,0.22,7.4238e+05,0.116,0,0
1700,1.6157e-05,3.9058e-19,0,0.34584,0.45041,0.34601,0.45139,0.20375,0.2026,0.12124,0.30512,2.1748,0.96304,3.2774,1.165,7.4238e+05,7.4238e+05,-11.555,0.22,7.4238e+05,0.12,0,0
1700,1.6157e-05,9.7646e-20,0,0.34618,0.45238,0.34601,0.45139,0.20144,0.2026,0.12124,0.30261,2.1998,0.97155,3.3045,1.165,7.4238e+05,7.4238e+05,-11.555,0.22,7.4238e+05,0.116,0.035449,0
1700,1.6157e-05,9.7646e-20,0,0.34584,0.45041,0.34601,0.45139,0.20375,0.2026,0.12124,0.30512,2.1748,0.96304,3.2774,1.165,7.4238e+05,7.4238e+05,-11.555,0.22,7.4238e+05,0.12,0.035449,0
1700,1.6157e-05,-3.8658e-19,0,0.34584,0.4504,0.34567,0.44942,0.20376,0.20491,0.12114,0.30497,2.1764,0.96301,3.279,1.165,7.3802e+05,7.3802e+05,-11.555,0.22,7.3802e+05,0.12,0,0
1700,1.6157e-05,-3.8658e-19,0,0.3455,0.44845,0.34567,0.44942,0.20605,0.20491,0.12114,0.30746,2.1518,0.95461,3.2525,1.165,7.3802e+05,7.3802e+05,-11.555,0.22,7.3802e+05,0.124,0,0
1700,1.6157e-05,1.9329e-19,0,0.34584,0.4504,0.34567,0.44942,0.20376,0.20491,0.12114,0.30497,2.1764,0.96301,3.279,1.165,7.3802e+05,7.3802e+05,-11.555,0.22,7.3802e+05,0.12,0.035449,0
1700,1.6157e-05,1.9329e-19,0,0.3455,0.44845,0.34567,0.44942,0.20605,0.20491,0.12114,0.30746,2.1518,0.95461,3.2525,1.165,7.3802e+05,7.3802e+05,-11.555,0.22,7.3802e+05,0.124,0.035449,0
1700,1.6157e-05,-1.8815e-19,0,0.3455,0.44844,0.34533,0.44747,0.20606,0.2072,0.12105,0.30731,2.1534,0.95459,3.254,1.165,7.336e+05,7.336e+05,-11.555,0.22,7.336e+05,0.124,0,0
1700,1.6157e-05,-1.8815e-19,0,0.34517,0.4465,0.34533,0.44747,0.20833,0.2072,0.12105,0.30979,2.1291,0.94629,3.2279,1.165,7.336e+05,7.336e+05,-11.555,0.22,7.336e+05,0.128,0,0
1700,1.6157e-05,9.8818e-20,0,0.3455,0.44844,0.34533,0.44747,0.20606,0.2072,0.12105,0.30731,2.1534,0.95459,3.254,1.165,7.336e+05,7.336e+05,-11.555,0.22,7.336e+05,0.124,0.035449,0
1700,1.6157e-05,9.8818e-20,0,0.34517,0.4465,0.34533,0.44747,0.20833,0.2072,0.12105,0.30979,2.1291,0.94629,3.2279,1.165,7.336e+05,7.336e+05,-11.555,0.22,7.336e+05,0.128,0.035449,0
1700,1.6157e-05,3.8502e-19,0,0.34516,0.4465,0.345,0.44553,0.20834,0.20947,0.12096,0.30966,2.1306,0.94628,3.2294,1.165,7.2914e+05,7.2914e+05,-11.555,0.22,7.2914e+05,0.128,0,0
1700,1.6157e-05,3.8502e-19,0,0.34483,0.44457,0.345,0.44553,0.2106,0.20947,0.12096,0.31213,2.1065,0.93806,3.2038,1.165,7.2914e+05,7.2914e+05,-11.555,0.22,7.2914e+05,0.132,0,0
1700,1.6157e-05,-7.5107e-19,0,0.34516,0.4465,0.345,0.44553,0.20834,0.20947,0.12096,0.30966,2.1306,0.94628,3.2294,1.165,7.2914e+05,7.2914e+05,-11.555,0.22,7.2914e+05,0.128,0.035449,0
1700,1.6157e-05,-7.5107e-19,0,0.34483,0.44457,0.345,0.44553,0.2106,0.20947,0.12096,0.31213,2.1065,0.93806,3.2038,1.165,7.2914e+05,7.2914e+05,-11.555,0.22,7.2914e+05,0.132,0.035449,0
1700,1.6157e-05,-3.6847e-19,0,0.34483,0.44456,0.34466,0.4436,0.21061,0.21174,0.12089,0.312,2.1079,0.93806,3.2051,1.165,7.2463e+05,7.2463e+05,-11.555,0.22,7.2463e+05,0.132,0,0
1700,1.6157e-05,-3.6847e-19,0,0.3445,0.44264,0.34466,0.4436,0.21287,0.21174,0.12089,0.31447,2.0841,0.9299,3.1799,1.165,7.2463e+05,7.2463e+05,-11.555,0.22,7.2463e+05,0.136,0,0
1700,1.6157e-05,4.7482e-19,0,0.34483,0.44456,0.34466,0.4436,0.21061,0.21174,0.12089,0.312,2.1079,0.93806,3.2051,1.165,7.2463e+05,7.2463e+05,-11.555,0.22,7.2463e+05,0.132,0.035449,0
1700,1.6157e-05,4.7482e-19,0,0.3445,0.44264,0.34466,0.4436,0.21287,0.21174,0.12089,0.31447,2.0841,0.9299,3.1799,1.165,7.2463e+05,7.2463e+05,-11.555,0.22,7.2463e+05,0.136,0.035449,0
1700,1.6157e-05,-6.4278e-19,0,0.3445,0.44264,0.34433,0.44168,0.21287,0.214,0.12081,0.31435,2.0853,0.9299,3.1812,1.165,7.2008e+05,7.2008e+05,-11.555,0.22,7.2008e+05,0.136,0,0
1700,1.6157e-05,-6.4278e-19,0,0.34416,0.44071,0.34433,0.44168,0.21512,0.214,0.12081,0.31682,2.0617,0.92179,3.1563,1.165,7.2008e+05,7.2008e+05,-11.555,0.22,7.2008e+05,0.14,0,0
1700,1.6157e-05,4.6997e-19,0,0.3445,0.44264,0.34433,0.44168,0.21287,0.214,0.12081,0.31435,2.0853,0.9299,3.1812,1.165,7.2008e+05,7.2008e+05,-11.555,0.22,7.2008e+05,0.136,0.035449,0
1700,1.6157e-05,4.6997e-19,0,0.34416,0.44071,0.34433,0.44168,0.21512,0.214,0.12081,0.31682,2.0617,0.92179,3.1563,1.165,7.2008e+05,7.2008e+05,-11.555,0.22,7.2008e+05,0.14,0.035449,0
1700,1.6157e-05,9.8086e-20,0,0.34416,0.44071,0.34399,0.43975,0.21512,0.21625,0.12075,0.31671,2.0628,0.92179,3.1574,1.165,7.1548e+05,7.1548e+05,-11.555,0.22,7.1548e+05,0.14,0,0
1700,1.6157e-05,9.8086e-20,0,0.34383,0.43879,0.34399,0.43975,0.21738,0.21625,0.12075,0.31919,2.0393,0.91372,3.1329,1.165,7.1548e+05,7.1548e+05,-11.555,0.22,7.1548e+05,0.144,0,0
1700,1.6157e-05,-4.5248e-19,0,0.34416,0.44071,0.34399,0.43975,0.21512,0.21625,0.12075,0.31671,2.0628,0.92179,3.1574,1.165,7.1548e+05,7.1548e+05,-11.555,0.22,7.1548e+05,0.14,0.035449,0
1700,1.6157e-05,-4.5248e-19,0,0.34383,0.43879,0.34399,0.43975,0.21738,0.21625,0.12075,0.31919,2.0393,0.91372,3.1329,1.165,7.1548e+05,7.1548e+05,-11.555,0.22,7.1548e+05,0.144,0.035449,0
1700,1.6157e-05,1.8317e-19,0,0.34383,0.43879,0.34366,0.43783,0.21738,0.21851,0.12069,0.31909,2.0403,0.91372,3.1339,1.165,7.1083e+05,7.1083e+05,-11.555,0.22,7.1083e+05,0.144,0,0
1700,1.6157e-05,1.8317e-19,0,0.34349,0.43687,0.34366,0.43783,0.21964,0.21851,0.12069,0.32157,2.017,0.90569,3.1097,1.165,7.1083e+05,7.1083e+05,-11.555,0.22,7.1083e+05,0.148,0,0
1700,1.6157e-05,-8.9212e-20,0,0.34383,0.43879,0.34366,0.43783,0.21738,0.21851,0.12069,0.31909,2.0403,0.91372,3.1339,1.165,7.1083e+05,7.1083e+05,-11.555,0.22,7.1083e+05,0.144,0.035449,0
1700,1.6157e-05,-8.9212e-20,0,0.34349,0.43687,0.34366,0.43783,0.21964,0.21851,0.12069,0.32157,2.017,0.90569,3.1097,1.165,7.1083e+05,7.1083e+05,-11.555,0.22,7.1083e+05,0.148,0.035449,0
1700,1.6157e-05,5.4053e-19,0,0.34349,0.43686,0.34332,0.4359,0.21965,0.22078,0.12064,0.32149,2.0178,0.90567,3.1105,1.165,7.0613e+05,7.0613e+05,-11.555,0.22,7.0613e+05,0.148,0,0
1700,1.6157e-05,5.4053e-19,0,0.34315,0.43493,0.34332,0.4359,0.22191,0.22078,0.12064,0.32398,1.9945,0.89765,3.0866,1.165,7.0613e+05,7.0613e+05,-11.555,0.22,7.0613e+05,0.152,0,0
1700,1.6157e-05,-5.3737e-19,0,0.34349,0.43686,0.34332,0.4359,0.21965,0.22078,0.12064,0.32149,2.0178,0.90567,3.1105,1.165,7.0613e+05,7.0613e+05,-11.555,0.22,7.0613e+05,0.148,0.035449,0
1700,1.6157e-05,-5.3737e-19,0,0.34315,0.43493,0.34332,0.4359,0.22191,0.22078,0.12064,0.32398,1.9945,0.89765,3.0866,1.165,7.0613e+05,7.0613e+05,-11.555,0.22,7.0613e+05,0.152,0.035449,0
1700,1.6157e-05,1.5813e-21,0,0.34315,0.43492,0.34298,0.43395,0.22192,0.22307,0.12059,0.32392,1.9952,0.89761,3.0872,1.165,7.0137e+05,7.0137e+05,-11.555,0.22,7.0137e+05,0.152,0,0
1700,1.6157e-05,1.5813e-21,0,0.34281,0.43297,0.34298,0.43395,0.22421,0.22307,0.12059,0.32643,1.9718,0.88956,3.0634,1.165,7.0137e+05,7.0137e+05,-11.555,0.22,7.0137e+05,0.156,0,0
1700,1.6157e-05,-2.6496e-19,0,0.34315,0.43492,0.34298,0.43395,0.22192,0.22307,0.12059,0.32392,1.9952,0.89761,3.0872,1.165,7.0137e+05,7.0137e+05,-11.555,0.22,7.0137e+05,0.152,0.035449,0
1700,1.6157e-05,-2.6496e-19,0,0.34281,0.43297,0.34298,0.43395,0.22421,0.22307,0.12059,0.32643,1.9718,0.88956,3.0634,1.165,7.0137e+05,7.0137e+05,-11.555,0.22,7.0137e+05,0.156,0.035449,0
1700,1.6157e-05,-5.2872e-19,0,0.34281,0.43296,0.34263,0.43196,0.22424,0.2254,0.12056,0.32639,1.9722,0.88948,3.0638,1.165,6.9657e+05,6.9657e+05,-11.555,0.22,6.9657e+05,0.156,0,0
1700,1.6157e-05,-5.2872e-19,0,0.34246,0.43097,0.34263,0.43196,0.22657,0.2254,0.12056,0.32896,1.9487,0.88133,3.0399,1.165,6.9657e+05,6.9657e+05,-11.555,0.22,6.9657e+05,0.16,0,0
1700,1.6157e-05,2.6199e-19,0,0.34281,0.43296,0.34263,0.43196,0.22424,0.2254,0.12056,0.32639,1.9722,0.88948,3.0638,1.165,6.9657e+05,6.9657e+05,-11.555,0.22,6.9657e+05,0.156,0.035449,0
1700,1.6157e-05,2.6199e-19,0,0.34246,0.43097,0.34263,0.43196,0.22657,0.2254,0.12056,0.32896,1.9487,0.88133,3.0399,1.165,6.9657e+05,6.9657e+05,-11.555,0.22,6.9657e+05,0.16,0.035449,0
1700,1.6157e-05,-3.4892e-19,0,0.34245,0.43094,0.34227,0.42992,0.22661,0.22781,0.12053,0.32895,1.9488,0.88119,3.04,1.165,6.9171e+05,6.9171e+05,-11.555,0.22,6.9171e+05,0.16,0,0
1700,1.6157e-05,-3.4892e-19,0,0.34209,0.42889,0.34227,0.42992,0.22901,0.22781,0.12053,0.3316,1.9246,0.87281,3.0157,1.165,6.9171e+05,6.9171e+05,-11.555,0.22,6.9171e+05,0.164,0,0
1700,1.6157e-05,-8.8415e-20,0,0.34245,0.43094,0.34227,0.42992,0.22661,0.22781,0.12053,0.32895,1.9488,0.88119,3.04,1.165,6.9171e+05,6.9171e+05,-11.555,0.22,6.9171e+05,0.16,0.035449,0
1700,1.6157e-05,-8.8415e-20,0,0.34209,0.42889,0.34227,0.42992,0.22901,0.22781,0.12053,0.3316,1.9246,0.87281,3.0157,1.165,6.9171e+05,6.9171e+05,-11.555,0.22,6.9171e+05,0.164,0.035449,0
1700,1.6157e-05,-1.6361e-19,0,0.34208,0.42884,0.34189,0.42775,0.22908,0.23035,0.1205,0.33163,1.9243,0.87258,3.0154,1.165,6.8679e+05,6.8679e+05,-11.555,0.22,6.8679e+05,0.164,0,0
1700,1.6157e-05,-1.6361e-19,0,0.3417,0.42667,0.34189,0.42775,0.23162,0.23035,0.1205,0.33442,1.899,0.8638,2.9902,1.165,6.8679e+05,6.8679e+05,-11.555,0.22,6.8679e+05,0.168,0,0
1700,1.6157e-05,3.5094e-19,0,0.34208,0.42884,0.34189,0.42775,0.22908,0.23035,0.1205,0.33163,1.9243,0.87258,3.0154,1.165,6.8679e+05,6.8679e+05,-11.555,0.22,6.8679e+05,0.164,0.035449,0
1700,1.6157e-05,3.5094e-19,0,0.3417,0.42667,0.34189,0.42775,0.23162,0.23035,0.1205,0.33442,1.899,0.8638,2.9902,1.165,6.8679e+05,6.8679e+05,-11.555,0.22,6.8679e+05,0.168,0.035449,0
1700,1.6157e-05,8.3005e-20,0,0.34169,0.42658,0.34148,0.4254,0.23174,0.23312,0.12049,0.33452,1.8981,0.8634,2.9893,1.165,6.8181e+05,6.8181e+05,-11.555,0.22,6.8181e+05,0.168,0,0
1700,1.6157e-05,8.3005e-20,0,0.34127,0.42422,0.34148,0.4254,0.23451,0.23312,0.12049,0.33757,1.8707,0.85389,2.9624,1.165,6.8181e+05,6.8181e+05,-11.555,0.22,6.8181e+05,0.172,0,0
1700,1.6157e-05,-1.7075e-19,0,0.34169,0.42658,0.34148,0.4254,0.23174,0.23312,0.12049,0.33452,1.8981,0.8634,2.9893,1.165,6.8181e+05,6.8181e+05,-11.555,0.22,6.8181e+05,0.168,0.035449,0
1700,1.6157e-05,-1.7075e-19,0,0.34127,0.42422,0.34148,0.4254,0.23451,0.23312,0.12049,0.33757,1.8707,0.85389,2.9624,1.165,6.8181e+05,6.8181e+05,-11.555,0.22,6.8181e+05,0.172,0.035449,0
1700,1.6157e-05,-9.488e-21,0,0.34124,0.42404,0.341,0.42269,0.23471,0.23631,0.12049,0.3378,1.8687,0.85317,2.9604,1.165,6.7675e+05,6.7675e+05,-11.555,0.22,6.7675e+05,0.172,0,0
1700,1.6157e-05,-9.488e-21,0,0.34076,0.42133,0.341,0.42269,0.2379,0.23631,0.12049,0.34129,1.8375,0.84232,2.9301,1.165,6.7675e+05,6.7675e+05,-11.555,0.22,6.7675e+05,0.176,0,0
1700,1.6157e-05,-9.488e-21,0,0.34124,0.42404,0.341,0.42269,0.23471,0.23631,0.12049,0.3378,1.8687,0.85317,2.9604,1.165,6.7675e+05,6.7675e+05,-11.555,0.22,6.7675e+05,0.172,0.035449,0
1700,1.6157e-05,-9.488e-21,0,0.34076,0.42133,0.341,0.42269,0.2379,0.23631,0.12049,0.34129,1.8375,0.84232,2.9301,1.165,6.7675e+05,6.7675e+05,-11.555,0.22,6.7675e+05,0.176,0.035449,0
1700,1.6157e-05,3.2623e-19,0,0.3407,0.42098,0.3404,0.41928,0.23831,0.24032,0.12051,0.34178,1.8332,0.84093,2.9258,1.165,6.716e+05,6.716e+05,-11.555,0.22,6.716e+05,0.176,0,0
1700,1.6157e-05,3.2623e-19,0,0.3401,0.41757,0.3404,0.41928,0.24232,0.24032,0.12051,0.34616,1.7945,0.82744,2.8888,1.165,6.716e+05,6.716e+05,-11.555,0.22,6.716e+05,0.18,0,0
1700,1.6157e-05,-1.6312e-19,0,0.3407,0.42098,0.3404,0.41928,0.23831,0.24032,0.12051,0.34178,1.8332,0.84093,2.9258,1.165,6.716e+05,6.716e+05,-11.555,0.22,6.716e+05,0.176,0.035449,0
1700,1.6157e-05,-1.6312e-19,0,0.3401,0.41757,0.3404,0.41928,0.24232,0.24032,0.12051,0.34616,1.7945,0.82744,2.8888,1.165,6.716e+05,6.716e+05,-11.555,0.22,6.716e+05,0.18,0.035449,0
1700,1.6157e-05,3.1958e-19,0,0.33996,0.41678,0.33952,0.41429,0.24325,0.24619,0.12061,0.34733,1.7843,0.82436,2.8791,1.165,6.6631e+05,6.6631e+05,-11.555,0.22,6.6631e+05,0.18,0,0
1700,1.6157e-05,3.1958e-19,0,0.33909,0.41179,0.33952,0.41429,0.24912,0.24619,0.12061,0.35369,1.7288,0.80501,2.8273,1.165,6.6631e+05,6.6631e+05,-11.555,0.22,6.6631e+05,0.184,0,0
1700,1.6157e-05,-1.5505e-19,0,0.33996,0.41678,0.33952,0.41429,0.24325,0.24619,0.12061,0.34733,1.7843,0.82436,2.8791,1.165,6.6631e+05,6.6631e+05,-11.555,0.22,6.6631e+05,0.18,0.035449,0
1700,1.6157e-05,-1.5505e-19,0,0.33909,0.41179,0.33952,0.41429,0.24912,0.24619,0.12061,0.35369,1.7288,0.80501,2.8273,1.165,6.6631e+05,6.6631e+05,-11.555,0.22,6.6631e+05,0.184,0.035449,0
1700,1.6157e-05,2.9791e-19,0,0.33867,0.40955,0.33781,0.40482,0.25178,0.25737,0.12094,0.35717,1.6996,0.79587,2.7998,1.165,6.6078e+05,6.6078e+05,-11.555,0.22,6.6078e+05,0.184,0,0
1700,1.6157e-05,2.9791e-19,0,0.33695,0.40009,0.33781,0.40482,0.26296,0.25737,0.12094,0.36908,1.5984,0.75931,2.7095,1.165,6.6078e+05,6.6078e+05,-11.555,0.22,6.6078e+05,0.188,0,0
1700,1.6157e-05,-1.4896e-19,0,0.33867,0.40955,0.33781,0.40482,0.25178,0.25737,0.12094,0.35717,1.6996,0.79587,2.7998,1.165,6.6078e+05,6.6078e+05,-11.555,0.22,6.6078e+05,0.184,0.035449,0
1700,1.6157e-05,-1.4896e-19,0,0.33695,0.40009,0.33781,0.40482,0.26296,0.25737,0.12094,0.36908,1.5984,0.75931,2.7095,1.165,6.6078e+05,6.6078e+05,-11.555,0.22,6.6078e+05,0.188,0.035449,0
1700,1.6157e-05,-1.1989e-19,0,0.33272,0.39126,0.33272,0.3777,0.27602,0.28958,0.12348,0.39026,1.4764,0.67441,2.5624,1.165,6.5448e+05,6.5448e+05,-11.555,0.22,6.5448e+05,0.188,0,0
1700,1.6157e-05,-1.1989e-19,0,0.33272,0.36414,0.33272,0.3777,0.30314,0.28958,0.12348,0.40861,1.2222,0.67441,2.4473,1.165,6.5448e+05,6.5448e+05,-11.555,0.22,6.5448e+05,0.192,0,0
1700,1.6157e-05,6.4688e-20,0,0.33272,0.39126,0.33272,0.3777,0.27602,0.28958,0.12348,0.39026,1.4764,0.67441,2.5624,1.165,6.5448e+05,6.5448e+05,-11.555,0.22,6.5448e+05,0.188,0.035449,0
1700,1.6157e-05,6.4688e-20,0,0.33272,0.36414,0.33272,0.3777,0.30314,0.28958,0.12348,0.40861,1.2222,0.67441,2.4473,1.165,6.5448e+05,6.5448e+05,-11.555,0.22,6.5448e+05,0.192,0.035449,0
1700,1.6157e-05,-4.9578e-20,0,0.34145,0.25805,0.35019,0.17671,0.40049,0.4731,0.15531,0.40576,0.38969,0.85805,2.4645,1.165,6.4247e+05,6.4247e+05,-11.555,0.22,6.4247e+05,0.192,0,0
1700,1.6157e-05,-4.9578e-20,0,0.35893,0.095365,0.35019,0.17671,0.54571,0.4731,0.15531,0.24677,0.024434,1.3333,4.0523,1.165,6.4247e+05,6.4247e+05,-11.555,0.22,6.4247e+05,0.196,0,0
1700,1.6157e-05,9.9157e-20,0,0.34145,0.25805,0.35019,0.17671,0.40049,0.4731,0.15531,0.40576,0.38969,0.85805,2.4645,1.165,6.4247e+05,6.4247e+05,-11.555,0.22,6.4247e+05,0.192,0.035449,0
1700,1.6157e-05,9.9157e-20,0,0.35893,0.095365,0.35019,0.17671,0.54571,0.4731,0.15531,0.24677,0.024434,1.3333,4.0523,1.165,6.4247e+05,6.4247e+05,-11.555,0.22,6.4247e+05,0.196,0.035449,0
1700,1.6157e-05,-9.7789e-20,0,0.37286,0.014479,0.37286,0.014021,0.61266,0.61312,1.5e-05,0.1847,0.009308,1.8336,5.4141,1.165,6.276e+05,6.276e+05,-11.555,0.22,6.276e+05,0.196,0,0
1700,1.6157e-05,-9.7789e-20,0,0.37286,0.013563,0.37286,0.014021,0.61358,0.61312,1.5e-05,0.18455,0.00080218,1.8336,5.4185,1.165,6.276e+05,6.276e+05,-11.555,0.22,6.276e+05,0.2,0,0
1700,1.6157e-05,3.1627e-21,0,0.37286,0.014479,0.37286,0.014021,0.61266,0.61312,1.5e-05,0.1847,0.009308,1.8336,5.4141,1.165,6.276e+05,6.276e+05,-11.555,0.22,6.276e+05,0.196,0.035449,0
1700,1.6157e-05,3.1627e-21,0,0.37286,0.013563,0.37286,0.014021,0.61358,0.61312,1.5e-05,0.18455,0.00080218,1.8336,5.4185,1.165,6.276e+05,6.276e+05,-11.555,0.22,6.276e+05,0.2,0.035449,0
1700,1.6157e-05,3.3462e-20,0,0.37282,0.013108,0.37279,0.013106,0.61407,0.61411,1.5e-05,0.1844,1.2142e-05,1.8321,5.4231,1.165,6.1495e+05,6.1495e+05,-11.555,0.22,6.1495e+05,0.2,0,0
1700,1.6157e-05,3.3462e-20,0,0.37275,0.013103,0.37279,0.013106,0.61415,0.61411,1.5e-05,0.18446,1.0728e-05,1.829,5.4212,1.165,6.1495e+05,6.1495e+05,-11.555,0.22,6.1495e+05,0.204,0,0
1700,1.6157e-05,1.3385e-19,0,0.37282,0.013108,0.37279,0.013106,0.61407,0.61411,1.5e-05,0.1844,1.2142e-05,1.8321,5.4231,1.165,6.1495e+05,6.1495e+05,-11.555,0.22,6.1495e+05,0.2,0.035449,0
1700,1.6157e-05,1.3385e-19,0,0.37275,0.013103,0.37279,0.013106,0.61415,0.61411,1.5e-05,0.18446,1.0728e-05,1.829,5.4212,1.165,6.1495e+05,6.1495e+05,-11.555,0.22,6.1495e+05,0.204,0.035449,0
1700,1.6157e-05,6.9804e-20,0,0.3726,0.013101,0.37259,0.013101,0.6143,0.61431,1.5e-05,0.18459,1.0062e-05,1.823,5.4173,1.165,6.0223e+05,6.0223e+05,-11.555,0.22,6.0223e+05,0.204,0,0
1700,1.6157e-05,6.9804e-20,0,0.37259,0.0131,0.37259,0.013101,0.61431,0.61431,1.5e-05,0.1846,1.0059e-05,1.8226,5.417,1.165,6.0223e+05,6.0223e+05,-11.555,0.22,6.0223e+05,0.208,0,0
1700,1.6157e-05,-3.0158e-20,0,0.3726,0.013101,0.37259,0.013101,0.6143,0.61431,1.5e-05,0.18459,1.0062e-05,1.823,5.4173,1.165,6.0223e+05,6.0223e+05,-11.555,0.22,6.0223e+05,0.204,0.035449,0
1700,1.6157e-05,-3.0158e-20,0,0.37259,0.0131,0.37259,0.013101,0.61431,0.61431,1.5e-05,0.1846,1.0059e-05,1.8226,5.417,1.165,6.0223e+05,6.0223e+05,-11.555,0.22,6.0223e+05,0.208,0.035449,0
1700,1.6157e-05,3.0141e-19,0,0.37258,0.0131,0.37258,0.0131,0.61432,0.61432,1.5e-05,0.18461,1.0058e-05,1.8224,5.4169,1.165,5.8949e+05,5.8949e+05,-11.555,0.22,5.8949e+05,0.208,0,0
1700,1.6157e-05,3.0141e-19,0,0.37258,0.0131,0.37258,0.0131,0.61432,0.61432,1.5e-05,0.18461,1.0058e-05,1.8224,5.4169,1.165,5.8949e+05,5.8949e+05,-11.555,0.22,5.8949e+05,0.212,0,0
1700,1.6157e-05,-2.9824e-19,0,0.37258,0.0131,0.37258,0.0131,0.61432,0.61432,1.5e-05,0.18461,1.0058e-05,1.8224,5.4169,1.165,5.8949e+05,5.8949e+05,-11.555,0.22,5.8949e+05,0.208,0.035449,0
1700,1.6157e-05,-2.9824e-19,0,0.37258,0.0131,0.37258,0.0131,0.61432,0.61432,1.5e-05,0.18461,1.0058e-05,1.8224,5.4169,1.165,5.8949e+05,5.8949e+05,-11.555,0.22,5.8949e+05,0.212,0.035449,0
1700,1.6157e-05,-6.8239e-20,0,0.3726,0.0131,0.3726,0.0131,0.6143,0.6143,1.5e-05,0.18459,1.0058e-05,1.8231,5.4174,1.165,5.7675e+05,5.7675e+05,-11.555,0.22,5.7675e+05,0.212,0,0
1700,1.6157e-05,-6.8239e-20,0,0.37261,0.0131,0.3726,0.0131,0.61429,0.6143,1.5e-05,0.18459,1.0058e-05,1.8234,5.4175,1.165,5.7675e+05,5.7675e+05,-11.555,0.22,5.7675e+05,0.216,0,0
1700,1.6157e-05,1.3173e-19,0,0.3726,0.0131,0.3726,0.0131,0.6143,0.6143,1.5e-05,0.18459,1.0058e-05,1.8231,5.4174,1.165,5.7675e+05,5.7675e+05,-11.555,0.22,5.7675e+05,0.212,0.035449,0
1700,1.6157e-05,1.3173e-19,0,0.37261,0.0131,0.3726,0.0131,0.61429,0.6143,1.5e-05,0.18459,1.0058e-05,1.8234,5.4175,1.165,5.7675e+05,5.7675e+05,-11.555,0.22,5.7675e+05,0.216,0.035449,0
1700,1.6157e-05,-3.1752e-20,0,0.37261,0.0131,0.37261,0.0131,0.61429,0.61429,1.5e-05,0.18458,1.0058e-05,1.8235,5.4176,1.165,5.6402e+05,5.6402e+05,-11.555,0.22,5.6402e+05,0.216,0,0
1700,1.6157e-05,-3.1752e-20,0,0.37261,0.0131,0.37261,0.0131,0.61429,0.61429,1.5e-05,0.18458,1.0058e-05,1.8235,5.4176,1.165,5.6402e+05,5.6402e+05,-11.555,0.22,5.6402e+05,0.22,0,0
1700,1.6157e-05,6.8249e-20,0,0.37261,0.0131,0.37261,0.0131,0.61429,0.61429,1.5e-05,0.18458,1.0058e-05,1.8235,5.4176,1.165,5.6402e+05,5.6402e+05,-11.555,0.22,5.6402e+05,0.216,0.035449,0
1700,1.6157e-05,6.8249e-20,0,0.37261,0.0131,0.37261,0.0131,0.61429,0.61429,1.5e-05,0.18458,1.0058e-05,1.8235,5.4176,1.165,5.6402e+05,5.6402e+05,-11.555,0.22,5.6402e+05,0.22,0.035449,0
1700,1.6157e-05,-1.0158e-19,0,0.37261,0.0131,0.37261,0.0131,0.61429,0.61429,1.5e-05,0.18458,1.0058e-05,1.8235,5.4176,1.165,5.5128e+05,5.5128e+05,-11.555,0.22,5.5128e+05,0.22,0,0
1700,1.6157e-05,-1.0158e-19,0,0.37261,0.0131,0.37261,0.0131,0.61429,0.61429,1.5e-05,0.18458,1.0058e-05,1.8234,5.4176,1.165,5.5128e+05,5.5128e+05,-11.555,0.22,5.5128e+05,0.224,0,0
1700,1.6157e-05,9.8417e-20,0,0.37261,0.0131,0.37261,0.0131,0.61429,0.61429,1.5e-05,0.18458,1.0058e-05,1.8235,5.4176,1.165,5.5128e+05,5.5128e+05,-11.555,0.22,5.5128e+05,0.22,0.035449,0
1700,1.6157e-05,9.8417e-20,0,0.37261,0.0131,0.37261,0.0131,0.61429,0.61429,1.5e-05,0.18458,1.0058e-05,1.8234,5.4176,1.165,5.5128e+05,5.5128e+05,-11.555,0.22,5.5128e+05,0.224,0.035449,0
1700,1.6157e-05,1.7457e-19,0,0.37261,0.0131,0.37261,0.0131,0.61429,0.61429,1.5e-05,0.18458,1.0058e-05,1.8234,5.4176,1.165,5.3855e+05,5.3855e+05,-11.555,0.22,5.3855e+05,0.224,0,0
1700,1.6157e-05,1.7457e-19,0,0.37261,0.0131,0.37261,0.0131,0.61429,0.61429,1.5e-05,0.18458,1.0058e-05,1.8234,5.4176,1.165,5.3855e+05,5.3855e+05,-11.555,0.22,5.3855e+05,0.228,0,0
1700,1.6157e-05,-1.2542e-19,0,0.37261,0.0131,0.37261,0.0131,0.61429,0.61429,1.5e-05,0.18458,1.0058e-05,1.8234,5.4176,1.165,5.3855e+05,5.3855e+05,-11.555,0.22,5.3855e+05,0.224,0.035449,0
1700,1.6157e-05,-1.2542e-19,0,0.37261,0.0131,0.37261,0.0131,0.61429,0.61429,1.5e-05,0.18458,1.0058e-05,1.8234,5.4176,1.165,5.3855e+05,5.3855e+05,-11.555,0.22,5.3855e+05,0.228,0.035449,0
1700,1.6157e-05,6.5083e-20,0,0.37261,0.0131,0.37261,0.0131,0.61429,0.61429,1.5e-05,0.18458,1.0058e-05,1.8234,5.4176,1.165,5.2581e+05,5.2581e+05,-11.555,0.22,5.2581e+05,0.228,0,0
1700,1.6157e-05,6.5083e-20,0,0.37261,0.0131,0.37261,0.0131,0.61429,0.61429,1.5e-05,0.18458,1.0058e-05,1.8234,5.4176,1.165,5.2581e+05,5.2581e+05,-11.555,0.22,5.2581e+05,0.232,0,0
1700,1.6157e-05,-3.4913e-20,0,0.37261,0.0131,0.37261,0.0131,0.61429,0.61429,1.5e-05,0.18458,1.0058e-05,1.8234,5.4176,1.165,5.2581e+05,5.2581e+05,-11.555,0.22,5.2581e+05,0.228,0.035449,0
1700,1.6157e-05,-3.4913e-20,0,0.37261,0.0131,0.37261,0.0131,0.61429,0.61429,1.5e-05,0.18458,1.0058e-05,1.8234,5.4176,1.165,5.2581e+05,5.2581e+05,-11.555,0.22,5.2581e+05,0.232,0.035449,0
1700,1.6157e-05,-1.5085e-20,0,0.37261,0.0131,0.37261,0.0131,0.61429,0.61429,1.5e-05,0.18458,1.0058e-05,1.8235,5.4176,1.165,5.1308e+05,5.1308e+05,-11.555,0.22,5.1308e+05,0.232,0,0
1700,1.6157e-05,-1.5085e-20,0,0.37261,0.0131,0.37261,0.0131,0.61429,0.61429,1.5e-05,0.18458,1.0058e-05,1.8235,5.4176,1.165,5.1308e+05,5.1308e+05,-11.555,0.22,5.1308e+05,0.236,0,0
1700,1.6157e-05,3.4914e-20,0,0.37261,0.0131,0.37261,0.0131,0.61429,0.61429,1.5e-05,0.18458,1.0058e-05,1.8235,5.4176,1.165,5.1308e+05,5.1308e+05,-11.555,0.22,5.1308e+05,0.232,0.035449,0
1700,1.6157e-05,3.4914e-20,0,0.37261,0.0131,0.37261,0.0131,0.61429,0.61429,1.5e-05,0.18458,1.0058e-05,1.8235,5.4176,1.165,5.1308e+05,5.1308e+05,-11.555,0.22,5.1308e+05,0.236,0.035449,0
1700,1.6157e-05,-4.9999e-20,0,0.37261,0.0131,0.37261,0.0131,0.61429,0.61429,1.5e-05,0.18458,1.0058e-05,1.8235,5.4176,1.165,5.0035e+05,5.0035e+05,-11.555,0.22,5.0035e+05,0.236,0,0
1700,1.6157e-05,-4.9999e-20,0,0.37261,0.0131,0.37261,0.0131,0.61429,0.61429,1.5e-05,0.18458,1.0058e-05,1.8235,5.4176,1.165,5.0035e+05,5.0035e+05,-11.555,0.22,5.0035e+05,0.24,0,0
1700,1.6157e-05,-4.9999e-20,0,0.37261,0.0131,0.37261,0.0131,0.61429,0.61429,1.5e-05,0.18458,1.0058e-05,1.8235,5.4176,1.165,5.0035e+05,5.0035e+05,-11.555,0.22,5.0035e+05,0.236,0.035449,0
1700,1.6157e-05,-4.9999e-20,0,0.37261,0.0131,0.37261,0.0131,0.61429,0.61429,1.5e-05,0.18458,1.0058e-05,1.8235,5.4176,1.165,5.0035e+05,5.0035e+05,-11.555,0.22,5.0035e+05,0.24,0.035449,0
1700,1.6157e-05,-9.6837e-20,0,0.37261,0.0131,0.37261,0.0131,0.61429,0.61429,1.5e-05,0.18458,1.0058e-05,1.8235,5.4176,1.165,4.8761e+05,4.8761e+05,-11.555,0.22,4.8761e+05,0.24,0,0
1700,1.6157e-05,-9.6837e-20,0,0.37261,0.0131,0.37261,0.0131,0.61429,0.61429,1.5e-05,0.18458,1.0058e-05,1.8235,5.4176,1.165,4.8761e+05,4.8761e+05,-11.555,0.22,4.8761e+05,0.244,0,0
1700,1.6157e-05,5.3163e-20,0,0.37261,0.0131,0.37261,0.0131,0.61429,0.61429,1.5e-05,0.18458,1.0058e-05,1.8235,5.4176,1.165,4.8761e+05,4.8761e+05,-11.555,0.22,4.8761e+05,0.24,0.035449,0
1700,1.6157e-05,5.3163e-20,0,0.37261,0.0131,0.37261,0.0131,0.61429,0.61429,1.5e-05,0.18458,1.0058e-05,1.8235,5.4176,1.165,4.8761e+05,4.8761e+05,-11.555,0.22,4.8761e+05,0.244,0.035449,0
1700,1.6157e-05,1e-19,0,0.37261,0.0131,0.37261,0.0131,0.61429,0.61429,1.5e-05,0.18458,1.0058e-05,1.8235,5.4176,1.165,4.7488e+05,4.7488e+05,-11.555,0.22,4.7488e+05,0.244,0,0
1700,1.6157e-05,1e-19,0,0.37261,0.0131,0.37261,0.0131,0.61429,0.61429,1.5e-05,0.18458,1.0058e-05,1.8235,5.4176,1.165,4.7488e+05,4.7488e+05,-11.555,0.22,4.7488e+05,0.248,0,0
1700,1.6157e-05,-1e-19,0,0.37261,0.0131,0.37261,0.0131,0.61429,0.61429,1.5e-05,0.18458,1.0058e-05,1.8235,5.4176,1.165,4.7488e+05,4.7488e+05,-11.555,0.22,4.7488e+05,0.244,0.035449,0
1700,1.6157e-05,-1e-19,0,0.37261,0.0131,0.37261,0.0131,0.61429,0.61429,1.5e-05,0.18458,1.0058e-05,1.8235,5.4176,1.165,4.7488e+05,4.7488e+05,-11.555,0.22,4.7488e+05,0.248,0.035449,0
1700,1.6157e-05,-1.3504e-20,0,0.37261,0.0131,0.37261,0.0131,0.61429,0.61429,1.5e-05,0.18458,1.0058e-05,1.8235,5.4176,1.165,4.6214e+05,4.6214e+05,-11.555,0.22,4.6214e+05,0.248,0,0
1700,1.6157e-05,-1.3504e-20,0,0.37261,0.0131,0.37261,0.0131,0.61429,0.61429,1.5e-05,0.18458,1.0058e-05,1.8235,5.4176,1.165,4.6214e+05,4.6214e+05,-11.555,0.22,4.6214e+05,0.252,0,0
1700,1.6157e-05,-1.3504e-20,0,0.37261,0.0131,0.37261,0.0131,0.61429,0.61429,1.5e-05,0.18458,1.0058e-05,1.8235,5.4176,1.165,4.6214e+05,4.6214e+05,-11.555,0.22,4.6214e+05,0.248,0.035449,0
1700,1.6157e-05,-1.3504e-20,0,0.37261,0.0131,0.37261,0.0131,0.61429,0.61429,1.5e-05,0.18458,1.0058e-05,1.8235,5.4176,1.165,4.6214e+05,4.6214e+05,-11.555,0.22,4.6214e+05,0.252,0.035449,0
1700,1.6157e-05,4.0166e-21,0,0.37261,0.0131,0.37261,0.0131,0.61429,0.61429,1.5e-05,0.18458,1.0058e-05,1.8235,5.4176,1.165,4.4941e+05,4.4941e+05,-11.555,0.22,4.4941e+05,0.252,0,0
1700,1.6157e-05,4.0166e-21,0,0.37261,0.0131,0.37261,0.0131,0.61429,0.61429,1.5e-05,0.18458,1.0058e-05,1.8236,5.4177,1.165,4.4941e+05,4.4941e+05,-11.555,0.22,4.4941e+05,0.256,0,0
1700,1.6157e-05,-4.5985e-20,0,0.37261,0.0131,0.37261,0.0131,0.61429,0.61429,1.5e-05,0.18458,1.0058e-05,1.8235,5.4176,1.165,4.4941e+05,4.4941e+05,-11.555,0.22,4.4941e+05,0.252,0.035449,0
1700,1.6157e-05,-4.5985e-20,0,0.37261,0.0131,0.37261,0.0131,0.61429,0.61429,1.5e-05,0.18458,1.0058e-05,1.8236,5.4177,1.165,4.4941e+05,4.4941e+05,-11.555,0.22,4.4941e+05,0.256,0.035449,0
1700,1.6157e-05,-4.6839e-20,0,0.37261,0.0131,0.37261,0.0131,0.61429,0.61429,1.5e-05,0.18458,1.0058e-05,1.8236,5.4177,1.165,4.3667e+05,4.3667e+05,-11.555,0.22,4.3667e+05,0.256,0,0
1700,1.6157e-05,-4.6839e-20,0,0.37261,0.0131,0.37261,0.0131,0.61429,0.61429,1.5e-05,0.18458,1.0058e-05,1.8236,5.4177,1.165,4.3667e+05,4.3667e+05,-11.555,0.22,4.3667e+05,0.26,0,0
1700,1.6157e-05,5.3165e-20,0,0.37261,0.0131,0.37261,0.0131,0.61429,0.61429,1.5e-05,0.18458,1.0058e-05,1.8236,5.4177,1.165,4.3667e+05,4.3667e+05,-11.555,0.22,4.3667e+05,0.256,0.035449,0
1700,1.6157e-05,5.3165e-20,0,0.37261,0.0131,0.37261,0.0131,0.61429,0.61429,1.5e-05,0.18458,1.0058e-05,1.8236,5.4177,1.165,4.3667e+05,4.3667e+05,-11.555,0.22,4.3667e+05,0.26,0.035449,0
1700,1.6157e-05,5.402e-20,0,0.37261,0.0131,0.37261,0.0131,0.61429,0.61429,1.5e-05,0.18458,1.0058e-05,1.8236,5.4177,1.165,4.2394e+05,4.2394e+05,-11.555,0.22,4.2394e+05,0.26,0,0
1700,1.6157e-05,5.402e-20,0,0.37261,0.0131,0.37261,0.0131,0.61429,0.61429,1.5e-05,0.18458,1.0058e-05,1.8236,5.4177,1.165,4.2394e+05,4.2394e+05,-11.555,0.22,4.2394e+05,0.264,0,0
1700,1.6157e-05,-4.5986e-20,0,0.37261,0.0131,0.37261,0.0131,0.61429,0.61429,1.5e-05,0.18458,1.0058e-05,1.8236,5.4177,1.165,4.2394e+05,4.2394e+05,-11.555,0.22,4.2394e+05,0.26,0.035449,0
1700,1.6157e-05,-4.5986e-20,0,0.37261,0.0131,0.37261,0.0131,0.61429,0.61429,1.5e-05,0.18458,1.0058e-05,1.8236,5.4177,1.165,4.2394e+05,4.2394e+05,-11.555,0.22,4.2394e+05,0.264,0.035449,0
1700,1.6157e-05,-4.6841e-20,0,0.37261,0.0131,0.37261,0.0131,0.61429,0.61429,1.5e-05,0.18458,1.0058e-05,1.8236,5.4177,1.165,4.1121e+05,4.1121e+05,-11.555,0.22,4.1121e+05,0.264,0,0
1700,1.6157e-05,-4.6841e-20,0,0.37261,0.0131,0.37261,0.0131,0.61429,0.61429,1.5e-05,0.18458,1.0058e-05,1.8236,5.4177,1.165,4.1121e+05,4.1121e+05,-11.555,0.22,4.1121e+05,0.268,0,0
1700,1.6157e-05,1.0317e-19,0,0.37261,0.0131,0.37261,0.0131,0.61429,0.61429,1.5e-05,0.18458,1.0058e-05,1.8236,5.4177,1.165,4.1121e+05,4.1121e+05,-11.555,0.22,4.1121e+05,0.264,0.035449,0
1700,1.6157e-05,1.0317e-19,0,0.37261,0.0131,0.37261,0.0131,0.61429,0.61429,1.5e-05,0.18458,1.0058e-05,1.8236,5.4177,1.165,4.1121e+05,4.1121e+05,-11.555,0.22,4.1121e+05,0.268,0.035449,0
1700,1.6157e-05,-2.9319e-20,0,0.37261,0.0131,0.37261,0.0131,0.61429,0.61429,1.5e-05,0.18458,1.0058e-05,1.8236,5.4177,1.165,3.9847e+05,3.9847e+05,-11.555,0.22,3.9847e+05,0.268,0,0
1700,1.6157e-05,-2.9319e-20,0,0.37261,0.0131,0.37261,0.0131,0.61429,0.61429,1.5e-05,0.18458,1.0058e-05,1.8237,5.4177,1.165,3.9847e+05,3.9847e+05,-11.555,0.22,3.9847e+05,0.272,0,0
1700,1.6157e-05,-2.9319e-20,0,0.37261,0.0131,0.37261,0.0131,0.61429,0.61429,1.5e-05,0.18458,1.0058e-05,1.8236,5.4177,1.165,3.9847e+05,3.9847e+05,-11.555,0.22,3.9847e+05,0.268,0.035449,0
1700,1.6157e-05,-2.9319e-20,0,0.37261,0.0131,0.37261,0.0131,0.61429,0.61429,1.5e-05,0.18458,1.0058e-05,1.8237,5.4177,1.165,3.9847e+05,3.9847e+05,-11.555,0.22,3.9847e+05,0.272,0.035449,0
1700,1.6157e-05,3.1627e-21,0,0.37261,0.0131,0.37261,0.0131,0.61429,0.61429,1.5e-05,0.18458,1.0058e-05,1.8237,5.4177,1.165,3.8574e+05,3.8574e+05,-11.555,0.22,3.8574e+05,0.272,0,0
1700,1.6157e-05,3.1627e-21,0,0.37261,0.0131,0.37261,0.0131,0.61429,0.61429,1.5e-05,0.18458,1.0058e-05,1.8237,5.4177,1.165,3.8574e+05,3.8574e+05,-11.555,0.22,3.8574e+05,0.276,0,0
1700,1.6157e-05,3.1627e-21,0,0.37261,0.0131,0.37261,0.0131,0.61429,0.61429,1.5e-05,0.18458,1.0058e-05,1.8237,5.4177,1.165,3.8574e+05,3.8574e+05,-11.555,0.22,3.8574e+05,0.272,0.035449,0
1700,1.6157e-05,3.1627e-21,0,0.37261,0.0131,0.37261,0.0131,0.61429,0.61429,1.5e-05,0.18458,1.0058e-05,1.8237,5.4177,1.165,3.8574e+05,3.8574e+05,-11.555,0.22,3.8574e+05,0.276,0.035449,0
1700,1.6157e-05,3.7354e-20,0,0.37261,0.0131,0.37261,0.0131,0.61429,0.61428,1.5e-05,0.18458,1.0058e-05,1.8237,5.4177,1.165,3.7301e+05,3.7301e+05,-11.555,0.22,3.7301e+05,0.276,0,0
1700,1.6157e-05,3.7354e-20,0,0.37261,0.0131,0.37261,0.0131,0.61428,0.61428,1.5e-05,0.18458,1.0058e-05,1.8237,5.4177,1.165,3.7301e+05,3.7301e+05,-11.555,0.22,3.7301e+05,0.28,0,0
1700,1.6157e-05,-6.2656e-20,0,0.37261,0.0131,0.37261,0.0131,0.61429,0.61428,1.5e-05,0.18458,1.0058e-05,1.8237,5.4177,1.165,3.7301e+05,3.7301e+05,-11.555,0.22,3.7301e+05,0.276,0.035449,0
1700,1.6157e-05,-6.2656e-20,0,0.37261,0.0131,0.37261,0.0131,0.61428,0.61428,1.5e-05,0.18458,1.0058e-05,1.8237,5.4177,1.165,3.7301e+05,3.7301e+05,-11.555,0.22,3.7301e+05,0.28,0.035449,0
1700,1.6157e-05,5.3168e-20,0,0.37261,0.0131,0.37262,0.0131,0.61428,0.61428,1.5e-05,0.18458,1.0058e-05,1.8237,5.4177,1.165,3.6027e+05,3.6027e+05,-11.555,0.22,3.6027e+05,0.28,0,0
1700,1.6157e-05,5.3168e-20,0,0.37262,0.0131,0.37262,0.0131,0.61428,0.61428,1.5e-05,0.18458,1.0058e-05,1.8237,5.4178,1.165,3.6027e+05,3.6027e+05,-11.555,0.22,3.6027e+05,0.284,0,0
1700,1.6157e-05,-9.6848e-20,0,0.37261,0.0131,0.37262,0.0131,0.61428,0.61428,1.5e-05,0.18458,1.0058e-05,1.8237,5.4177,1.165,3.6027e+05,3.6027e+05,-11.555,0.22,3.6027e+05,0.28,0.035449,0
1700,1.6157e-05,-9.6848e-20,0,0.37262,0.0131,0.37262,0.0131,0.61428,0.61428,1.5e-05,0.18458,1.0058e-05,1.8237,5.4178,1.165,3.6027e+05,3.6027e+05,-11.555,0.22,3.6027e+05,0.284,0.035449,0
1700,1.6157e-05,3.7355e-20,0,0.37262,0.0131,0.37262,0.0131,0.61428,0.61428,1.5e-05,0.18458,1.0058e-05,1.8237,5.4178,1.165,3.4754e+05,3.4754e+05,-11.555,0.22,3.4754e+05,0.284,0,0
1700,1.6157e-05,3.7355e-20,0,0.37262,0.0131,0.37262,0.0131,0.61428,0.61428,1.5e-05,0.18458,1.0058e-05,1.8237,5.4178,1.165,3.4754e+05,3.4754e+05,-11.555,0.22,3.4754e+05,0.288,0,0
1700,1.6157e-05,3.7355e-20,0,0.37262,0.0131,0.37262,0.0131,0.61428,0.61428,1.5e-05,0.18458,1.0058e-05,1.8237,5.4178,1.165,3.4754e+05,3.4754e+05,-11.555,0.22,3.4754e+05,0.284,0.035449,0
1700,1.6157e-05,3.7355e-20,0,0.37262,0.0131,0.37262,0.0131,0.61428,0.61428,1.5e-05,0.18458,1.0058e-05,1.8237,5.4178,1.165,3.4754e+05,3.4754e+05,-11.555,0.22,3.4754e+05,0.288,0.035449,0
1700,1.6157e-05,5.0007e-20,0,0.37262,0.0131,0.37262,0.0131,0.61428,0.61428,1.5e-05,0.18458,1.0058e-05,1.8237,5.4178,1.165,3.3481e+05,3.3481e+05,-11.555,0.22,3.3481e+05,0.288,0,0
1700,1.6157e-05,5.0007e-20,0,0.37262,0.0131,0.37262,0.0131,0.61428,0.61428,1.5e-05,0.18458,1.0058e-05,1.8238,5.4178,1.165,3.3481e+05,3.3481e+05,-11.555,0.22,3.3481e+05,0.292,0,0
1700,1.6157e-05,-3.0563e-34,0,0.37262,0.0131,0.37262,0.0131,0.61428,0.61428,1.5e-05,0.18458,1.0058e-05,1.8237,5.4178,1.165,3.3481e+05,3.3481e+05,-11.555,0.22,3.3481e+05,0.288,0.035449,0
1700,1.6157e-05,-3.0563e-34,0,0.37262,0.0131,0.37262,0.0131,0.61428,0.61428,1.5e-05,0.18458,1.0058e-05,1.8238,5.4178,1.165,3.3481e+05,3.3481e+05,-11.555,0.22,3.3481e+05,0.292,0.035449,0
1700,1.6157e-05,-1.3506e-20,0,0.37262,0.0131,0.37262,0.0131,0.61428,0.61428,1.5e-05,0.18458,1.0058e-05,1.8238,5.4178,1.165,3.2207e+05,3.2207e+05,-11.555,0.22,3.2207e+05,0.292,0,0
1700,1.6157e-05,-1.3506e-20,0,0.37262,0.0131,0.37262,0.0131,0.61428,0.61428,1.5e-05,0.18458,1.0058e-05,1.8238,5.4178,1.165,3.2207e+05,3.2207e+05,-11.555,0.22,3.2207e+05,0.296,0,0
1700,1.6157e-05,-1.3506e-20,0,0.37262,0.0131,0.37262,0.0131,0.61428,0.61428,1.5e-05,0.18458,1.0058e-05,1.8238,5.4178,1.165,3.2207e+05,3.2207e+05,-11.555,0.22,3.2207e+05,0.292,0.035449,0
1700,1.6157e-05,-1.3506e-20,0,0.37262,0.0131,0.37262,0.0131,0.61428,0.61428,1.5e-05,0.18458,1.0058e-05,1.8238,5.4178,1.165,3.2207e+05,3.2207e+05,-11.555,0.22,3.2207e+05,0.296,0.035449,0
1700,1.6157e-05,5.0008e-20,0,0.37262,0.0131,0.37262,0.0131,0.61428,0.61428,1.5e-05,0.18458,1.0058e-05,1.8238,5.4178,1.165,3.0934e+05,3.0934e+05,-11.555,0.22,3.0934e+05,0.296,0,0
1700,1.6157e-05,5.0008e-20,0,0.37262,0.0131,0.37262,0.0131,0.61428,0.61428,1.5e-05,0.18458,1.0058e-05,1.8238,5.4178,1.165,3.0934e+05,3.0934e+05,-11.555,0.22,3.0934e+05,0.3,0,0
1700,1.6157e-05,-5.8775e-35,0,0.37262,0.0131,0.37262,0.0131,0.61428,0.61428,1.5e-05,0.18458,1.0058e-05,1.8238,5.4178,1.165,3.0934e+05,3.0934e+05,-11.555,0.22,3.0934e+05,0.296,0.035449,0
1700,1.6157e-05,-5.8775e-35,0,0.37262,0.0131,0.37262,0.0131,0.61428,0.61428,1.5e-05,0.18458,1.0058e-05,1.8238,5.4178,1.165,3.0934e+05,3.0934e+05,-11.555,0.22,3.0934e+05,0.3,0.035449,0
1700,1.6157e-05,-3.0176e-20,0,0.37262,0.0131,0.37262,0.0131,0.61428,0.61428,1.5e-05,0.18458,1.0058e-05,1.8238,5.4178,1.165,2.9661e+05,2.9661e+05,-11.555,0.22,2.9661e+05,0.3,0,0
1700,1.6157e-05,-3.0176e-20,0,0.37262,0.0131,0.37262,0.0131,0.61428,0.61428,1.5e-05,0.18458,1.0058e-05,1.8238,5.4178,1.165,2.9661e+05,2.9661e+05,-11.555,0.22,2.9661e+05,0.304,0,0
1700,1.6157e-05,6.9841e-20,0,0.37262,0.0131,0.37262,0.0131,0.61428,0.61428,1.5e-05,0.18458,1.0058e-05,1.8238,5.4178,1.165,2.9661e+05,2.9661e+05,-11.555,0.22,2.9661e+05,0.3,0.035449,0
1700,1.6157e-05,6.9841e-20,0,0.37262,0.0131,0.37262,0.0131,0.61428,0.61428,1.5e-05,0.18458,1.0058e-05,1.8238,5.4178,1.165,2.9661e+05,2.9661e+05,-11.555,0.22,2.9661e+05,0.304,0.035449,0
1700,1.6157e-05,-1.667e-20,0,0.37262,0.0131,0.37262,0.0131,0.61428,0.61428,1.5e-05,0.18458,1.0058e-05,1.8238,5.4178,1.165,2.8388e+05,2.8388e+05,-11.555,0.22,2.8388e+05,0.304,0,0
1700,1.6157e-05,-1.667e-20,0,0.37262,0.0131,0.37262,0.0131,0.61428,0.61428,1.5e-05,0.18458,1.0058e-05,1.8239,5.4178,1.165,2.8388e+05,2.8388e+05,-11.555,0.22,2.8388e+05,0.308,0,0
1700,1.6157e-05,-1.667e-20,0,0.37262,0.0131,0.37262,0.0131,0.61428,0.61428,1.5e-05,0.18458,1.0058e-05,1.8238,5.4178,1.165,2.8388e+05,2.8388e+05,-11.555,0.22,2.8388e+05,0.304,0.035449,0
1700,1.6157e-05,-1.667e-20,0,0.37262,0.0131,0.37262,0.0131,0.61428,0.61428,1.5e-05,0.18458,1.0058e-05,1.8239,5.4178,1.165,2.8388e+05,2.8388e+05,-11.555,0.22,2.8388e+05,0.308,0.035449,0
1700,1.6157e-05,-3.1627e-21,0,0.37262,0.0131,0.37262,0.0131,0.61428,0.61428,1.5e-05,0.18458,1.0058e-05,1.8239,5.4178,1.165,2.7114e+05,2.7114e+05,-11.555,0.22,2.7114e+05,0.308,0,0
1700,1.6157e-05,-3.1627e-21,0,0.37262,0.0131,0.37262,0.0131,0.61428,0.61428,1.5e-05,0.18457,1.0058e-05,1.8239,5.4179,1.165,2.7114e+05,2.7114e+05,-11.555,0.22,2.7114e+05,0.312,0,0
1700,1.6157e-05,4.6847e-20,0,0.37262,0.0131,0.37262,0.0131,0.61428,0.61428,1.5e-05,0.18458,1.0058e-05,1.8239,5.4178,1.165,2.7114e+05,2.7114e+05,-11.555,0.22,2.7114e+05,0.308,0.035449,0
1700,1.6157e-05,4.6847e-20,0,0.37262,0.0131,0.37262,0.0131,0.61428,0.61428,1.5e-05,0.18457,1.0058e-05,1.8239,5.4179,1.165,2.7114e+05,2.7114e+05,-11.555,0.22,2.7114e+05,0.312,0.035449,0
1700,1.6157e-05,1.667e-20,0,0.37262,0.0131,0.37262,0.0131,0.61428,0.61428,1.5e-05,0.18457,1.0058e-05,1.8239,5.4179,1.165,2.5841e+05,2.5841e+05,-11.555,0.22,2.5841e+05,0.312,0,0
1700,1.6157e-05,1.667e-20,0,0.37262,0.0131,0.37262,0.0131,0.61428,0.61428,1.5e-05,0.18457,1.0058e-05,1.8239,5.4179,1.165,2.5841e+05,2.5841e+05,-11.555,0.22,2.5841e+05,0.316,0,0
1700,1.6157e-05,-5.8346e-20,0,0.37262,0.0131,0.37262,0.0131,0.61428,0.61428,1.5e-05,0.18457,1.0058e-05,1.8239,5.4179,1.165,2.5841e+05,2.5841e+05,-11.555,0.22,2.5841e+05,0.312,0.035449,0
1700,1.6157e-05,-5.8346e-20,0,0.37262,0.0131,0.37262,0.0131,0.61428,0.61428,1.5e-05,0.18457,1.0058e-05,1.8239,5.4179,1.165,2.5841e+05,2.5841e+05,-11.555,0.22,2.5841e+05,0.316,0.035449,0
1700,1.6157e-05,5.3174e-20,0,0.37262,0.0131,0.37262,0.0131,0.61428,0.61428,1.5e-05,0.18457,1.0058e-05,1.8239,5.4179,1.165,2.4568e+05,2.4568e+05,-11.555,0.22,2.4568e+05,0.316,0,0
1700,1.6157e-05,5.3174e-20,0,0.37262,0.0131,0.37262,0.0131,0.61428,0.61428,1.5e-05,0.18457,1.0058e-05,1.8239,5.4179,1.165,2.4568e+05,2.4568e+05,-11.555,0.22,2.4568e+05,0.32,0,0
1700,1.6157e-05,-2.1843e-20,0,0.37262,0.0131,0.37262,0.0131,0.61428,0.61428,1.5e-05,0.18457,1.0058e-05,1.8239,5.4179,1.165,2.4568e+05,2.4568e+05,-11.555,0.22,2.4568e+05,0.316,0.035449,0
1700,1.6157e-05,-2.1843e-20,0,0.37262,0.0131,0.37262,0.0131,0.61428,0.61428,1.5e-05,0.18457,1.0058e-05,1.8239,5.4179,1.165,2.4568e+05,2.4568e+05,-11.555,0.22,2.4568e+05,0.32,0.035449,0
1700,1.6157e-05,-4.3687e-20,0,0.37262,0.0131,0.37262,0.0131,0.61428,0.61428,1.5e-05,0.18457,1.0058e-05,1.8239,5.4179,1.165,2.3295e+05,2.3295e+05,-11.555,0.22,2.3295e+05,0.32,0,0
1700,1.6157e-05,-4.3687e-20,0,0.37262,0.0131,0.37262,0.0131,0.61428,0.61428,1.5e-05,0.18457,1.0058e-05,1.824,5.4179,1.165,2.3295e+05,2.3295e+05,-11.555,0.22,2.3295e+05,0.324,0,0
1700,1.6157e-05,5.6337e-20,0,0.37262,0.0131,0.37262,0.0131,0.61428,0.61428,1.5e-05,0.18457,1.0058e-05,1.8239,5.4179,1.165,2.3295e+05,2.3295e+05,-11.555,0.22,2.3295e+05,0.32,0.035449,0
1700,1.6157e-05,5.6337e-20,0,0.37262,0.0131,0.37262,0.0131,0.61428,0.61428,1.5e-05,0.18457,1.0058e-05,1.824,5.4179,1.165,2.3295e+05,2.3295e+05,-11.555,0.22,2.3295e+05,0.324,0.035449,0
1700,1.6157e-05,-1.9834e-20,0,0.37262,0.0131,0.37262,0.0131,0.61428,0.61428,1.5e-05,0.18457,1.0058e-05,1.824,5.4179,1.165,2.2022e+05,2.2022e+05,-11.555,0.22,2.2022e+05,0.324,0,0
1700,1.6157e-05,-1.9834e-20,0,0.37262,0.0131,0.37262,0.0131,0.61428,0.61428,1.5e-05,0.18457,1.0058e-05,1.824,5.4179,1.165,2.2022e+05,2.2022e+05,-11.555,0.22,2.2022e+05,0.328,0,0
1700,1.6157e-05,3.0179e-20,0,0.37262,0.0131,0.37262,0.0131,0.61428,0.61428,1.5e-05,0.18457,1.0058e-05,1.824,5.4179,1.165,2.2022e+05,2.2022e+05,-11.555,0.22,2.2022e+05,0.324,0.035449,0
1700,1.6157e-05,3.0179e-20,0,0.37262,0.0131,0.37262,0.0131,0.61428,0.61428,1.5e-05,0.18457,1.0058e-05,1.824,5.4179,1.165,2.2022e+05,2.2022e+05,-11.555,0.22,2.2022e+05,0.328,0.035449,0
1700,1.6157e-05,2.5007e-20,0,0.37262,0.0131,0.37262,0.0131,0.61428,0.61428,1.5e-05,0.18457,1.0058e-05,1.824,5.4179,1.165,2.0749e+05,2.0749e+05,-11.555,0.22,2.0749e+05,0.328,0,0
1700,1.6157e-05,2.5007e-20,0,0.37262,0.0131,0.37262,0.0131,0.61428,0.61428,1.5e-05,0.18457,1.0058e-05,1.824,5.4179,1.165,2.0749e+05,2.0749e+05,-11.555,0.22,2.0749e+05,0.332,0,0
1700,1.6157e-05,-2.5007e-20,0,0.37262,0.0131,0.37262,0.0131,0.61428,0.61428,1.5e-05,0.18457,1.0058e-05,1.824,5.4179,1.165,2.0749e+05,2.0749e+05,-11.555,0.22,2.0749e+05,0.328,0.035449,0
1700,1.6157e-05,-2.5007e-20,0,0.37262,0.0131,0.37262,0.0131,0.61428,0.61428,1.5e-05,0.18457,1.0058e-05,1.824,5.4179,1.165,2.0749e+05,2.0749e+05,-11.555,0.22,2.0749e+05,0.332,0.035449,0
1700,1.6157e-05,1.1498e-20,0,0.37262,0.0131,0.37262,0.0131,0.61428,0.61428,1.5e-05,0.18457,1.0058e-05,1.824,5.4179,1.165,1.9476e+05,1.9476e+05,-11.555,0.22,1.9476e+05,0.332,0,0
1700,1.6157e-05,1.1498e-20,0,0.37262,0.0131,0.37262,0.0131,0.61428,0.61428,1.5e-05,0.18457,1.0058e-05,1.824,5.418,1.165,1.9476e+05,1.9476e+05,-11.555,0.22,1.9476e+05,0.336,0,0
1700,1.6157e-05,6.1513e-20,0,0.37262,0.0131,0.37262,0.0131,0.61428,0.61428,1.5e-05,0.18457,1.0058e-05,1.824,5.4179,1.165,1.9476e+05,1.9476e+05,-11.555,0.22,1.9476e+05,0.332,0.035449,0
1700,1.6157e-05,6.1513e-20,0,0.37262,0.0131,0.37262,0.0131,0.61428,0.61428,1.5e-05,0.18457,1.0058e-05,1.824,5.418,1.165,1.9476e+05,1.9476e+05,-11.555,0.22,1.9476e+05,0.336,0.035449,0
1700,1.6157e-05,-2.0105e-21,0,0.37262,0.0131,0.37262,0.0131,0.61428,0.61428,1.5e-05,0.18457,1.0058e-05,1.824,5.418,1.165,1.8203e+05,1.8203e+05,-11.555,0.22,1.8203e+05,0.336,0,0
1700,1.6157e-05,-2.0105e-21,0,0.37262,0.0131,0.37262,0.0131,0.61428,0.61428,1.5e-05,0.18457,1.0058e-05,1.8241,5.418,1.165,1.8203e+05,1.8203e+05,-11.555,0.22,1.8203e+05,0.34,0,0
1700,1.6157e-05,-2.0105e-21,0,0.37262,0.0131,0.37262,0.0131,0.61428,0.61428,1.5e-05,0.18457,1.0058e-05,1.824,5.418,1.165,1.8203e+05,1.8203e+05,-11.555,0.22,1.8203e+05,0.336,0.035449,0
1700,1.6157e-05,-2.0105e-21,0,0.37262,0.0131,0.37262,0.0131,0.61428,0.61428,1.5e-05,0.18457,1.0058e-05,1.8241,5.418,1.165,1.8203e+05,1.8203e+05,-11.555,0.22,1.8203e+05,0.34,0.035449,0
1700,1.6157e-05,-2.8171e-20,0,0.37262,0.0131,0.37262,0.0131,0.61428,0.61427,1.5e-05,0.18457,1.0058e-05,1.8241,5.418,1.165,1.6929e+05,1.6929e+05,-11.555,0.22,1.6929e+05,0.34,0,0
1700,1.6157e-05,-2.8171e-20,0,0.37262,0.0131,0.37262,0.0131,0.61427,0.61427,1.5e-05,0.18457,1.0058e-05,1.8241,5.418,1.165,1.6929e+05,1.6929e+05,-11.555,0.22,1.6929e+05,0.344,0,0
1700,1.6157e-05,2.1845e-20,0,0.37262,0.0131,0.37262,0.0131,0.61428,0.61427,1.5e-05,0.18457,1.0058e-05,1.8241,5.418,1.165,1.6929e+05,1.6929e+05,-11.555,0.22,1.6929e+05,0.34,0.035449,0
1700,1.6157e-05,2.1845e-20,0,0.37262,0.0131,0.37262,0.0131,0.61427,0.61427,1.5e-05,0.18457,1.0058e-05,1.8241,5.418,1.165,1.6929e+05,1.6929e+05,-11.555,0.22,1.6929e+05,0.344,0.035449,0
1700,1.6157e-05,-4.3145e-21,0,0.37262,0.0131,0.37263,0.0131,0.61427,0.61427,1.5e-05,0.18457,1.0058e-05,1.8241,5.418,1.165,1.5656e+05,1.5656e+05,-11.555,0.22,1.5656e+05,0.344,0,0
1700,1.6157e-05,-4.3145e-21,0,0.37263,0.0131,0.37263,0.0131,0.61427,0.61427,1.5e-05,0.18457,1.0058e-05,1.8241,5.418,1.165,1.5656e+05,1.5656e+05,-11.555,0.22,1.5656e+05,0.348,0,0
1700,1.6157e-05,-2.9323e-20,0,0.37262,0.0131,0.37263,0.0131,0.61427,0.61427,1.5e-05,0.18457,1.0058e-05,1.8241,5.418,1.165,1.5656e+05,1.5656e+05,-11.555,0.22,1.5656e+05,0.344,0.035449,0
1700,1.6157e-05,-2.9323e-20,0,0.37263,0.0131,0.37263,0.0131,0.61427,0.61427,1.5e-05,0.18457,1.0058e-05,1.8241,5.418,1.165,1.5656e+05,1.5656e+05,-11.555,0.22,1.5656e+05,0.348,0.035449,0
1700,1.6157e-05,-2.702e-20,0,0.37263,0.0131,0.37263,0.0131,0.61427,0.61427,1.5e-05,0.18457,1.0058e-05,1.8241,5.418,1.165,1.4383e+05,1.4383e+05,-11.555,0.22,1.4383e+05,0.348,0,0
1700,1.6157e-05,-2.702e-20,0,0.37263,0.0131,0.37263,0.0131,0.61427,0.61427,1.5e-05,0.18457,1.0058e-05,1.8242,5.418,1.165,1.4383e+05,1.4383e+05,-11.555,0.22,1.4383e+05,0.352,0,0
1700,1.6157e-05,2.2998e-20,0,0.37263,0.0131,0.37263,0.0131,0.61427,0.61427,1.5e-05,0.18457,1.0058e-05,1.8241,5.418,1.165,1.4383e+05,1.4383e+05,-11.555,0.22,1.4383e+05,0.348,0.035449,0
1700,1.6157e-05,2.2998e-20,0,0.37263,0.0131,0.37263,0.0131,0.61427,0.61427,1.5e-05,0.18457,1.0058e-05,1.8242,5.418,1.165,1.4383e+05,1.4383e+05,-11.555,0.22,1.4383e+05,0.352,0.035449,0
1700,1.6157e-05,1.351e-20,0,0.37263,0.0131,0.37263,0.0131,0.61427,0.61427,1.5e-05,0.18457,1.0058e-05,1.8242,5.418,1.165,1.311e+05,1.311e+05,-11.555,0.22,1.311e+05,0.352,0,0
1700,1.6157e-05,1.351e-20,0,0.37263,0.0131,0.37263,0.0131,0.61427,0.61427,1.5e-05,0.18457,1.0058e-05,1.8242,5.4181,1.165,1.311e+05,1.311e+05,-11.555,0.22,1.311e+05,0.356,0,0
1700,1.6157e-05,-3.6508e-20,0,0.37263,0.0131,0.37263,0.0131,0.61427,0.61427,1.5e-05,0.18457,1.0058e-05,1.8242,5.418,1.165,1.311e+05,1.311e+05,-11.555,0.22,1.311e+05,0.352,0.035449,0
1700,1.6157e-05,-3.6508e-20,0,0.37263,0.0131,0.37263,0.0131,0.61427,0.61427,1.5e-05,0.18457,1.0058e-05,1.8242,5.4181,1.165,1.311e+05,1.311e+05,-11.555,0.22,1.311e+05,0.356,0.035449,0
1700,1.6157e-05,-1.6673e-20,0,0.37263,0.0131,0.37263,0.0131,0.61427,0.61427,1.5e-05,0.18457,1.0058e-05,1.8242,5.4181,1.165,1.1837e+05,1.1837e+05,-11.555,0.22,1.1837e+05,0.356,0,0
1700,1.6157e-05,-1.6673e-20,0,0.37263,0.0131,0.37263,0.0131,0.61427,0.61427,1.5e-05,0.18457,1.0058e-05,1.8242,5.4181,1.165,1.1837e+05,1.1837e+05,-11.555,0.22,1.1837e+05,0.36,0,0
1700,1.6157e-05,2.0841e-20,0,0.37263,0.0131,0.37263,0.0131,0.61427,0.61427,1.5e-05,0.18457,1.0058e-05,1.8242,5.4181,1.165,1.1837e+05,1.1837e+05,-11.555,0.22,1.1837e+05,0.356,0.035449,0
1700,1.6157e-05,2.0841e-20,0,0.37263,0.0131,0.37263,0.0131,0.61427,0.61427,1.5e-05,0.18457,1.0058e-05,1.8242,5.4181,1.165,1.1837e+05,1.1837e+05,-11.555,0.22,1.1837e+05,0.36,0.035449,0
1700,1.6157e-05,2.4004e-20,0,0.37263,0.0131,0.37263,0.0131,0.61427,0.61427,1.5e-05,0.18457,1.0058e-05,1.8242,5.4181,1.165,1.0565e+05,1.0565e+05,-11.555,0.22,1.0565e+05,0.36,0,0
1700,1.6157e-05,2.4004e-20,0,0.37263,0.0131,0.37263,0.0131,0.61427,0.61427,1.5e-05,0.18457,1.0058e-05,1.8243,5.4181,1.165,1.0565e+05,1.0565e+05,-11.555,0.22,1.0565e+05,0.364,0,0
1700,1.6157e-05,-2.6016e-20,0,0.37263,0.0131,0.37263,0.0131,0.61427,0.61427,1.5e-05,0.18457,1.0058e-05,1.8242,5.4181,1.165,1.0565e+05,1.0565e+05,-11.555,0.22,1.0565e+05,0.36,0.035449,0
1700,1.6157e-05,-2.6016e-20,0,0.37263,0.0131,0.37263,0.0131,0.61427,0.61427,1.5e-05,0.18457,1.0058e-05,1.8243,5.4181,1.165,1.0565e+05,1.0565e+05,-11.555,0.22,1.0565e+05,0.364,0.035449,0
1700,1.6157e-05,3.1191e-20,0,0.37263,0.0131,0.37263,0.0131,0.61427,0.61427,1.5e-05,0.18457,1.0058e-05,1.8243,5.4181,1.165,92916,92916,-11.555,0.22,92916,0.364,0,0
1700,1.6157e-05,3.1191e-20,0,0.37263,0.0131,0.37263,0.0131,0.61427,0.61427,1.5e-05,0.18457,1.0058e-05,1.8243,5.4181,1.165,92916,92916,-11.555,0.22,92916,0.368,0,0
1700,1.6157e-05,-1.8831e-20,0,0.37263,0.0131,0.37263,0.0131,0.61427,0.61427,1.5e-05,0.18457,1.0058e-05,1.8243,5.4181,1.165,92916,92916,-11.555,0.22,92916,0.364,0.035449,0
1700,1.6157e-05,-1.8831e-20,0,0.37263,0.0131,0.37263,0.0131,0.61427,0.61427,1.5e-05,0.18457,1.0058e-05,1.8243,5.4181,1.165,92916,92916,-11.555,0.22,92916,0.368,0.035449,0
1700,1.6157e-05,1.768e-20,0,0.37263,0.0131,0.37263,0.0131,0.61427,0.61427,1.5e-05,0.18457,1.0058e-05,1.8243,5.4181,1.165,80187,80187,-11.555,0.22,80187,0.368,0,0
1700,1.6157e-05,1.768e-20,0,0.37263,0.0131,0.37263,0.0131,0.61427,0.61427,1.5e-05,0.18456,1.0058e-05,1.8243,5.4182,1.165,80187,80187,-11.555,0.22,80187,0.372,0,0
1700,1.6157e-05,-7.3312e-21,0,0.37263,0.0131,0.37263,0.0131,0.61427,0.61427,1.5e-05,0.18457,1.0058e-05,1.8243,5.4181,1.165,80187,80187,-11.555,0.22,80187,0.368,0.035449,0
1700,1.6157e-05,-7.3312e-21,0,0.37263,0.0131,0.37263,0.0131,0.61427,0.61427,1.5e-05,0.18456,1.0058e-05,1.8243,5.4182,1.165,80187,80187,-11.555,0.22,80187,0.372,0.035449,0
1700,1.6157e-05,4.3134e-21,0,0.37263,0.0131,0.37263,0.0131,0.61427,0.61427,1.5e-05,0.18456,1.0058e-05,1.8243,5.4182,1.165,67458,67458,-11.555,0.22,67458,0.372,0,0
1700,1.6157e-05,4.3134e-21,0,0.37263,0.0131,0.37263,0.0131,0.61427,0.61427,1.5e-05,0.18456,1.0058e-05,1.8244,5.4182,1.165,67458,67458,-11.555,0.22,67458,0.376,0,0
1700,1.6157e-05,-8.1924e-21,0,0.37263,0.0131,0.37263,0.0131,0.61427,0.61427,1.5e-05,0.18456,1.0058e-05,1.8243,5.4182,1.165,67458,67458,-11.555,0.22,67458,0.372,0.035449,0
1700,1.6157e-05,-8.1924e-21,0,0.37263,0.0131,0.37263,0.0131,0.61427,0.61427,1.5e-05,0.18456,1.0058e-05,1.8244,5.4182,1.165,67458,67458,-11.555,0.22,67458,0.376,0.035449,0
1700,1.6157e-05,5.247e-21,0,0.37263,0.0131,0.37263,0.0131,0.61427,0.61427,1.5e-05,0.18456,1.0058e-05,1.8244,5.4182,1.165,54730,54730,-11.555,0.22,54730,0.376,0,0
1700,1.6157e-05,5.247e-21,0,0.37263,0.0131,0.37263,0.0131,0.61427,0.61427,1.5e-05,0.18456,1.0058e-05,1.8245,5.4182,1.165,54730,54730,-11.555,0.22,54730,0.38,0,0
1700,1.6157e-05,-7.2593e-21,0,0.37263,0.0131,0.37263,0.0131,0.61427,0.61427,1.5e-05,0.18456,1.0058e-05,1.8244,5.4182,1.165,54730,54730,-11.555,0.22,54730,0.376,0.035449,0
1700,1.6157e-05,-7.2593e-21,0,0.37263,0.0131,0.37263,0.0131,0.61427,0.61427,1.5e-05,0.18456,1.0058e-05,1.8245,5.4182,1.165,54730,54730,-11.555,0.22,54730,0.38,0.035449,0
1700,1.6157e-05,2.0144e-21,0,0.37264,0.0131,0.37264,0.0131,0.61426,0.61425,1.5e-05,0.18456,1.0058e-05,1.8247,5.4184,1.165,42003,42003,-11.555,0.22,42003,0.38,0,0
1700,1.6157e-05,2.0144e-21,0,0.37265,0.0131,0.37264,0.0131,0.61425,0.61425,1.5e-05,0.18455,1.0058e-05,1.8251,5.4187,1.165,42003,42003,-11.555,0.22,42003,0.384,0,0
1700,1.6157e-05,2.0144e-21,0,0.37264,0.0131,0.37264,0.0131,0.61426,0.61425,1.5e-05,0.18456,1.0058e-05,1.8247,5.4184,1.165,42003,42003,-11.555,0.22,42003,0.38,0.035449,0
1700,1.6157e-05,2.0144e-21,0,0.37265,0.0131,0.37264,0.0131,0.61425,0.61425,1.5e-05,0.18455,1.0058e-05,1.8251,5.4187,1.165,42003,42003,-11.555,0.22,42003,0.384,0.035449,0
1700,1.6157e-05,-5.253e-21,0,0.3727,0.0131,0.37276,0.0131,0.6142,0.61414,1.5e-05,0.1845,1.0058e-05,1.8273,5.4201,1.165,29295,29295,-11.555,0.22,29295,0.384,0,0
1700,1.6157e-05,-5.253e-21,0,0.37282,0.0131,0.37276,0.0131,0.61408,0.61414,1.5e-05,0.18439,1.0058e-05,1.832,5.4231,1.165,29295,29295,-11.555,0.22,29295,0.388,0,0
1700,1.6157e-05,1.018e-21,0,0.3727,0.0131,0.37276,0.0131,0.6142,0.61414,1.5e-05,0.1845,1.0058e-05,1.8273,5.4201,1.165,29295,29295,-11.555,0.22,29295,0.384,0.035449,0
1700,1.6157e-05,1.018e-21,0,0.37282,0.0131,0.37276,0.0131,0.61408,0.61414,1.5e-05,0.18439,1.0058e-05,1.832,5.4231,1.165,29295,29295,-11.555,0.22,29295,0.388,0.035449,0
1700,1.6157e-05,0,0,0.37341,0.0131,0.37406,0.0131,0.61349,0.61284,1.5e-05,0.18387,1.0058e-05,1.8558,5.4387,1.165,16781,16781,-11.555,0.22,16781,0.388,0,0
1700,1.6157e-05,0,0,0.37471,0.0131,0.37406,0.0131,0.61219,0.61284,1.5e-05,0.18269,1.0057e-05,1.909,5.4737,1.165,16781,16781,-11.555,0.22,16781,0.392,0,0
1700,1.6157e-05,0,0,0.37341,0.0131,0.37406,0.0131,0.61349,0.61284,1.5e-05,0.18387,1.0058e-05,1.8558,5.4387,1.165,16781,16781,-11.555,0.22,16781,0.388,0.035449,0
1700,1.6157e-05,0,0,0.37471,0.0131,0.37406,0.0131,0.61219,0.61284,1.5e-05,0.18269,1.0057e-05,1.909,5.4737,1.165,16781,16781,-11.555,0.22,16781,0.392,0.035449,0
1700,1.6157e-05,-1.3609e-22,0,0.38146,0.0131,0.38887,0.0131,0.60544,0.59803,1.5e-05,0.1762,1.0054e-05,2.2048,5.6755,1.165,6088.5,6088.5,-11.555,0.22,6088.5,0.392,0,0
1700,1.6157e-05,-1.3609e-22,0,0.39627,0.0131,0.38887,0.0131,0.59063,0.59803,1.5e-05,0.16027,1.0048e-05,2.9704,6.2396,1.165,6088.5,6088.5,-11.555,0.22,6088.5,0.396,0,0
1700,1.6157e-05,3.1627e-21,0,0.38146,0.0131,0.38887,0.0131,0.60544,0.59803,1.5e-05,0.1762,1.0054e-05,2.2048,5.6755,1.165,6088.5,6088.5,-11.555,0.22,6088.5,0.392,0.035449,0
1700,1.6157e-05,3.1627e-21,0,0.39627,0.0131,0.38887,0.0131,0.59063,0.59803,1.5e-05,0.16027,1.0048e-05,2.9704,6.2396,1.165,6088.5,6088.5,-11.555,0.22,6088.5,0.396,0.035449,0
1700,1.6157e-05,2.986e-22,0,0.49931,0.0131,0.49931,0.0131,0.48759,0.48759,1.5e-05,0.059256,9.9859e-06,14.842,16.876,1.165,782.27,782.27,-11.555,0.22,782.27,0.396,0,0
1700,1.6157e-05,2.986e-22,0,0.49931,0.0131,0.49931,0.0131,0.48759,0.48759,1.5e-05,0.059256,9.9859e-06,14.842,16.876,1.165,782.27,782.27,-11.555,0.22,782.27,0.4,0,0
1700,1.6157e-05,2.986e-22,0,0.49931,0.0131,0.49931,0.0131,0.48759,0.48759,1.5e-05,0.059256,9.9859e-06,14.842,16.876,1.165,782.27,782.27,-11.555,0.22,782.27,0.396,0.035449,0
1700,1.6157e-05,2.986e-22,0,0.49931,0.0131,0.49931,0.0131,0.48759,0.48759,1.5e-05,0.059256,9.9859e-06,14.842,16.876,1.165,782.27,782.27,-11.555,0.22,782.27,0.4,0.035449,0
