sw,sg,sw_inj,sg_inj,oil_bank,fg_inj
0.08,0.88,0.0,1.0,False,0.999999
0.08,0.88,0.1,0.9,False,0.822335
0.08,0.88,0.2,0.8,False,0.477611
0.08,0.88,0.3,0.7,False,0.237288
0.08,0.88,0.4,0.6,False,0.113923
0.08,0.88,0.5,0.5,False,0.0540533
0.08,0.88,0.6,0.4,False,0.024767
0.08,0.88,0.7,0.3,False,0.0103858
0.08,0.84,0.0,1.0,False,0.999999
0.08,0.84,0.1,0.9,False,0.822335
0.08,0.84,0.2,0.8,False,0.477611
0.08,0.84,0.3,0.7,False,0.237288
0.08,0.84,0.4,0.6,False,0.113923
0.08,0.84,0.5,0.5,False,0.0540533
0.08,0.84,0.6,0.4,False,0.024767
0.08,0.84,0.7,0.3,False,0.0103858
0.08,0.8,0.0,1.0,False,0.999999
0.08,0.8,0.1,0.9,False,0.822335
0.08,0.8,0.2,0.8,False,0.477611
0.08,0.8,0.3,0.7,False,0.237288
0.08,0.8,0.4,0.6,False,0.113923
0.08,0.8,0.5,0.5,False,0.0540533
0.08,0.8,0.6,0.4,False,0.024767
0.08,0.8,0.7,0.3,False,0.0103858
0.08,0.76,0.0,1.0,False,0.999999
0.08,0.76,0.1,0.9,False,0.822335
0.08,0.76,0.2,0.8,False,0.477611
0.08,0.76,0.3,0.7,False,0.237288
0.08,0.76,0.4,0.6,False,0.113923
0.08,0.76,0.5,0.5,False,0.0540533
0.08,0.76,0.6,0.4,False,0.024767
0.08,0.76,0.7,0.3,False,0.0103858
0.08,0.72,0.0,1.0,False,0.999999
0.08,0.72,0.1,0.9,False,0.822335
0.08,0.72,0.2,0.8,False,0.477611
0.08,0.72,0.3,0.7,False,0.237288
0.08,0.72,0.4,0.6,False,0.113923
0.08,0.72,0.5,0.5,False,0.0540533
0.08,0.72,0.6,0.4,False,0.024767
0.08,0.72,0.7,0.3,False,0.0103858
0.08,0.68,0.0,1.0,False,0.999999
0.08,0.68,0.1,0.9,False,0.822335
0.08,0.68,0.2,0.8,False,0.477611
0.08,0.68,0.3,0.7,False,0.237288
0.08,0.68,0.4,0.6,False,0.113923
0.08,0.68,0.5,0.5,False,0.0540533
0.08,0.68,0.6,0.4,False,0.024767
0.08,0.68,0.7,0.3,False,0.0103858
0.08,0.64,0.0,1.0,False,0.999999
0.08,0.64,0.1,0.9,False,0.822335
0.08,0.64,0.2,0.8,False,0.477611
0.08,0.64,0.3,0.7,False,0.237288
0.08,0.64,0.4,0.6,False,0.113923
0.08,0.64,0.5,0.5,False,0.0540533
0.08,0.64,0.6,0.4,False,0.024767
0.08,0.64,0.7,0.3,False,0.0103858
0.08,0.6,0.0,1.0,False,0.999999
0.08,0.6,0.1,0.9,False,0.822335
0.08,0.6,0.2,0.8,False,0.477611
0.08,0.6,0.3,0.7,False,0.237288
0.08,0.6,0.4,0.6,False,0.113923
0.08,0.6,0.5,0.5,False,0.0540533
0.08,0.6,0.6,0.4,False,0.024767
0.08,0.6,0.7,0.3,False,0.0103858
0.08,0.56,0.0,1.0,False,0.999999
0.08,0.56,0.1,0.9,False,0.822335
0.08,0.56,0.2,0.8,False,0.477611
0.08,0.56,0.3,0.7,False,0.237288
0.08,0.56,0.4,0.6,False,0.113923
0.08,0.56,0.5,0.5,False,0.0540533
0.08,0.56,0.6,0.4,False,0.024767
0.08,0.56,0.7,0.3,False,0.0103858
0.08,0.52,0.0,1.0,False,0.999999
0.08,0.52,0.1,0.9,False,0.822335
0.08,0.52,0.2,0.8,False,0.477611
0.08,0.52,0.3,0.7,False,0.237288
0.08,0.52,0.4,0.6,False,0.113923
0.08,0.52,0.5,0.5,False,0.0540533
0.08,0.52,0.6,0.4,False,0.024767
0.08,0.52,0.7,0.3,False,0.0103858
0.08,0.48,0.0,1.0,False,0.999999
0.08,0.48,0.1,0.9,False,0.822335
0.08,0.48,0.2,0.8,False,0.477611
0.08,0.48,0.3,0.7,False,0.237288
0.08,0.48,0.4,0.6,False,0.113923
0.08,0.48,0.5,0.5,False,0.0540533
0.08,0.48,0.6,0.4,False,0.024767
0.08,0.48,0.7,0.3,False,0.0103858
0.08,0.44,0.0,1.0,False,0.999999
0.08,0.44,0.1,0.9,False,0.822335
0.08,0.44,0.2,0.8,False,0.477611
0.08,0.44,0.3,0.7,False,0.237288
0.08,0.44,0.4,0.6,False,0.113923
0.08,0.44,0.5,0.5,False,0.0540533
0.08,0.44,0.6,0.4,False,0.024767
0.08,0.44,0.7,0.3,False,0.0103858
0.08,0.4,0.0,1.0,False,0.999999
0.08,0.4,0.1,0.9,False,0.822335
0.08,0.4,0.2,0.8,False,0.477611
0.08,0.4,0.3,0.7,False,0.237288
0.08,0.4,0.4,0.6,False,0.113923
0.08,0.4,0.5,0.5,False,0.0540533
0.08,0.4,0.6,0.4,False,0.024767
0.08,0.4,0.7,0.3,False,0.0103858
0.08,0.36,0.0,1.0,False,0.999999
0.08,0.36,0.1,0.9,False,0.822335
0.08,0.36,0.2,0.8,False,0.477611
0.08,0.36,0.3,0.7,False,0.237288
0.08,0.36,0.4,0.6,False,0.113923
0.08,0.36,0.5,0.5,False,0.0540533
0.08,0.36,0.6,0.4,False,0.024767
0.08,0.36,0.7,0.3,False,0.0103858
0.08,0.32,0.0,1.0,False,0.999999
0.08,0.32,0.1,0.9,False,0.822335
0.08,0.32,0.2,0.8,False,0.477611
0.08,0.32,0.3,0.7,False,0.237288
0.08,0.32,0.4,0.6,False,0.113923
0.08,0.32,0.5,0.5,False,0.0540533
0.08,0.32,0.6,0.4,False,0.024767
0.08,0.32,0.7,0.3,False,0.0103858
0.08,0.28,0.0,1.0,False,0.999999
0.08,0.28,0.1,0.9,False,0.822335
0.08,0.28,0.2,0.8,False,0.477611
0.08,0.28,0.3,0.7,False,0.237288
0.08,0.28,0.4,0.6,False,0.113923
0.08,0.28,0.5,0.5,False,0.0540533
0.08,0.28,0.6,0.4,False,0.024767
0.08,0.28,0.7,0.3,False,0.0103858
0.08,0.24,0.0,1.0,False,0.999999
0.08,0.24,0.1,0.9,False,0.822335
0.08,0.24,0.2,0.8,False,0.477611
0.08,0.24,0.3,0.7,False,0.237288
0.08,0.24,0.4,0.6,False,0.113923
0.08,0.24,0.5,0.5,False,0.0540533
0.08,0.24,0.6,0.4,False,0.024767
0.08,0.24,0.7,0.3,False,0.0103858
0.08,0.2,0.0,1.0,False,0.999999
0.08,0.2,0.1,0.9,False,0.822335
0.08,0.2,0.2,0.8,False,0.477611
0.08,0.2,0.3,0.7,False,0.237288
0.08,0.2,0.4,0.6,False,0.113923
0.08,0.2,0.5,0.5,False,0.0540533
0.08,0.2,0.6,0.4,False,0.024767
0.08,0.2,0.7,0.3,False,0.0103858
0.08,0.16,0.0,1.0,False,0.999999
0.08,0.16,0.1,0.9,False,0.822335
0.08,0.16,0.2,0.8,False,0.477611
0.08,0.16,0.3,0.7,False,0.237288
0.08,0.16,0.4,0.6,False,0.113923
0.08,0.16,0.5,0.5,False,0.0540533
0.08,0.16,0.6,0.4,False,0.024767
0.08,0.16,0.7,0.3,False,0.0103858
0.08,0.12,0.0,1.0,False,0.999999
0.08,0.12,0.1,0.9,False,0.822335
0.08,0.12,0.2,0.8,False,0.477611
0.08,0.12,0.3,0.7,False,0.237288
0.08,0.12,0.4,0.6,False,0.113923
0.08,0.12,0.5,0.5,False,0.0540533
0.08,0.12,0.6,0.4,False,0.024767
0.08,0.12,0.7,0.3,False,0.0103858
0.08,0.08,0.0,1.0,False,0.999999
0.08,0.08,0.1,0.9,False,0.822335
0.08,0.08,0.2,0.8,False,0.477611
0.08,0.08,0.3,0.7,False,0.237288
0.08,0.08,0.4,0.6,False,0.113923
0.08,0.08,0.5,0.5,False,0.0540533
0.08,0.08,0.6,0.4,False,0.024767
0.08,0.08,0.7,0.3,False,0.0103858
0.08,0.04,0.0,1.0,False,0.999999
0.08,0.04,0.1,0.9,False,0.822335
0.08,0.04,0.2,0.8,False,0.477611
0.08,0.04,0.3,0.7,False,0.237288
0.08,0.04,0.4,0.6,False,0.113923
0.08,0.04,0.5,0.5,False,0.0540533
0.08,0.04,0.6,0.4,False,0.024767
0.08,0.04,0.7,0.3,False,0.0103858
0.08,0.0,0.0,1.0,False,0.999999
0.08,0.0,0.1,0.9,False,0.822335
0.08,0.0,0.2,0.8,False,0.477611
0.08,0.0,0.3,0.7,False,0.237288
0.08,0.0,0.4,0.6,False,0.113923
0.08,0.0,0.5,0.5,False,0.0540533
0.08,0.0,0.6,0.4,False,0.024767
0.08,0.0,0.7,0.3,False,0.0103858
0.12,0.84,0.0,1.0,False,0.999999
0.12,0.84,0.1,0.9,False,0.822335
0.12,0.84,0.2,0.8,False,0.477611
0.12,0.84,0.3,0.7,False,0.237288
0.12,0.84,0.4,0.6,False,0.113923
0.12,0.84,0.5,0.5,False,0.0540533
0.12,0.84,0.6,0.4,False,0.024767
0.12,0.84,0.7,0.3,False,0.0103858
0.12,0.8,0.0,1.0,False,0.999999
0.12,0.8,0.1,0.9,False,0.822335
0.12,0.8,0.2,0.8,False,0.477611
0.12,0.8,0.3,0.7,False,0.237288
0.12,0.8,0.4,0.6,False,0.113923
0.12,0.8,0.5,0.5,False,0.0540533
0.12,0.8,0.6,0.4,False,0.024767
0.12,0.8,0.7,0.3,False,0.0103858
0.12,0.76,0.0,1.0,False,0.999999
0.12,0.76,0.1,0.9,False,0.822335
0.12,0.76,0.2,0.8,False,0.477611
0.12,0.76,0.3,0.7,False,0.237288
0.12,0.76,0.4,0.6,False,0.113923
0.12,0.76,0.5,0.5,False,0.0540533
0.12,0.76,0.6,0.4,False,0.024767
0.12,0.76,0.7,0.3,False,0.0103858
0.12,0.72,0.0,1.0,False,0.999999
0.12,0.72,0.1,0.9,False,0.822335
0.12,0.72,0.2,0.8,False,0.477611
0.12,0.72,0.3,0.7,False,0.237288
0.12,0.72,0.4,0.6,False,0.113923
0.12,0.72,0.5,0.5,False,0.0540533
0.12,0.72,0.6,0.4,False,0.024767
0.12,0.72,0.7,0.3,False,0.0103858
0.12,0.68,0.0,1.0,False,0.999999
0.12,0.68,0.1,0.9,False,0.822335
0.12,0.68,0.2,0.8,False,0.477611
0.12,0.68,0.3,0.7,False,0.237288
0.12,0.68,0.4,0.6,False,0.113923
0.12,0.68,0.5,0.5,False,0.0540533
0.12,0.68,0.6,0.4,False,0.024767
0.12,0.68,0.7,0.3,False,0.0103858
0.12,0.64,0.0,1.0,False,0.999999
0.12,0.64,0.1,0.9,False,0.822335
0.12,0.64,0.2,0.8,False,0.477611
0.12,0.64,0.3,0.7,False,0.237288
0.12,0.64,0.4,0.6,False,0.113923
0.12,0.64,0.5,0.5,False,0.0540533
0.12,0.64,0.6,0.4,False,0.024767
0.12,0.64,0.7,0.3,False,0.0103858
0.12,0.6,0.0,1.0,False,0.999999
0.12,0.6,0.1,0.9,False,0.822335
0.12,0.6,0.2,0.8,False,0.477611
0.12,0.6,0.3,0.7,False,0.237288
0.12,0.6,0.4,0.6,False,0.113923
0.12,0.6,0.5,0.5,False,0.0540533
0.12,0.6,0.6,0.4,False,0.024767
0.12,0.6,0.7,0.3,False,0.0103858
0.12,0.56,0.0,1.0,False,0.999999
0.12,0.56,0.1,0.9,False,0.822335
0.12,0.56,0.2,0.8,False,0.477611
0.12,0.56,0.3,0.7,False,0.237288
0.12,0.56,0.4,0.6,False,0.113923
0.12,0.56,0.5,0.5,False,0.0540533
0.12,0.56,0.6,0.4,False,0.024767
0.12,0.56,0.7,0.3,False,0.0103858
0.12,0.52,0.0,1.0,False,0.999999
0.12,0.52,0.1,0.9,False,0.822335
0.12,0.52,0.2,0.8,False,0.477611
0.12,0.52,0.3,0.7,False,0.237288
0.12,0.52,0.4,0.6,False,0.113923
0.12,0.52,0.5,0.5,False,0.0540533
0.12,0.52,0.6,0.4,False,0.024767
0.12,0.52,0.7,0.3,False,0.0103858
0.12,0.48,0.0,1.0,False,0.999999
0.12,0.48,0.1,0.9,False,0.822335
0.12,0.48,0.2,0.8,False,0.477611
0.12,0.48,0.3,0.7,False,0.237288
0.12,0.48,0.4,0.6,False,0.113923
0.12,0.48,0.5,0.5,False,0.0540533
0.12,0.48,0.6,0.4,False,0.024767
0.12,0.48,0.7,0.3,False,0.0103858
0.12,0.44,0.0,1.0,False,0.999999
0.12,0.44,0.1,0.9,False,0.822335
0.12,0.44,0.2,0.8,False,0.477611
0.12,0.44,0.3,0.7,False,0.237288
0.12,0.44,0.4,0.6,False,0.113923
0.12,0.44,0.5,0.5,False,0.0540533
0.12,0.44,0.6,0.4,False,0.024767
0.12,0.44,0.7,0.3,False,0.0103858
0.12,0.4,0.0,1.0,False,0.999999
0.12,0.4,0.1,0.9,False,0.822335
0.12,0.4,0.2,0.8,False,0.477611
0.12,0.4,0.3,0.7,False,0.237288
0.12,0.4,0.4,0.6,False,0.113923
0.12,0.4,0.5,0.5,False,0.0540533
0.12,0.4,0.6,0.4,False,0.024767
0.12,0.4,0.7,0.3,False,0.0103858
0.12,0.36,0.0,1.0,False,0.999999
0.12,0.36,0.1,0.9,False,0.822335
0.12,0.36,0.2,0.8,False,0.477611
0.12,0.36,0.3,0.7,False,0.237288
0.12,0.36,0.4,0.6,False,0.113923
0.12,0.36,0.5,0.5,False,0.0540533
0.12,0.36,0.6,0.4,False,0.024767
0.12,0.36,0.7,0.3,False,0.0103858
0.12,0.32,0.0,1.0,False,0.999999
0.12,0.32,0.1,0.9,False,0.822335
0.12,0.32,0.2,0.8,False,0.477611
0.12,0.32,0.3,0.7,False,0.237288
0.12,0.32,0.4,0.6,False,0.113923
0.12,0.32,0.5,0.5,False,0.0540533
0.12,0.32,0.6,0.4,False,0.024767
0.12,0.32,0.7,0.3,False,0.0103858
0.12,0.28,0.0,1.0,False,0.999999
0.12,0.28,0.1,0.9,False,0.822335
0.12,0.28,0.2,0.8,False,0.477611
0.12,0.28,0.3,0.7,False,0.237288
0.12,0.28,0.4,0.6,False,0.113923
0.12,0.28,0.5,0.5,False,0.0540533
0.12,0.28,0.6,0.4,False,0.024767
0.12,0.28,0.7,0.3,False,0.0103858
0.12,0.24,0.0,1.0,False,0.999999
0.12,0.24,0.1,0.9,False,0.822335
0.12,0.24,0.2,0.8,False,0.477611
0.12,0.24,0.3,0.7,False,0.237288
0.12,0.24,0.4,0.6,False,0.113923
0.12,0.24,0.5,0.5,False,0.0540533
0.12,0.24,0.6,0.4,False,0.024767
0.12,0.24,0.7,0.3,False,0.0103858
0.12,0.2,0.0,1.0,False,0.999999
0.12,0.2,0.1,0.9,False,0.822335
0.12,0.2,0.2,0.8,False,0.477611
0.12,0.2,0.3,0.7,False,0.237288
0.12,0.2,0.4,0.6,False,0.113923
0.12,0.2,0.5,0.5,False,0.0540533
0.12,0.2,0.6,0.4,False,0.024767
0.12,0.2,0.7,0.3,False,0.0103858
0.12,0.16,0.0,1.0,False,0.999999
0.12,0.16,0.1,0.9,False,0.822335
0.12,0.16,0.2,0.8,False,0.477611
0.12,0.16,0.3,0.7,False,0.237288
0.12,0.16,0.4,0.6,False,0.113923
0.12,0.16,0.5,0.5,False,0.0540533
0.12,0.16,0.6,0.4,False,0.024767
0.12,0.16,0.7,0.3,False,0.0103858
0.12,0.12,0.0,1.0,False,0.999999
0.12,0.12,0.1,0.9,False,0.822335
0.12,0.12,0.2,0.8,False,0.477611
0.12,0.12,0.3,0.7,False,0.237288
0.12,0.12,0.4,0.6,False,0.113923
0.12,0.12,0.5,0.5,False,0.0540533
0.12,0.12,0.6,0.4,False,0.024767
0.12,0.12,0.7,0.3,False,0.0103858
0.12,0.08,0.0,1.0,False,0.999999
0.12,0.08,0.1,0.9,False,0.822335
0.12,0.08,0.2,0.8,False,0.477611
0.12,0.08,0.3,0.7,False,0.237288
0.12,0.08,0.4,0.6,False,0.113923
0.12,0.08,0.5,0.5,False,0.0540533
0.12,0.08,0.6,0.4,False,0.024767
0.12,0.08,0.7,0.3,False,0.0103858
0.12,0.04,0.0,1.0,False,0.999999
0.12,0.04,0.1,0.9,False,0.822335
0.12,0.04,0.2,0.8,False,0.477611
0.12,0.04,0.3,0.7,False,0.237288
0.12,0.04,0.4,0.6,False,0.113923
0.12,0.04,0.5,0.5,False,0.0540533
0.12,0.04,0.6,0.4,False,0.024767
0.12,0.04,0.7,0.3,False,0.0103858
0.12,0.0,0.0,1.0,False,0.999999
0.12,0.0,0.1,0.9,False,0.822335
0.12,0.0,0.2,0.8,False,0.477611
0.12,0.0,0.3,0.7,False,0.237288
0.12,0.0,0.4,0.6,False,0.113923
0.12,0.0,0.5,0.5,False,0.0540533
0.12,0.0,0.6,0.4,False,0.024767
0.12,0.0,0.7,0.3,False,0.0103858
0.16,0.8,0.0,1.0,False,0.999999
0.16,0.8,0.1,0.9,False,0.822335
0.16,0.8,0.2,0.8,False,0.477611
0.16,0.8,0.3,0.7,False,0.237288
0.16,0.8,0.4,0.6,False,0.113923
0.16,0.8,0.5,0.5,False,0.0540533
0.16,0.8,0.6,0.4,False,0.024767
0.16,0.8,0.7,0.3,False,0.0103858
0.16,0.76,0.0,1.0,False,0.999999
0.16,0.76,0.1,0.9,False,0.822335
0.16,0.76,0.2,0.8,False,0.477611
0.16,0.76,0.3,0.7,False,0.237288
0.16,0.76,0.4,0.6,False,0.113923
0.16,0.76,0.5,0.5,False,0.0540533
0.16,0.76,0.6,0.4,False,0.024767
0.16,0.76,0.7,0.3,False,0.0103858
0.16,0.72,0.0,1.0,False,0.999999
0.16,0.72,0.1,0.9,False,0.822335
0.16,0.72,0.2,0.8,False,0.477611
0.16,0.72,0.3,0.7,False,0.237288
0.16,0.72,0.4,0.6,False,0.113923
0.16,0.72,0.5,0.5,False,0.0540533
0.16,0.72,0.6,0.4,False,0.024767
0.16,0.72,0.7,0.3,False,0.0103858
0.16,0.68,0.0,1.0,False,0.999999
0.16,0.68,0.1,0.9,False,0.822335
0.16,0.68,0.2,0.8,False,0.477611
0.16,0.68,0.3,0.7,False,0.237288
0.16,0.68,0.4,0.6,False,0.113923
0.16,0.68,0.5,0.5,False,0.0540533
0.16,0.68,0.6,0.4,False,0.024767
0.16,0.68,0.7,0.3,False,0.0103858
0.16,0.64,0.0,1.0,False,0.999999
0.16,0.64,0.1,0.9,False,0.822335
0.16,0.64,0.2,0.8,False,0.477611
0.16,0.64,0.3,0.7,False,0.237288
0.16,0.64,0.4,0.6,False,0.113923
0.16,0.64,0.5,0.5,False,0.0540533
0.16,0.64,0.6,0.4,False,0.024767
0.16,0.64,0.7,0.3,False,0.0103858
0.16,0.6,0.0,1.0,False,0.999999
0.16,0.6,0.1,0.9,False,0.822335
0.16,0.6,0.2,0.8,False,0.477611
0.16,0.6,0.3,0.7,False,0.237288
0.16,0.6,0.4,0.6,False,0.113923
0.16,0.6,0.5,0.5,False,0.0540533
0.16,0.6,0.6,0.4,False,0.024767
0.16,0.6,0.7,0.3,False,0.0103858
0.16,0.56,0.0,1.0,False,0.999999
0.16,0.56,0.1,0.9,False,0.822335
0.16,0.56,0.2,0.8,False,0.477611
0.16,0.56,0.3,0.7,False,0.237288
0.16,0.56,0.4,0.6,False,0.113923
0.16,0.56,0.5,0.5,False,0.0540533
0.16,0.56,0.6,0.4,False,0.024767
0.16,0.56,0.7,0.3,False,0.0103858
0.16,0.52,0.0,1.0,False,0.999999
0.16,0.52,0.1,0.9,False,0.822335
0.16,0.52,0.2,0.8,False,0.477611
0.16,0.52,0.3,0.7,False,0.237288
0.16,0.52,0.4,0.6,False,0.113923
0.16,0.52,0.5,0.5,False,0.0540533
0.16,0.52,0.6,0.4,False,0.024767
0.16,0.52,0.7,0.3,False,0.0103858
0.16,0.48,0.0,1.0,False,0.999999
0.16,0.48,0.1,0.9,False,0.822335
0.16,0.48,0.2,0.8,False,0.477611
0.16,0.48,0.3,0.7,False,0.237288
0.16,0.48,0.4,0.6,False,0.113923
0.16,0.48,0.5,0.5,False,0.0540533
0.16,0.48,0.6,0.4,False,0.024767
0.16,0.48,0.7,0.3,False,0.0103858
0.16,0.44,0.0,1.0,False,0.999999
0.16,0.44,0.1,0.9,False,0.822335
0.16,0.44,0.2,0.8,False,0.477611
0.16,0.44,0.3,0.7,False,0.237288
0.16,0.44,0.4,0.6,False,0.113923
0.16,0.44,0.5,0.5,False,0.0540533
0.16,0.44,0.6,0.4,False,0.024767
0.16,0.44,0.7,0.3,False,0.0103858
0.16,0.4,0.0,1.0,False,0.999999
0.16,0.4,0.1,0.9,False,0.822335
0.16,0.4,0.2,0.8,False,0.477611
0.16,0.4,0.3,0.7,False,0.237288
0.16,0.4,0.4,0.6,False,0.113923
0.16,0.4,0.5,0.5,False,0.0540533
0.16,0.4,0.6,0.4,False,0.024767
0.16,0.4,0.7,0.3,False,0.0103858
0.16,0.36,0.0,1.0,False,0.999999
0.16,0.36,0.1,0.9,False,0.822335
0.16,0.36,0.2,0.8,False,0.477611
0.16,0.36,0.3,0.7,False,0.237288
0.16,0.36,0.4,0.6,False,0.113923
0.16,0.36,0.5,0.5,False,0.0540533
0.16,0.36,0.6,0.4,False,0.024767
0.16,0.36,0.7,0.3,False,0.0103858
0.16,0.32,0.0,1.0,False,0.999999
0.16,0.32,0.1,0.9,False,0.822335
0.16,0.32,0.2,0.8,False,0.477611
0.16,0.32,0.3,0.7,False,0.237288
0.16,0.32,0.4,0.6,False,0.113923
0.16,0.32,0.5,0.5,False,0.0540533
0.16,0.32,0.6,0.4,False,0.024767
0.16,0.32,0.7,0.3,False,0.0103858
0.16,0.28,0.0,1.0,False,0.999999
0.16,0.28,0.1,0.9,False,0.822335
0.16,0.28,0.2,0.8,False,0.477611
0.16,0.28,0.3,0.7,False,0.237288
0.16,0.28,0.4,0.6,False,0.113923
0.16,0.28,0.5,0.5,False,0.0540533
0.16,0.28,0.6,0.4,False,0.024767
0.16,0.28,0.7,0.3,False,0.0103858
0.16,0.24,0.0,1.0,False,0.999999
0.16,0.24,0.1,0.9,False,0.822335
0.16,0.24,0.2,0.8,False,0.477611
0.16,0.24,0.3,0.7,False,0.237288
0.16,0.24,0.4,0.6,False,0.113923
0.16,0.24,0.5,0.5,False,0.0540533
0.16,0.24,0.6,0.4,False,0.024767
0.16,0.24,0.7,0.3,False,0.0103858
0.16,0.2,0.0,1.0,False,0.999999
0.16,0.2,0.1,0.9,False,0.822335
0.16,0.2,0.2,0.8,False,0.477611
0.16,0.2,0.3,0.7,False,0.237288
0.16,0.2,0.4,0.6,False,0.113923
0.16,0.2,0.5,0.5,False,0.0540533
0.16,0.2,0.6,0.4,False,0.024767
0.16,0.2,0.7,0.3,False,0.0103858
0.16,0.16,0.0,1.0,False,0.999999
0.16,0.16,0.1,0.9,False,0.822335
0.16,0.16,0.2,0.8,False,0.477611
0.16,0.16,0.3,0.7,False,0.237288
0.16,0.16,0.4,0.6,False,0.113923
0.16,0.16,0.5,0.5,False,0.0540533
0.16,0.16,0.6,0.4,False,0.024767
0.16,0.16,0.7,0.3,False,0.0103858
0.16,0.12,0.0,1.0,False,0.999999
0.16,0.12,0.1,0.9,False,0.822335
0.16,0.12,0.2,0.8,False,0.477611
0.16,0.12,0.3,0.7,False,0.237288
0.16,0.12,0.4,0.6,False,0.113923
0.16,0.12,0.5,0.5,False,0.0540533
0.16,0.12,0.6,0.4,False,0.024767
0.16,0.12,0.7,0.3,False,0.0103858
0.16,0.08,0.0,1.0,False,0.999999
0.16,0.08,0.1,0.9,False,0.822335
0.16,0.08,0.2,0.8,False,0.477611
0.16,0.08,0.3,0.7,False,0.237288
0.16,0.08,0.4,0.6,False,0.113923
0.16,0.08,0.5,0.5,False,0.0540533
0.16,0.08,0.6,0.4,False,0.024767
0.16,0.08,0.7,0.3,False,0.0103858
0.16,0.04,0.0,1.0,False,0.999999
0.16,0.04,0.1,0.9,False,0.822335
0.16,0.04,0.2,0.8,False,0.477611
0.16,0.04,0.3,0.7,False,0.237288
0.16,0.04,0.4,0.6,False,0.113923
0.16,0.04,0.5,0.5,False,0.0540533
0.16,0.04,0.6,0.4,False,0.024767
0.16,0.04,0.7,0.3,False,0.0103858
0.16,0.0,0.0,1.0,False,0.999999
0.16,0.0,0.1,0.9,False,0.822335
0.16,0.0,0.2,0.8,False,0.477611
0.16,0.0,0.3,0.7,False,0.237288
0.16,0.0,0.4,0.6,False,0.113923
0.16,0.0,0.5,0.5,False,0.0540533
0.16,0.0,0.6,0.4,False,0.024767
0.16,0.0,0.7,0.3,False,0.0103858
0.2,0.76,0.0,1.0,False,0.999999
0.2,0.76,0.1,0.9,False,0.822335
0.2,0.76,0.2,0.8,False,0.477611
0.2,0.76,0.3,0.7,False,0.237288
0.2,0.76,0.4,0.6,False,0.113923
0.2,0.76,0.5,0.5,False,0.0540533
0.2,0.76,0.6,0.4,False,0.024767
0.2,0.76,0.7,0.3,False,0.0103858
0.2,0.72,0.0,1.0,False,0.999999
0.2,0.72,0.1,0.9,False,0.822335
0.2,0.72,0.2,0.8,False,0.477611
0.2,0.72,0.3,0.7,False,0.237288
0.2,0.72,0.4,0.6,False,0.113923
0.2,0.72,0.5,0.5,False,0.0540533
0.2,0.72,0.6,0.4,False,0.024767
0.2,0.72,0.7,0.3,False,0.0103858
0.2,0.68,0.0,1.0,False,0.999999
0.2,0.68,0.1,0.9,False,0.822335
0.2,0.68,0.2,0.8,False,0.477611
0.2,0.68,0.3,0.7,False,0.237288
0.2,0.68,0.4,0.6,False,0.113923
0.2,0.68,0.5,0.5,False,0.0540533
0.2,0.68,0.6,0.4,False,0.024767
0.2,0.68,0.7,0.3,False,0.0103858
0.2,0.64,0.0,1.0,False,0.999999
0.2,0.64,0.1,0.9,False,0.822335
0.2,0.64,0.2,0.8,False,0.477611
0.2,0.64,0.3,0.7,False,0.237288
0.2,0.64,0.4,0.6,False,0.113923
0.2,0.64,0.5,0.5,False,0.0540533
0.2,0.64,0.6,0.4,False,0.024767
0.2,0.64,0.7,0.3,False,0.0103858
0.2,0.6,0.0,1.0,True,0.999999
0.2,0.6,0.1,0.9,True,0.822335
0.2,0.6,0.2,0.8,False,0.477611
0.2,0.6,0.3,0.7,False,0.237288
0.2,0.6,0.4,0.6,False,0.113923
0.2,0.6,0.5,0.5,False,0.0540533
0.2,0.6,0.6,0.4,False,0.024767
0.2,0.6,0.7,0.3,False,0.0103858
0.2,0.56,0.0,1.0,True,0.999999
0.2,0.56,0.1,0.9,True,0.822335
0.2,0.56,0.2,0.8,False,0.477611
0.2,0.56,0.3,0.7,False,0.237288
0.2,0.56,0.4,0.6,False,0.113923
0.2,0.56,0.5,0.5,False,0.0540533
0.2,0.56,0.6,0.4,False,0.024767
0.2,0.56,0.7,0.3,False,0.0103858
0.2,0.52,0.0,1.0,True,0.999999
0.2,0.52,0.1,0.9,True,0.822335
0.2,0.52,0.2,0.8,False,0.477611
0.2,0.52,0.3,0.7,False,0.237288
0.2,0.52,0.4,0.6,False,0.113923
0.2,0.52,0.5,0.5,False,0.0540533
0.2,0.52,0.6,0.4,False,0.024767
0.2,0.52,0.7,0.3,False,0.0103858
0.2,0.48,0.0,1.0,False,0.999999
0.2,0.48,0.1,0.9,False,0.822335
0.2,0.48,0.2,0.8,False,0.477611
0.2,0.48,0.3,0.7,False,0.237288
0.2,0.48,0.4,0.6,False,0.113923
0.2,0.48,0.5,0.5,False,0.0540533
0.2,0.48,0.6,0.4,False,0.024767
0.2,0.48,0.7,0.3,False,0.0103858
0.2,0.44,0.0,1.0,True,0.999999
0.2,0.44,0.1,0.9,False,0.822335
0.2,0.44,0.2,0.8,False,0.477611
0.2,0.44,0.3,0.7,False,0.237288
0.2,0.44,0.4,0.6,False,0.113923
0.2,0.44,0.5,0.5,False,0.0540533
0.2,0.44,0.6,0.4,False,0.024767
0.2,0.44,0.7,0.3,False,0.0103858
0.2,0.4,0.0,1.0,False,0.999999
0.2,0.4,0.1,0.9,False,0.822335
0.2,0.4,0.2,0.8,False,0.477611
0.2,0.4,0.3,0.7,False,0.237288
0.2,0.4,0.4,0.6,False,0.113923
0.2,0.4,0.5,0.5,False,0.0540533
0.2,0.4,0.6,0.4,False,0.024767
0.2,0.4,0.7,0.3,False,0.0103858
0.2,0.36,0.0,1.0,False,0.999999
0.2,0.36,0.1,0.9,False,0.822335
0.2,0.36,0.2,0.8,False,0.477611
0.2,0.36,0.3,0.7,False,0.237288
0.2,0.36,0.4,0.6,False,0.113923
0.2,0.36,0.5,0.5,False,0.0540533
0.2,0.36,0.6,0.4,False,0.024767
0.2,0.36,0.7,0.3,False,0.0103858
0.2,0.32,0.0,1.0,False,0.999999
0.2,0.32,0.1,0.9,False,0.822335
0.2,0.32,0.2,0.8,False,0.477611
0.2,0.32,0.3,0.7,False,0.237288
0.2,0.32,0.4,0.6,False,0.113923
0.2,0.32,0.5,0.5,False,0.0540533
0.2,0.32,0.6,0.4,False,0.024767
0.2,0.32,0.7,0.3,False,0.0103858
0.2,0.28,0.0,1.0,False,0.999999
0.2,0.28,0.1,0.9,False,0.822335
0.2,0.28,0.2,0.8,False,0.477611
0.2,0.28,0.3,0.7,False,0.237288
0.2,0.28,0.4,0.6,False,0.113923
0.2,0.28,0.5,0.5,False,0.0540533
0.2,0.28,0.6,0.4,False,0.024767
0.2,0.28,0.7,0.3,False,0.0103858
0.2,0.24,0.0,1.0,False,0.999999
0.2,0.24,0.1,0.9,False,0.822335
0.2,0.24,0.2,0.8,False,0.477611
0.2,0.24,0.3,0.7,False,0.237288
0.2,0.24,0.4,0.6,False,0.113923
0.2,0.24,0.5,0.5,False,0.0540533
0.2,0.24,0.6,0.4,False,0.024767
0.2,0.24,0.7,0.3,False,0.0103858
0.2,0.2,0.0,1.0,False,0.999999
0.2,0.2,0.1,0.9,False,0.822335
0.2,0.2,0.2,0.8,False,0.477611
0.2,0.2,0.3,0.7,False,0.237288
0.2,0.2,0.4,0.6,False,0.113923
0.2,0.2,0.5,0.5,False,0.0540533
0.2,0.2,0.6,0.4,False,0.024767
0.2,0.2,0.7,0.3,False,0.0103858
0.2,0.16,0.0,1.0,False,0.999999
0.2,0.16,0.1,0.9,False,0.822335
0.2,0.16,0.2,0.8,False,0.477611
0.2,0.16,0.3,0.7,False,0.237288
0.2,0.16,0.4,0.6,False,0.113923
0.2,0.16,0.5,0.5,False,0.0540533
0.2,0.16,0.6,0.4,False,0.024767
0.2,0.16,0.7,0.3,False,0.0103858
0.2,0.12,0.0,1.0,False,0.999999
0.2,0.12,0.1,0.9,False,0.822335
0.2,0.12,0.2,0.8,False,0.477611
0.2,0.12,0.3,0.7,False,0.237288
0.2,0.12,0.4,0.6,False,0.113923
0.2,0.12,0.5,0.5,False,0.0540533
0.2,0.12,0.6,0.4,False,0.024767
0.2,0.12,0.7,0.3,False,0.0103858
0.2,0.08,0.0,1.0,False,0.999999
0.2,0.08,0.1,0.9,False,0.822335
0.2,0.08,0.2,0.8,False,0.477611
0.2,0.08,0.3,0.7,False,0.237288
0.2,0.08,0.4,0.6,False,0.113923
0.2,0.08,0.5,0.5,False,0.0540533
0.2,0.08,0.6,0.4,False,0.024767
0.2,0.08,0.7,0.3,False,0.0103858
0.2,0.04,0.0,1.0,False,0.999999
0.2,0.04,0.1,0.9,False,0.822335
0.2,0.04,0.2,0.8,False,0.477611
0.2,0.04,0.3,0.7,False,0.237288
0.2,0.04,0.4,0.6,False,0.113923
0.2,0.04,0.5,0.5,False,0.0540533
0.2,0.04,0.6,0.4,False,0.024767
0.2,0.04,0.7,0.3,False,0.0103858
0.2,0.0,0.0,1.0,False,0.999999
0.2,0.0,0.1,0.9,False,0.822335
0.2,0.0,0.2,0.8,False,0.477611
0.2,0.0,0.3,0.7,False,0.237288
0.2,0.0,0.4,0.6,False,0.113923
0.2,0.0,0.5,0.5,False,0.0540533
0.2,0.0,0.6,0.4,False,0.024767
0.2,0.0,0.7,0.3,False,0.0103858
0.24,0.72,0.0,1.0,False,0.999999
0.24,0.72,0.1,0.9,False,0.822335
0.24,0.72,0.2,0.8,False,0.477611
0.24,0.72,0.3,0.7,False,0.237288
0.24,0.72,0.4,0.6,False,0.113923
0.24,0.72,0.5,0.5,False,0.0540533
0.24,0.72,0.6,0.4,False,0.024767
0.24,0.72,0.7,0.3,False,0.0103858
0.24,0.68,0.0,1.0,False,0.999999
0.24,0.68,0.1,0.9,False,0.822335
0.24,0.68,0.2,0.8,False,0.477611
0.24,0.68,0.3,0.7,False,0.237288
0.24,0.68,0.4,0.6,False,0.113923
0.24,0.68,0.5,0.5,False,0.0540533
0.24,0.68,0.6,0.4,False,0.024767
0.24,0.68,0.7,0.3,False,0.0103858
0.24,0.64,0.0,1.0,False,0.999999
0.24,0.64,0.1,0.9,False,0.822335
0.24,0.64,0.2,0.8,False,0.477611
0.24,0.64,0.3,0.7,False,0.237288
0.24,0.64,0.4,0.6,False,0.113923
0.24,0.64,0.5,0.5,False,0.0540533
0.24,0.64,0.6,0.4,False,0.024767
0.24,0.64,0.7,0.3,False,0.0103858
0.24,0.6,0.0,1.0,False,0.999999
0.24,0.6,0.1,0.9,False,0.822335
0.24,0.6,0.2,0.8,False,0.477611
0.24,0.6,0.3,0.7,False,0.237288
0.24,0.6,0.4,0.6,False,0.113923
0.24,0.6,0.5,0.5,False,0.0540533
0.24,0.6,0.6,0.4,False,0.024767
0.24,0.6,0.7,0.3,False,0.0103858
0.24,0.56,0.0,1.0,True,0.999999
0.24,0.56,0.1,0.9,True,0.822335
0.24,0.56,0.2,0.8,False,0.477611
0.24,0.56,0.3,0.7,False,0.237288
0.24,0.56,0.4,0.6,False,0.113923
0.24,0.56,0.5,0.5,False,0.0540533
0.24,0.56,0.6,0.4,False,0.024767
0.24,0.56,0.7,0.3,False,0.0103858
0.24,0.52,0.0,1.0,True,0.999999
0.24,0.52,0.1,0.9,True,0.822335
0.24,0.52,0.2,0.8,False,0.477611
0.24,0.52,0.3,0.7,False,0.237288
0.24,0.52,0.4,0.6,False,0.113923
0.24,0.52,0.5,0.5,False,0.0540533
0.24,0.52,0.6,0.4,False,0.024767
0.24,0.52,0.7,0.3,False,0.0103858
0.24,0.48,0.0,1.0,True,0.999999
0.24,0.48,0.1,0.9,True,0.822335
0.24,0.48,0.2,0.8,False,0.477611
0.24,0.48,0.3,0.7,False,0.237288
0.24,0.48,0.4,0.6,False,0.113923
0.24,0.48,0.5,0.5,False,0.0540533
0.24,0.48,0.6,0.4,False,0.024767
0.24,0.48,0.7,0.3,False,0.0103858
0.24,0.44,0.0,1.0,True,0.999999
0.24,0.44,0.1,0.9,True,0.822335
0.24,0.44,0.2,0.8,False,0.477611
0.24,0.44,0.3,0.7,False,0.237288
0.24,0.44,0.4,0.6,False,0.113923
0.24,0.44,0.5,0.5,False,0.0540533
0.24,0.44,0.6,0.4,False,0.024767
0.24,0.44,0.7,0.3,False,0.0103858
0.24,0.4,0.0,1.0,True,0.999999
0.24,0.4,0.1,0.9,True,0.822335
0.24,0.4,0.2,0.8,False,0.477611
0.24,0.4,0.3,0.7,False,0.237288
0.24,0.4,0.4,0.6,False,0.113923
0.24,0.4,0.5,0.5,False,0.0540533
0.24,0.4,0.6,0.4,False,0.024767
0.24,0.4,0.7,0.3,False,0.0103858
0.24,0.36,0.0,1.0,True,0.999999
0.24,0.36,0.1,0.9,True,0.822335
0.24,0.36,0.2,0.8,False,0.477611
0.24,0.36,0.3,0.7,False,0.237288
0.24,0.36,0.4,0.6,False,0.113923
0.24,0.36,0.5,0.5,False,0.0540533
0.24,0.36,0.6,0.4,False,0.024767
0.24,0.36,0.7,0.3,False,0.0103858
0.24,0.32,0.0,1.0,True,0.999999
0.24,0.32,0.1,0.9,False,0.822335
0.24,0.32,0.2,0.8,False,0.477611
0.24,0.32,0.3,0.7,False,0.237288
0.24,0.32,0.4,0.6,False,0.113923
0.24,0.32,0.5,0.5,False,0.0540533
0.24,0.32,0.6,0.4,False,0.024767
0.24,0.32,0.7,0.3,False,0.0103858
0.24,0.28,0.0,1.0,False,0.999999
0.24,0.28,0.1,0.9,False,0.822335
0.24,0.28,0.2,0.8,False,0.477611
0.24,0.28,0.3,0.7,False,0.237288
0.24,0.28,0.4,0.6,False,0.113923
0.24,0.28,0.5,0.5,False,0.0540533
0.24,0.28,0.6,0.4,False,0.024767
0.24,0.28,0.7,0.3,False,0.0103858
0.24,0.24,0.0,1.0,False,0.999999
0.24,0.24,0.1,0.9,False,0.822335
0.24,0.24,0.2,0.8,False,0.477611
0.24,0.24,0.3,0.7,False,0.237288
0.24,0.24,0.4,0.6,False,0.113923
0.24,0.24,0.5,0.5,False,0.0540533
0.24,0.24,0.6,0.4,False,0.024767
0.24,0.24,0.7,0.3,False,0.0103858
0.24,0.2,0.0,1.0,False,0.999999
0.24,0.2,0.1,0.9,False,0.822335
0.24,0.2,0.2,0.8,False,0.477611
0.24,0.2,0.3,0.7,False,0.237288
0.24,0.2,0.4,0.6,False,0.113923
0.24,0.2,0.5,0.5,False,0.0540533
0.24,0.2,0.6,0.4,False,0.024767
0.24,0.2,0.7,0.3,False,0.0103858
0.24,0.16,0.0,1.0,False,0.999999
0.24,0.16,0.1,0.9,False,0.822335
0.24,0.16,0.2,0.8,False,0.477611
0.24,0.16,0.3,0.7,False,0.237288
0.24,0.16,0.4,0.6,False,0.113923
0.24,0.16,0.5,0.5,False,0.0540533
0.24,0.16,0.6,0.4,False,0.024767
0.24,0.16,0.7,0.3,False,0.0103858
0.24,0.12,0.0,1.0,False,0.999999
0.24,0.12,0.1,0.9,False,0.822335
0.24,0.12,0.2,0.8,False,0.477611
0.24,0.12,0.3,0.7,False,0.237288
0.24,0.12,0.4,0.6,False,0.113923
0.24,0.12,0.5,0.5,False,0.0540533
0.24,0.12,0.6,0.4,False,0.024767
0.24,0.12,0.7,0.3,False,0.0103858
0.24,0.08,0.0,1.0,False,0.999999
0.24,0.08,0.1,0.9,False,0.822335
0.24,0.08,0.2,0.8,False,0.477611
0.24,0.08,0.3,0.7,False,0.237288
0.24,0.08,0.4,0.6,False,0.113923
0.24,0.08,0.5,0.5,False,0.0540533
0.24,0.08,0.6,0.4,False,0.024767
0.24,0.08,0.7,0.3,False,0.0103858
0.24,0.04,0.0,1.0,False,0.999999
0.24,0.04,0.1,0.9,False,0.822335
0.24,0.04,0.2,0.8,False,0.477611
0.24,0.04,0.3,0.7,False,0.237288
0.24,0.04,0.4,0.6,False,0.113923
0.24,0.04,0.5,0.5,False,0.0540533
0.24,0.04,0.6,0.4,False,0.024767
0.24,0.04,0.7,0.3,False,0.0103858
0.24,0.0,0.0,1.0,False,0.999999
0.24,0.0,0.1,0.9,False,0.822335
0.24,0.0,0.2,0.8,False,0.477611
0.24,0.0,0.3,0.7,False,0.237288
0.24,0.0,0.4,0.6,False,0.113923
0.24,0.0,0.5,0.5,False,0.0540533
0.24,0.0,0.6,0.4,False,0.024767
0.24,0.0,0.7,0.3,False,0.0103858
0.28,0.68,0.0,1.0,False,0.999999
0.28,0.68,0.1,0.9,False,0.822335
0.28,0.68,0.2,0.8,False,0.477611
0.28,0.68,0.3,0.7,False,0.237288
0.28,0.68,0.4,0.6,False,0.113923
0.28,0.68,0.5,0.5,False,0.0540533
0.28,0.68,0.6,0.4,False,0.024767
0.28,0.68,0.7,0.3,False,0.0103858
0.28,0.64,0.0,1.0,False,0.999999
0.28,0.64,0.1,0.9,False,0.822335
0.28,0.64,0.2,0.8,False,0.477611
0.28,0.64,0.3,0.7,False,0.237288
0.28,0.64,0.4,0.6,False,0.113923
0.28,0.64,0.5,0.5,False,0.0540533
0.28,0.64,0.6,0.4,False,0.024767
0.28,0.64,0.7,0.3,False,0.0103858
0.28,0.6,0.0,1.0,False,0.999999
0.28,0.6,0.1,0.9,False,0.822335
0.28,0.6,0.2,0.8,False,0.477611
0.28,0.6,0.3,0.7,False,0.237288
0.28,0.6,0.4,0.6,False,0.113923
0.28,0.6,0.5,0.5,False,0.0540533
0.28,0.6,0.6,0.4,False,0.024767
0.28,0.6,0.7,0.3,False,0.0103858
0.28,0.56,0.0,1.0,True,0.999999
0.28,0.56,0.1,0.9,False,0.822335
0.28,0.56,0.2,0.8,False,0.477611
0.28,0.56,0.3,0.7,False,0.237288
0.28,0.56,0.4,0.6,False,0.113923
0.28,0.56,0.5,0.5,False,0.0540533
0.28,0.56,0.6,0.4,False,0.024767
0.28,0.56,0.7,0.3,False,0.0103858
0.28,0.52,0.0,1.0,True,0.999999
0.28,0.52,0.1,0.9,True,0.822335
0.28,0.52,0.2,0.8,True,0.477611
0.28,0.52,0.3,0.7,False,0.237288
0.28,0.52,0.4,0.6,False,0.113923
0.28,0.52,0.5,0.5,False,0.0540533
0.28,0.52,0.6,0.4,False,0.024767
0.28,0.52,0.7,0.3,False,0.0103858
0.28,0.48,0.0,1.0,True,0.999999
0.28,0.48,0.1,0.9,True,0.822335
0.28,0.48,0.2,0.8,True,0.477611
0.28,0.48,0.3,0.7,False,0.237288
0.28,0.48,0.4,0.6,False,0.113923
0.28,0.48,0.5,0.5,False,0.0540533
0.28,0.48,0.6,0.4,False,0.024767
0.28,0.48,0.7,0.3,False,0.0103858
0.28,0.44,0.0,1.0,True,0.999999
0.28,0.44,0.1,0.9,True,0.822335
0.28,0.44,0.2,0.8,True,0.477611
0.28,0.44,0.3,0.7,False,0.237288
0.28,0.44,0.4,0.6,False,0.113923
0.28,0.44,0.5,0.5,False,0.0540533
0.28,0.44,0.6,0.4,False,0.024767
0.28,0.44,0.7,0.3,False,0.0103858
0.28,0.4,0.0,1.0,True,0.999999
0.28,0.4,0.1,0.9,True,0.822335
0.28,0.4,0.2,0.8,False,0.477611
0.28,0.4,0.3,0.7,False,0.237288
0.28,0.4,0.4,0.6,False,0.113923
0.28,0.4,0.5,0.5,False,0.0540533
0.28,0.4,0.6,0.4,False,0.024767
0.28,0.4,0.7,0.3,False,0.0103858
0.28,0.36,0.0,1.0,True,0.999999
0.28,0.36,0.1,0.9,True,0.822335
0.28,0.36,0.2,0.8,False,0.477611
0.28,0.36,0.3,0.7,False,0.237288
0.28,0.36,0.4,0.6,False,0.113923
0.28,0.36,0.5,0.5,False,0.0540533
0.28,0.36,0.6,0.4,False,0.024767
0.28,0.36,0.7,0.3,False,0.0103858
0.28,0.32,0.0,1.0,True,0.999999
0.28,0.32,0.1,0.9,False,0.822335
0.28,0.32,0.2,0.8,False,0.477611
0.28,0.32,0.3,0.7,False,0.237288
0.28,0.32,0.4,0.6,False,0.113923
0.28,0.32,0.5,0.5,False,0.0540533
0.28,0.32,0.6,0.4,False,0.024767
0.28,0.32,0.7,0.3,False,0.0103858
0.28,0.28,0.0,1.0,True,0.999999
0.28,0.28,0.1,0.9,True,0.822335
0.28,0.28,0.2,0.8,False,0.477611
0.28,0.28,0.3,0.7,False,0.237288
0.28,0.28,0.4,0.6,False,0.113923
0.28,0.28,0.5,0.5,False,0.0540533
0.28,0.28,0.6,0.4,False,0.024767
0.28,0.28,0.7,0.3,False,0.0103858
0.28,0.24,0.0,1.0,True,0.999999
0.28,0.24,0.1,0.9,False,0.822335
0.28,0.24,0.2,0.8,False,0.477611
0.28,0.24,0.3,0.7,False,0.237288
0.28,0.24,0.4,0.6,False,0.113923
0.28,0.24,0.5,0.5,False,0.0540533
0.28,0.24,0.6,0.4,False,0.024767
0.28,0.24,0.7,0.3,False,0.0103858
0.28,0.2,0.0,1.0,True,0.999999
0.28,0.2,0.1,0.9,False,0.822335
0.28,0.2,0.2,0.8,False,0.477611
0.28,0.2,0.3,0.7,False,0.237288
0.28,0.2,0.4,0.6,False,0.113923
0.28,0.2,0.5,0.5,False,0.0540533
0.28,0.2,0.6,0.4,False,0.024767
0.28,0.2,0.7,0.3,False,0.0103858
0.28,0.16,0.0,1.0,False,0.999999
0.28,0.16,0.1,0.9,False,0.822335
0.28,0.16,0.2,0.8,False,0.477611
0.28,0.16,0.3,0.7,False,0.237288
0.28,0.16,0.4,0.6,False,0.113923
0.28,0.16,0.5,0.5,False,0.0540533
0.28,0.16,0.6,0.4,False,0.024767
0.28,0.16,0.7,0.3,False,0.0103858
0.28,0.12,0.0,1.0,False,0.999999
0.28,0.12,0.1,0.9,False,0.822335
0.28,0.12,0.2,0.8,False,0.477611
0.28,0.12,0.3,0.7,False,0.237288
0.28,0.12,0.4,0.6,False,0.113923
0.28,0.12,0.5,0.5,False,0.0540533
0.28,0.12,0.6,0.4,False,0.024767
0.28,0.12,0.7,0.3,False,0.0103858
0.28,0.08,0.0,1.0,False,0.999999
0.28,0.08,0.1,0.9,False,0.822335
0.28,0.08,0.2,0.8,False,0.477611
0.28,0.08,0.3,0.7,False,0.237288
0.28,0.08,0.4,0.6,False,0.113923
0.28,0.08,0.5,0.5,False,0.0540533
0.28,0.08,0.6,0.4,False,0.024767
0.28,0.08,0.7,0.3,False,0.0103858
0.28,0.04,0.0,1.0,False,0.999999
0.28,0.04,0.1,0.9,False,0.822335
0.28,0.04,0.2,0.8,False,0.477611
0.28,0.04,0.3,0.7,False,0.237288
0.28,0.04,0.4,0.6,False,0.113923
0.28,0.04,0.5,0.5,False,0.0540533
0.28,0.04,0.6,0.4,False,0.024767
0.28,0.04,0.7,0.3,False,0.0103858
0.28,0.0,0.0,1.0,False,0.999999
0.28,0.0,0.1,0.9,False,0.822335
0.28,0.0,0.2,0.8,False,0.477611
0.28,0.0,0.3,0.7,False,0.237288
0.28,0.0,0.4,0.6,False,0.113923
0.28,0.0,0.5,0.5,False,0.0540533
0.28,0.0,0.6,0.4,False,0.024767
0.28,0.0,0.7,0.3,False,0.0103858
0.32,0.64,0.0,1.0,False,0.999999
0.32,0.64,0.1,0.9,False,0.822335
0.32,0.64,0.2,0.8,False,0.477611
0.32,0.64,0.3,0.7,False,0.237288
0.32,0.64,0.4,0.6,False,0.113923
0.32,0.64,0.5,0.5,False,0.0540533
0.32,0.64,0.6,0.4,False,0.024767
0.32,0.64,0.7,0.3,False,0.0103858
0.32,0.6,0.0,1.0,False,0.999999
0.32,0.6,0.1,0.9,False,0.822335
0.32,0.6,0.2,0.8,False,0.477611
0.32,0.6,0.3,0.7,False,0.237288
0.32,0.6,0.4,0.6,False,0.113923
0.32,0.6,0.5,0.5,False,0.0540533
0.32,0.6,0.6,0.4,False,0.024767
0.32,0.6,0.7,0.3,False,0.0103858
0.32,0.56,0.0,1.0,False,0.999999
0.32,0.56,0.1,0.9,False,0.822335
0.32,0.56,0.2,0.8,False,0.477611
0.32,0.56,0.3,0.7,False,0.237288
0.32,0.56,0.4,0.6,False,0.113923
0.32,0.56,0.5,0.5,False,0.0540533
0.32,0.56,0.6,0.4,False,0.024767
0.32,0.56,0.7,0.3,False,0.0103858
0.32,0.52,0.0,1.0,True,0.999999
0.32,0.52,0.1,0.9,True,0.822335
0.32,0.52,0.2,0.8,True,0.477611
0.32,0.52,0.3,0.7,False,0.237288
0.32,0.52,0.4,0.6,False,0.113923
0.32,0.52,0.5,0.5,False,0.0540533
0.32,0.52,0.6,0.4,False,0.024767
0.32,0.52,0.7,0.3,False,0.0103858
0.32,0.48,0.0,1.0,True,0.999999
0.32,0.48,0.1,0.9,True,0.822335
0.32,0.48,0.2,0.8,True,0.477611
0.32,0.48,0.3,0.7,False,0.237288
0.32,0.48,0.4,0.6,False,0.113923
0.32,0.48,0.5,0.5,False,0.0540533
0.32,0.48,0.6,0.4,False,0.024767
0.32,0.48,0.7,0.3,False,0.0103858
0.32,0.44,0.0,1.0,True,0.999999
0.32,0.44,0.1,0.9,True,0.822335
0.32,0.44,0.2,0.8,True,0.477611
0.32,0.44,0.3,0.7,False,0.237288
0.32,0.44,0.4,0.6,False,0.113923
0.32,0.44,0.5,0.5,False,0.0540533
0.32,0.44,0.6,0.4,False,0.024767
0.32,0.44,0.7,0.3,False,0.0103858
0.32,0.4,0.0,1.0,True,0.999999
0.32,0.4,0.1,0.9,True,0.822335
0.32,0.4,0.2,0.8,True,0.477611
0.32,0.4,0.3,0.7,False,0.237288
0.32,0.4,0.4,0.6,False,0.113923
0.32,0.4,0.5,0.5,False,0.0540533
0.32,0.4,0.6,0.4,False,0.024767
0.32,0.4,0.7,0.3,False,0.0103858
0.32,0.36,0.0,1.0,True,0.999999
0.32,0.36,0.1,0.9,True,0.822335
0.32,0.36,0.2,0.8,True,0.477611
0.32,0.36,0.3,0.7,False,0.237288
0.32,0.36,0.4,0.6,False,0.113923
0.32,0.36,0.5,0.5,False,0.0540533
0.32,0.36,0.6,0.4,False,0.024767
0.32,0.36,0.7,0.3,False,0.0103858
0.32,0.32,0.0,1.0,True,0.999999
0.32,0.32,0.1,0.9,True,0.822335
0.32,0.32,0.2,0.8,False,0.477611
0.32,0.32,0.3,0.7,False,0.237288
0.32,0.32,0.4,0.6,False,0.113923
0.32,0.32,0.5,0.5,False,0.0540533
0.32,0.32,0.6,0.4,False,0.024767
0.32,0.32,0.7,0.3,False,0.0103858
0.32,0.28,0.0,1.0,True,0.999999
0.32,0.28,0.1,0.9,True,0.822335
0.32,0.28,0.2,0.8,False,0.477611
0.32,0.28,0.3,0.7,False,0.237288
0.32,0.28,0.4,0.6,False,0.113923
0.32,0.28,0.5,0.5,False,0.0540533
0.32,0.28,0.6,0.4,False,0.024767
0.32,0.28,0.7,0.3,False,0.0103858
0.32,0.24,0.0,1.0,True,0.999999
0.32,0.24,0.1,0.9,False,0.822335
0.32,0.24,0.2,0.8,False,0.477611
0.32,0.24,0.3,0.7,False,0.237288
0.32,0.24,0.4,0.6,False,0.113923
0.32,0.24,0.5,0.5,False,0.0540533
0.32,0.24,0.6,0.4,False,0.024767
0.32,0.24,0.7,0.3,False,0.0103858
0.32,0.2,0.0,1.0,True,0.999999
0.32,0.2,0.1,0.9,True,0.822335
0.32,0.2,0.2,0.8,False,0.477611
0.32,0.2,0.3,0.7,False,0.237288
0.32,0.2,0.4,0.6,False,0.113923
0.32,0.2,0.5,0.5,False,0.0540533
0.32,0.2,0.6,0.4,False,0.024767
0.32,0.2,0.7,0.3,False,0.0103858
0.32,0.16,0.0,1.0,True,0.999999
0.32,0.16,0.1,0.9,True,0.822335
0.32,0.16,0.2,0.8,False,0.477611
0.32,0.16,0.3,0.7,False,0.237288
0.32,0.16,0.4,0.6,False,0.113923
0.32,0.16,0.5,0.5,False,0.0540533
0.32,0.16,0.6,0.4,False,0.024767
0.32,0.16,0.7,0.3,False,0.0103858
0.32,0.12,0.0,1.0,True,0.999999
0.32,0.12,0.1,0.9,True,0.822335
0.32,0.12,0.2,0.8,False,0.477611
0.32,0.12,0.3,0.7,False,0.237288
0.32,0.12,0.4,0.6,False,0.113923
0.32,0.12,0.5,0.5,False,0.0540533
0.32,0.12,0.6,0.4,False,0.024767
0.32,0.12,0.7,0.3,False,0.0103858
0.32,0.08,0.0,1.0,True,0.999999
0.32,0.08,0.1,0.9,False,0.822335
0.32,0.08,0.2,0.8,False,0.477611
0.32,0.08,0.3,0.7,False,0.237288
0.32,0.08,0.4,0.6,False,0.113923
0.32,0.08,0.5,0.5,False,0.0540533
0.32,0.08,0.6,0.4,False,0.024767
0.32,0.08,0.7,0.3,False,0.0103858
0.32,0.04,0.0,1.0,False,0.999999
0.32,0.04,0.1,0.9,False,0.822335
0.32,0.04,0.2,0.8,False,0.477611
0.32,0.04,0.3,0.7,False,0.237288
0.32,0.04,0.4,0.6,False,0.113923
0.32,0.04,0.5,0.5,False,0.0540533
0.32,0.04,0.6,0.4,False,0.024767
0.32,0.04,0.7,0.3,False,0.0103858
0.32,0.0,0.0,1.0,False,0.999999
0.32,0.0,0.1,0.9,False,0.822335
0.32,0.0,0.2,0.8,False,0.477611
0.32,0.0,0.3,0.7,False,0.237288
0.32,0.0,0.4,0.6,False,0.113923
0.32,0.0,0.5,0.5,False,0.0540533
0.32,0.0,0.6,0.4,False,0.024767
0.32,0.0,0.7,0.3,False,0.0103858
0.36,0.6,0.0,1.0,False,0.999999
0.36,0.6,0.1,0.9,False,0.822335
0.36,0.6,0.2,0.8,False,0.477611
0.36,0.6,0.3,0.7,False,0.237288
0.36,0.6,0.4,0.6,False,0.113923
0.36,0.6,0.5,0.5,False,0.0540533
0.36,0.6,0.6,0.4,False,0.024767
0.36,0.6,0.7,0.3,False,0.0103858
0.36,0.56,0.0,1.0,False,0.999999
0.36,0.56,0.1,0.9,False,0.822335
0.36,0.56,0.2,0.8,False,0.477611
0.36,0.56,0.3,0.7,False,0.237288
0.36,0.56,0.4,0.6,False,0.113923
0.36,0.56,0.5,0.5,False,0.0540533
0.36,0.56,0.6,0.4,False,0.024767
0.36,0.56,0.7,0.3,False,0.0103858
0.36,0.52,0.0,1.0,False,0.999999
0.36,0.52,0.1,0.9,False,0.822335
0.36,0.52,0.2,0.8,False,0.477611
0.36,0.52,0.3,0.7,False,0.237288
0.36,0.52,0.4,0.6,False,0.113923
0.36,0.52,0.5,0.5,False,0.0540533
0.36,0.52,0.6,0.4,False,0.024767
0.36,0.52,0.7,0.3,False,0.0103858
0.36,0.48,0.0,1.0,True,0.999999
0.36,0.48,0.1,0.9,True,0.822335
0.36,0.48,0.2,0.8,True,0.477611
0.36,0.48,0.3,0.7,True,0.237288
0.36,0.48,0.4,0.6,False,0.113923
0.36,0.48,0.5,0.5,False,0.0540533
0.36,0.48,0.6,0.4,False,0.024767
0.36,0.48,0.7,0.3,False,0.0103858
0.36,0.44,0.0,1.0,True,0.999999
0.36,0.44,0.1,0.9,True,0.822335
0.36,0.44,0.2,0.8,True,0.477611
0.36,0.44,0.3,0.7,True,0.237288
0.36,0.44,0.4,0.6,False,0.113923
0.36,0.44,0.5,0.5,False,0.0540533
0.36,0.44,0.6,0.4,False,0.024767
0.36,0.44,0.7,0.3,False,0.0103858
0.36,0.4,0.0,1.0,True,0.999999
0.36,0.4,0.1,0.9,True,0.822335
0.36,0.4,0.2,0.8,True,0.477611
0.36,0.4,0.3,0.7,False,0.237288
0.36,0.4,0.4,0.6,False,0.113923
0.36,0.4,0.5,0.5,False,0.0540533
0.36,0.4,0.6,0.4,False,0.024767
0.36,0.4,0.7,0.3,False,0.0103858
0.36,0.36,0.0,1.0,True,0.999999
0.36,0.36,0.1,0.9,True,0.822335
0.36,0.36,0.2,0.8,True,0.477611
0.36,0.36,0.3,0.7,False,0.237288
0.36,0.36,0.4,0.6,False,0.113923
0.36,0.36,0.5,0.5,False,0.0540533
0.36,0.36,0.6,0.4,False,0.024767
0.36,0.36,0.7,0.3,False,0.0103858
0.36,0.32,0.0,1.0,True,0.999999
0.36,0.32,0.1,0.9,True,0.822335
0.36,0.32,0.2,0.8,True,0.477611
0.36,0.32,0.3,0.7,False,0.237288
0.36,0.32,0.4,0.6,False,0.113923
0.36,0.32,0.5,0.5,False,0.0540533
0.36,0.32,0.6,0.4,False,0.024767
0.36,0.32,0.7,0.3,False,0.0103858
0.36,0.28,0.0,1.0,True,0.999999
0.36,0.28,0.1,0.9,True,0.822335
0.36,0.28,0.2,0.8,True,0.477611
0.36,0.28,0.3,0.7,False,0.237288
0.36,0.28,0.4,0.6,False,0.113923
0.36,0.28,0.5,0.5,False,0.0540533
0.36,0.28,0.6,0.4,False,0.024767
0.36,0.28,0.7,0.3,False,0.0103858
0.36,0.24,0.0,1.0,True,0.999999
0.36,0.24,0.1,0.9,True,0.822335
0.36,0.24,0.2,0.8,False,0.477611
0.36,0.24,0.3,0.7,False,0.237288
0.36,0.24,0.4,0.6,False,0.113923
0.36,0.24,0.5,0.5,False,0.0540533
0.36,0.24,0.6,0.4,False,0.024767
0.36,0.24,0.7,0.3,False,0.0103858
0.36,0.2,0.0,1.0,True,0.999999
0.36,0.2,0.1,0.9,True,0.822335
0.36,0.2,0.2,0.8,False,0.477611
0.36,0.2,0.3,0.7,False,0.237288
0.36,0.2,0.4,0.6,False,0.113923
0.36,0.2,0.5,0.5,False,0.0540533
0.36,0.2,0.6,0.4,False,0.024767
0.36,0.2,0.7,0.3,False,0.0103858
0.36,0.16,0.0,1.0,True,0.999999
0.36,0.16,0.1,0.9,True,0.822335
0.36,0.16,0.2,0.8,False,0.477611
0.36,0.16,0.3,0.7,False,0.237288
0.36,0.16,0.4,0.6,False,0.113923
0.36,0.16,0.5,0.5,False,0.0540533
0.36,0.16,0.6,0.4,False,0.024767
0.36,0.16,0.7,0.3,False,0.0103858
0.36,0.12,0.0,1.0,True,0.999999
0.36,0.12,0.1,0.9,True,0.822335
0.36,0.12,0.2,0.8,False,0.477611
0.36,0.12,0.3,0.7,False,0.237288
0.36,0.12,0.4,0.6,False,0.113923
0.36,0.12,0.5,0.5,False,0.0540533
0.36,0.12,0.6,0.4,False,0.024767
0.36,0.12,0.7,0.3,False,0.0103858
0.36,0.08,0.0,1.0,True,0.999999
0.36,0.08,0.1,0.9,True,0.822335
0.36,0.08,0.2,0.8,False,0.477611
0.36,0.08,0.3,0.7,False,0.237288
0.36,0.08,0.4,0.6,False,0.113923
0.36,0.08,0.5,0.5,False,0.0540533
0.36,0.08,0.6,0.4,False,0.024767
0.36,0.08,0.7,0.3,False,0.0103858
0.36,0.04,0.0,1.0,True,0.999999
0.36,0.04,0.1,0.9,True,0.822335
0.36,0.04,0.2,0.8,False,0.477611
0.36,0.04,0.3,0.7,False,0.237288
0.36,0.04,0.4,0.6,False,0.113923
0.36,0.04,0.5,0.5,False,0.0540533
0.36,0.04,0.6,0.4,False,0.024767
0.36,0.04,0.7,0.3,False,0.0103858
0.36,0.0,0.0,1.0,True,0.999999
0.36,0.0,0.1,0.9,False,0.822335
0.36,0.0,0.2,0.8,False,0.477611
0.36,0.0,0.3,0.7,False,0.237288
0.36,0.0,0.4,0.6,False,0.113923
0.36,0.0,0.5,0.5,False,0.0540533
0.36,0.0,0.6,0.4,False,0.024767
0.36,0.0,0.7,0.3,False,0.0103858
0.4,0.56,0.0,1.0,False,0.999999
0.4,0.56,0.1,0.9,False,0.822335
0.4,0.56,0.2,0.8,False,0.477611
0.4,0.56,0.3,0.7,False,0.237288
0.4,0.56,0.4,0.6,False,0.113923
0.4,0.56,0.5,0.5,False,0.0540533
0.4,0.56,0.6,0.4,False,0.024767
0.4,0.56,0.7,0.3,False,0.0103858
0.4,0.52,0.0,1.0,False,0.999999
0.4,0.52,0.1,0.9,False,0.822335
0.4,0.52,0.2,0.8,False,0.477611
0.4,0.52,0.3,0.7,False,0.237288
0.4,0.52,0.4,0.6,False,0.113923
0.4,0.52,0.5,0.5,False,0.0540533
0.4,0.52,0.6,0.4,False,0.024767
0.4,0.52,0.7,0.3,False,0.0103858
0.4,0.48,0.0,1.0,True,0.999999
0.4,0.48,0.1,0.9,False,0.822335
0.4,0.48,0.2,0.8,False,0.477611
0.4,0.48,0.3,0.7,False,0.237288
0.4,0.48,0.4,0.6,False,0.113923
0.4,0.48,0.5,0.5,False,0.0540533
0.4,0.48,0.6,0.4,False,0.024767
0.4,0.48,0.7,0.3,False,0.0103858
0.4,0.44,0.0,1.0,True,0.999999
0.4,0.44,0.1,0.9,True,0.822335
0.4,0.44,0.2,0.8,True,0.477611
0.4,0.44,0.3,0.7,True,0.237288
0.4,0.44,0.4,0.6,False,0.113923
0.4,0.44,0.5,0.5,False,0.0540533
0.4,0.44,0.6,0.4,False,0.024767
0.4,0.44,0.7,0.3,False,0.0103858
0.4,0.4,0.0,1.0,True,0.999999
0.4,0.4,0.1,0.9,True,0.822335
0.4,0.4,0.2,0.8,True,0.477611
0.4,0.4,0.3,0.7,True,0.237288
0.4,0.4,0.4,0.6,False,0.113923
0.4,0.4,0.5,0.5,False,0.0540533
0.4,0.4,0.6,0.4,False,0.024767
0.4,0.4,0.7,0.3,False,0.0103858
0.4,0.36,0.0,1.0,True,0.999999
0.4,0.36,0.1,0.9,True,0.822335
0.4,0.36,0.2,0.8,True,0.477611
0.4,0.36,0.3,0.7,True,0.237288
0.4,0.36,0.4,0.6,False,0.113923
0.4,0.36,0.5,0.5,False,0.0540533
0.4,0.36,0.6,0.4,False,0.024767
0.4,0.36,0.7,0.3,False,0.0103858
0.4,0.32,0.0,1.0,True,0.999999
0.4,0.32,0.1,0.9,True,0.822335
0.4,0.32,0.2,0.8,True,0.477611
0.4,0.32,0.3,0.7,False,0.237288
0.4,0.32,0.4,0.6,False,0.113923
0.4,0.32,0.5,0.5,False,0.0540533
0.4,0.32,0.6,0.4,False,0.024767
0.4,0.32,0.7,0.3,False,0.0103858
0.4,0.28,0.0,1.0,True,0.999999
0.4,0.28,0.1,0.9,True,0.822335
0.4,0.28,0.2,0.8,True,0.477611
0.4,0.28,0.3,0.7,False,0.237288
0.4,0.28,0.4,0.6,False,0.113923
0.4,0.28,0.5,0.5,False,0.0540533
0.4,0.28,0.6,0.4,False,0.024767
0.4,0.28,0.7,0.3,False,0.0103858
0.4,0.24,0.0,1.0,True,0.999999
0.4,0.24,0.1,0.9,True,0.822335
0.4,0.24,0.2,0.8,True,0.477611
0.4,0.24,0.3,0.7,False,0.237288
0.4,0.24,0.4,0.6,False,0.113923
0.4,0.24,0.5,0.5,False,0.0540533
0.4,0.24,0.6,0.4,False,0.024767
0.4,0.24,0.7,0.3,False,0.0103858
0.4,0.2,0.0,1.0,True,0.999999
0.4,0.2,0.1,0.9,True,0.822335
0.4,0.2,0.2,0.8,True,0.477611
0.4,0.2,0.3,0.7,False,0.237288
0.4,0.2,0.4,0.6,False,0.113923
0.4,0.2,0.5,0.5,False,0.0540533
0.4,0.2,0.6,0.4,False,0.024767
0.4,0.2,0.7,0.3,False,0.0103858
0.4,0.16,0.0,1.0,True,0.999999
0.4,0.16,0.1,0.9,True,0.822335
0.4,0.16,0.2,0.8,False,0.477611
0.4,0.16,0.3,0.7,False,0.237288
0.4,0.16,0.4,0.6,False,0.113923
0.4,0.16,0.5,0.5,False,0.0540533
0.4,0.16,0.6,0.4,False,0.024767
0.4,0.16,0.7,0.3,False,0.0103858
0.4,0.12,0.0,1.0,True,0.999999
0.4,0.12,0.1,0.9,True,0.822335
0.4,0.12,0.2,0.8,False,0.477611
0.4,0.12,0.3,0.7,False,0.237288
0.4,0.12,0.4,0.6,False,0.113923
0.4,0.12,0.5,0.5,False,0.0540533
0.4,0.12,0.6,0.4,False,0.024767
0.4,0.12,0.7,0.3,False,0.0103858
0.4,0.08,0.0,1.0,True,0.999999
0.4,0.08,0.1,0.9,True,0.822335
0.4,0.08,0.2,0.8,False,0.477611
0.4,0.08,0.3,0.7,False,0.237288
0.4,0.08,0.4,0.6,False,0.113923
0.4,0.08,0.5,0.5,False,0.0540533
0.4,0.08,0.6,0.4,False,0.024767
0.4,0.08,0.7,0.3,False,0.0103858
0.4,0.04,0.0,1.0,True,0.999999
0.4,0.04,0.1,0.9,True,0.822335
0.4,0.04,0.2,0.8,False,0.477611
0.4,0.04,0.3,0.7,False,0.237288
0.4,0.04,0.4,0.6,False,0.113923
0.4,0.04,0.5,0.5,False,0.0540533
0.4,0.04,0.6,0.4,False,0.024767
0.4,0.04,0.7,0.3,False,0.0103858
0.4,0.0,0.0,1.0,True,0.999999
0.4,0.0,0.1,0.9,True,0.822335
0.4,0.0,0.2,0.8,False,0.477611
0.4,0.0,0.3,0.7,False,0.237288
0.4,0.0,0.4,0.6,False,0.113923
0.4,0.0,0.5,0.5,False,0.0540533
0.4,0.0,0.6,0.4,False,0.024767
0.4,0.0,0.7,0.3,False,0.0103858
0.44,0.52,0.0,1.0,False,0.999999
0.44,0.52,0.1,0.9,False,0.822335
0.44,0.52,0.2,0.8,False,0.477611
0.44,0.52,0.3,0.7,False,0.237288
0.44,0.52,0.4,0.6,False,0.113923
0.44,0.52,0.5,0.5,False,0.0540533
0.44,0.52,0.6,0.4,False,0.024767
0.44,0.52,0.7,0.3,False,0.0103858
0.44,0.48,0.0,1.0,False,0.999999
0.44,0.48,0.1,0.9,False,0.822335
0.44,0.48,0.2,0.8,False,0.477611
0.44,0.48,0.3,0.7,False,0.237288
0.44,0.48,0.4,0.6,False,0.113923
0.44,0.48,0.5,0.5,False,0.0540533
0.44,0.48,0.6,0.4,False,0.024767
0.44,0.48,0.7,0.3,False,0.0103858
0.44,0.44,0.0,1.0,True,0.999999
0.44,0.44,0.1,0.9,True,0.822335
0.44,0.44,0.2,0.8,True,0.477611
0.44,0.44,0.3,0.7,False,0.237288
0.44,0.44,0.4,0.6,False,0.113923
0.44,0.44,0.5,0.5,False,0.0540533
0.44,0.44,0.6,0.4,False,0.024767
0.44,0.44,0.7,0.3,False,0.0103858
0.44,0.4,0.0,1.0,True,0.999999
0.44,0.4,0.1,0.9,True,0.822335
0.44,0.4,0.2,0.8,True,0.477611
0.44,0.4,0.3,0.7,True,0.237288
0.44,0.4,0.4,0.6,False,0.113923
0.44,0.4,0.5,0.5,False,0.0540533
0.44,0.4,0.6,0.4,False,0.024767
0.44,0.4,0.7,0.3,False,0.0103858
0.44,0.36,0.0,1.0,True,0.999999
0.44,0.36,0.1,0.9,True,0.822335
0.44,0.36,0.2,0.8,True,0.477611
0.44,0.36,0.3,0.7,True,0.237288
0.44,0.36,0.4,0.6,False,0.113923
0.44,0.36,0.5,0.5,False,0.0540533
0.44,0.36,0.6,0.4,False,0.024767
0.44,0.36,0.7,0.3,False,0.0103858
0.44,0.32,0.0,1.0,True,0.999999
0.44,0.32,0.1,0.9,True,0.822335
0.44,0.32,0.2,0.8,True,0.477611
0.44,0.32,0.3,0.7,True,0.237288
0.44,0.32,0.4,0.6,False,0.113923
0.44,0.32,0.5,0.5,False,0.0540533
0.44,0.32,0.6,0.4,False,0.024767
0.44,0.32,0.7,0.3,False,0.0103858
0.44,0.28,0.0,1.0,True,0.999999
0.44,0.28,0.1,0.9,True,0.822335
0.44,0.28,0.2,0.8,True,0.477611
0.44,0.28,0.3,0.7,False,0.237288
0.44,0.28,0.4,0.6,False,0.113923
0.44,0.28,0.5,0.5,False,0.0540533
0.44,0.28,0.6,0.4,False,0.024767
0.44,0.28,0.7,0.3,False,0.0103858
0.44,0.24,0.0,1.0,True,0.999999
0.44,0.24,0.1,0.9,True,0.822335
0.44,0.24,0.2,0.8,True,0.477611
0.44,0.24,0.3,0.7,False,0.237288
0.44,0.24,0.4,0.6,False,0.113923
0.44,0.24,0.5,0.5,False,0.0540533
0.44,0.24,0.6,0.4,False,0.024767
0.44,0.24,0.7,0.3,False,0.0103858
0.44,0.2,0.0,1.0,True,0.999999
0.44,0.2,0.1,0.9,True,0.822335
0.44,0.2,0.2,0.8,True,0.477611
0.44,0.2,0.3,0.7,False,0.237288
0.44,0.2,0.4,0.6,False,0.113923
0.44,0.2,0.5,0.5,False,0.0540533
0.44,0.2,0.6,0.4,False,0.024767
0.44,0.2,0.7,0.3,False,0.0103858
0.44,0.16,0.0,1.0,True,0.999999
0.44,0.16,0.1,0.9,True,0.822335
0.44,0.16,0.2,0.8,True,0.477611
0.44,0.16,0.3,0.7,False,0.237288
0.44,0.16,0.4,0.6,False,0.113923
0.44,0.16,0.5,0.5,False,0.0540533
0.44,0.16,0.6,0.4,False,0.024767
0.44,0.16,0.7,0.3,False,0.0103858
0.44,0.12,0.0,1.0,True,0.999999
0.44,0.12,0.1,0.9,True,0.822335
0.44,0.12,0.2,0.8,True,0.477611
0.44,0.12,0.3,0.7,False,0.237288
0.44,0.12,0.4,0.6,False,0.113923
0.44,0.12,0.5,0.5,False,0.0540533
0.44,0.12,0.6,0.4,False,0.024767
0.44,0.12,0.7,0.3,False,0.0103858
0.44,0.08,0.0,1.0,True,0.999999
0.44,0.08,0.1,0.9,True,0.822335
0.44,0.08,0.2,0.8,False,0.477611
0.44,0.08,0.3,0.7,False,0.237288
0.44,0.08,0.4,0.6,False,0.113923
0.44,0.08,0.5,0.5,False,0.0540533
0.44,0.08,0.6,0.4,False,0.024767
0.44,0.08,0.7,0.3,False,0.0103858
0.44,0.04,0.0,1.0,True,0.999999
0.44,0.04,0.1,0.9,True,0.822335
0.44,0.04,0.2,0.8,False,0.477611
0.44,0.04,0.3,0.7,False,0.237288
0.44,0.04,0.4,0.6,False,0.113923
0.44,0.04,0.5,0.5,False,0.0540533
0.44,0.04,0.6,0.4,False,0.024767
0.44,0.04,0.7,0.3,False,0.0103858
0.44,0.0,0.0,1.0,True,0.999999
0.44,0.0,0.1,0.9,True,0.822335
0.44,0.0,0.2,0.8,False,0.477611
0.44,0.0,0.3,0.7,False,0.237288
0.44,0.0,0.4,0.6,False,0.113923
0.44,0.0,0.5,0.5,False,0.0540533
0.44,0.0,0.6,0.4,False,0.024767
0.44,0.0,0.7,0.3,False,0.0103858
0.48,0.48,0.0,1.0,False,0.999999
0.48,0.48,0.1,0.9,False,0.822335
0.48,0.48,0.2,0.8,False,0.477611
0.48,0.48,0.3,0.7,False,0.237288
0.48,0.48,0.4,0.6,False,0.113923
0.48,0.48,0.5,0.5,False,0.0540533
0.48,0.48,0.6,0.4,False,0.024767
0.48,0.48,0.7,0.3,False,0.0103858
0.48,0.44,0.0,1.0,False,0.999999
0.48,0.44,0.1,0.9,False,0.822335
0.48,0.44,0.2,0.8,False,0.477611
0.48,0.44,0.3,0.7,False,0.237288
0.48,0.44,0.4,0.6,False,0.113923
0.48,0.44,0.5,0.5,False,0.0540533
0.48,0.44,0.6,0.4,False,0.024767
0.48,0.44,0.7,0.3,False,0.0103858
0.48,0.4,0.0,1.0,True,0.999999
0.48,0.4,0.1,0.9,True,0.822335
0.48,0.4,0.2,0.8,True,0.477611
0.48,0.4,0.3,0.7,True,0.237288
0.48,0.4,0.4,0.6,True,0.113923
0.48,0.4,0.5,0.5,False,0.0540533
0.48,0.4,0.6,0.4,False,0.024767
0.48,0.4,0.7,0.3,False,0.0103858
0.48,0.36,0.0,1.0,True,0.999999
0.48,0.36,0.1,0.9,True,0.822335
0.48,0.36,0.2,0.8,True,0.477611
0.48,0.36,0.3,0.7,True,0.237288
0.48,0.36,0.4,0.6,True,0.113923
0.48,0.36,0.5,0.5,False,0.0540533
0.48,0.36,0.6,0.4,False,0.024767
0.48,0.36,0.7,0.3,False,0.0103858
0.48,0.32,0.0,1.0,True,0.999999
0.48,0.32,0.1,0.9,True,0.822335
0.48,0.32,0.2,0.8,True,0.477611
0.48,0.32,0.3,0.7,True,0.237288
0.48,0.32,0.4,0.6,False,0.113923
0.48,0.32,0.5,0.5,False,0.0540533
0.48,0.32,0.6,0.4,False,0.024767
0.48,0.32,0.7,0.3,False,0.0103858
0.48,0.28,0.0,1.0,True,0.999999
0.48,0.28,0.1,0.9,True,0.822335
0.48,0.28,0.2,0.8,True,0.477611
0.48,0.28,0.3,0.7,True,0.237288
0.48,0.28,0.4,0.6,False,0.113923
0.48,0.28,0.5,0.5,False,0.0540533
0.48,0.28,0.6,0.4,False,0.024767
0.48,0.28,0.7,0.3,False,0.0103858
0.48,0.24,0.0,1.0,True,0.999999
0.48,0.24,0.1,0.9,True,0.822335
0.48,0.24,0.2,0.8,True,0.477611
0.48,0.24,0.3,0.7,True,0.237288
0.48,0.24,0.4,0.6,False,0.113923
0.48,0.24,0.5,0.5,False,0.0540533
0.48,0.24,0.6,0.4,False,0.024767
0.48,0.24,0.7,0.3,False,0.0103858
0.48,0.2,0.0,1.0,True,0.999999
0.48,0.2,0.1,0.9,True,0.822335
0.48,0.2,0.2,0.8,True,0.477611
0.48,0.2,0.3,0.7,False,0.237288
0.48,0.2,0.4,0.6,False,0.113923
0.48,0.2,0.5,0.5,False,0.0540533
0.48,0.2,0.6,0.4,False,0.024767
0.48,0.2,0.7,0.3,False,0.0103858
0.48,0.16,0.0,1.0,True,0.999999
0.48,0.16,0.1,0.9,True,0.822335
0.48,0.16,0.2,0.8,True,0.477611
0.48,0.16,0.3,0.7,False,0.237288
0.48,0.16,0.4,0.6,False,0.113923
0.48,0.16,0.5,0.5,False,0.0540533
0.48,0.16,0.6,0.4,False,0.024767
0.48,0.16,0.7,0.3,False,0.0103858
0.48,0.12,0.0,1.0,True,0.999999
0.48,0.12,0.1,0.9,True,0.822335
0.48,0.12,0.2,0.8,True,0.477611
0.48,0.12,0.3,0.7,False,0.237288
0.48,0.12,0.4,0.6,False,0.113923
0.48,0.12,0.5,0.5,False,0.0540533
0.48,0.12,0.6,0.4,False,0.024767
0.48,0.12,0.7,0.3,False,0.0103858
0.48,0.08,0.0,1.0,True,0.999999
0.48,0.08,0.1,0.9,True,0.822335
0.48,0.08,0.2,0.8,True,0.477611
0.48,0.08,0.3,0.7,False,0.237288
0.48,0.08,0.4,0.6,False,0.113923
0.48,0.08,0.5,0.5,False,0.0540533
0.48,0.08,0.6,0.4,False,0.024767
0.48,0.08,0.7,0.3,False,0.0103858
0.48,0.04,0.0,1.0,True,0.999999
0.48,0.04,0.1,0.9,True,0.822335
0.48,0.04,0.2,0.8,True,0.477611
0.48,0.04,0.3,0.7,False,0.237288
0.48,0.04,0.4,0.6,False,0.113923
0.48,0.04,0.5,0.5,False,0.0540533
0.48,0.04,0.6,0.4,False,0.024767
0.48,0.04,0.7,0.3,False,0.0103858
0.48,0.0,0.0,1.0,True,0.999999
0.48,0.0,0.1,0.9,True,0.822335
0.48,0.0,0.2,0.8,False,0.477611
0.48,0.0,0.3,0.7,False,0.237288
0.48,0.0,0.4,0.6,False,0.113923
0.48,0.0,0.5,0.5,False,0.0540533
0.48,0.0,0.6,0.4,False,0.024767
0.48,0.0,0.7,0.3,False,0.0103858
0.52,0.44,0.0,1.0,False,0.999999
0.52,0.44,0.1,0.9,False,0.822335
0.52,0.44,0.2,0.8,False,0.477611
0.52,0.44,0.3,0.7,False,0.237288
0.52,0.44,0.4,0.6,False,0.113923
0.52,0.44,0.5,0.5,False,0.0540533
0.52,0.44,0.6,0.4,False,0.024767
0.52,0.44,0.7,0.3,False,0.0103858
0.52,0.4,0.0,1.0,False,0.999999
0.52,0.4,0.1,0.9,False,0.822335
0.52,0.4,0.2,0.8,False,0.477611
0.52,0.4,0.3,0.7,False,0.237288
0.52,0.4,0.4,0.6,False,0.113923
0.52,0.4,0.5,0.5,False,0.0540533
0.52,0.4,0.6,0.4,False,0.024767
0.52,0.4,0.7,0.3,False,0.0103858
0.52,0.36,0.0,1.0,True,0.999999
0.52,0.36,0.1,0.9,True,0.822335
0.52,0.36,0.2,0.8,True,0.477611
0.52,0.36,0.3,0.7,True,0.237288
0.52,0.36,0.4,0.6,True,0.113923
0.52,0.36,0.5,0.5,False,0.0540533
0.52,0.36,0.6,0.4,False,0.024767
0.52,0.36,0.7,0.3,False,0.0103858
0.52,0.32,0.0,1.0,True,0.999999
0.52,0.32,0.1,0.9,True,0.822335
0.52,0.32,0.2,0.8,True,0.477611
0.52,0.32,0.3,0.7,True,0.237288
0.52,0.32,0.4,0.6,True,0.113923
0.52,0.32,0.5,0.5,False,0.0540533
0.52,0.32,0.6,0.4,False,0.024767
0.52,0.32,0.7,0.3,False,0.0103858
0.52,0.28,0.0,1.0,True,0.999999
0.52,0.28,0.1,0.9,True,0.822335
0.52,0.28,0.2,0.8,True,0.477611
0.52,0.28,0.3,0.7,True,0.237288
0.52,0.28,0.4,0.6,True,0.113923
0.52,0.28,0.5,0.5,False,0.0540533
0.52,0.28,0.6,0.4,False,0.024767
0.52,0.28,0.7,0.3,False,0.0103858
0.52,0.24,0.0,1.0,True,0.999999
0.52,0.24,0.1,0.9,True,0.822335
0.52,0.24,0.2,0.8,True,0.477611
0.52,0.24,0.3,0.7,True,0.237288
0.52,0.24,0.4,0.6,False,0.113923
0.52,0.24,0.5,0.5,False,0.0540533
0.52,0.24,0.6,0.4,False,0.024767
0.52,0.24,0.7,0.3,False,0.0103858
0.52,0.2,0.0,1.0,True,0.999999
0.52,0.2,0.1,0.9,True,0.822335
0.52,0.2,0.2,0.8,True,0.477611
0.52,0.2,0.3,0.7,False,0.237288
0.52,0.2,0.4,0.6,False,0.113923
0.52,0.2,0.5,0.5,False,0.0540533
0.52,0.2,0.6,0.4,False,0.024767
0.52,0.2,0.7,0.3,False,0.0103858
0.52,0.16,0.0,1.0,True,0.999999
0.52,0.16,0.1,0.9,True,0.822335
0.52,0.16,0.2,0.8,True,0.477611
0.52,0.16,0.3,0.7,True,0.237288
0.52,0.16,0.4,0.6,False,0.113923
0.52,0.16,0.5,0.5,False,0.0540533
0.52,0.16,0.6,0.4,False,0.024767
0.52,0.16,0.7,0.3,False,0.0103858
0.52,0.12,0.0,1.0,True,0.999999
0.52,0.12,0.1,0.9,True,0.822335
0.52,0.12,0.2,0.8,True,0.477611
0.52,0.12,0.3,0.7,False,0.237288
0.52,0.12,0.4,0.6,False,0.113923
0.52,0.12,0.5,0.5,False,0.0540533
0.52,0.12,0.6,0.4,False,0.024767
0.52,0.12,0.7,0.3,False,0.0103858
0.52,0.08,0.0,1.0,True,0.999999
0.52,0.08,0.1,0.9,True,0.822335
0.52,0.08,0.2,0.8,True,0.477611
0.52,0.08,0.3,0.7,False,0.237288
0.52,0.08,0.4,0.6,False,0.113923
0.52,0.08,0.5,0.5,False,0.0540533
0.52,0.08,0.6,0.4,False,0.024767
0.52,0.08,0.7,0.3,False,0.0103858
0.52,0.04,0.0,1.0,True,0.999999
0.52,0.04,0.1,0.9,True,0.822335
0.52,0.04,0.2,0.8,True,0.477611
0.52,0.04,0.3,0.7,False,0.237288
0.52,0.04,0.4,0.6,False,0.113923
0.52,0.04,0.5,0.5,False,0.0540533
0.52,0.04,0.6,0.4,False,0.024767
0.52,0.04,0.7,0.3,False,0.0103858
0.52,0.0,0.0,1.0,True,0.999999
0.52,0.0,0.1,0.9,True,0.822335
0.52,0.0,0.2,0.8,True,0.477611
0.52,0.0,0.3,0.7,False,0.237288
0.52,0.0,0.4,0.6,False,0.113923
0.52,0.0,0.5,0.5,False,0.0540533
0.52,0.0,0.6,0.4,False,0.024767
0.52,0.0,0.7,0.3,False,0.0103858
0.56,0.4,0.0,1.0,False,0.999999
0.56,0.4,0.1,0.9,False,0.822335
0.56,0.4,0.2,0.8,False,0.477611
0.56,0.4,0.3,0.7,False,0.237288
0.56,0.4,0.4,0.6,False,0.113923
0.56,0.4,0.5,0.5,False,0.0540533
0.56,0.4,0.6,0.4,False,0.024767
0.56,0.4,0.7,0.3,False,0.0103858
0.56,0.36,0.0,1.0,False,0.999999
0.56,0.36,0.1,0.9,False,0.822335
0.56,0.36,0.2,0.8,False,0.477611
0.56,0.36,0.3,0.7,False,0.237288
0.56,0.36,0.4,0.6,False,0.113923
0.56,0.36,0.5,0.5,False,0.0540533
0.56,0.36,0.6,0.4,False,0.024767
0.56,0.36,0.7,0.3,False,0.0103858
0.56,0.32,0.0,1.0,True,0.999999
0.56,0.32,0.1,0.9,True,0.822335
0.56,0.32,0.2,0.8,True,0.477611
0.56,0.32,0.3,0.7,True,0.237288
0.56,0.32,0.4,0.6,True,0.113923
0.56,0.32,0.5,0.5,True,0.0540533
0.56,0.32,0.6,0.4,False,0.024767
0.56,0.32,0.7,0.3,False,0.0103858
0.56,0.28,0.0,1.0,True,0.999999
0.56,0.28,0.1,0.9,True,0.822335
0.56,0.28,0.2,0.8,True,0.477611
0.56,0.28,0.3,0.7,True,0.237288
0.56,0.28,0.4,0.6,True,0.113923
0.56,0.28,0.5,0.5,False,0.0540533
0.56,0.28,0.6,0.4,False,0.024767
0.56,0.28,0.7,0.3,False,0.0103858
0.56,0.24,0.0,1.0,True,0.999999
0.56,0.24,0.1,0.9,True,0.822335
0.56,0.24,0.2,0.8,True,0.477611
0.56,0.24,0.3,0.7,True,0.237288
0.56,0.24,0.4,0.6,True,0.113923
0.56,0.24,0.5,0.5,False,0.0540533
0.56,0.24,0.6,0.4,False,0.024767
0.56,0.24,0.7,0.3,False,0.0103858
0.56,0.2,0.0,1.0,True,0.999999
0.56,0.2,0.1,0.9,True,0.822335
0.56,0.2,0.2,0.8,True,0.477611
0.56,0.2,0.3,0.7,False,0.237288
0.56,0.2,0.4,0.6,False,0.113923
0.56,0.2,0.5,0.5,False,0.0540533
0.56,0.2,0.6,0.4,False,0.024767
0.56,0.2,0.7,0.3,False,0.0103858
0.56,0.16,0.0,1.0,True,0.999999
0.56,0.16,0.1,0.9,True,0.822335
0.56,0.16,0.2,0.8,True,0.477611
0.56,0.16,0.3,0.7,True,0.237288
0.56,0.16,0.4,0.6,False,0.113923
0.56,0.16,0.5,0.5,False,0.0540533
0.56,0.16,0.6,0.4,False,0.024767
0.56,0.16,0.7,0.3,False,0.0103858
0.56,0.12,0.0,1.0,True,0.999999
0.56,0.12,0.1,0.9,True,0.822335
0.56,0.12,0.2,0.8,True,0.477611
0.56,0.12,0.3,0.7,True,0.237288
0.56,0.12,0.4,0.6,False,0.113923
0.56,0.12,0.5,0.5,False,0.0540533
0.56,0.12,0.6,0.4,False,0.024767
0.56,0.12,0.7,0.3,False,0.0103858
0.56,0.08,0.0,1.0,True,0.999999
0.56,0.08,0.1,0.9,True,0.822335
0.56,0.08,0.2,0.8,True,0.477611
0.56,0.08,0.3,0.7,False,0.237288
0.56,0.08,0.4,0.6,False,0.113923
0.56,0.08,0.5,0.5,False,0.0540533
0.56,0.08,0.6,0.4,False,0.024767
0.56,0.08,0.7,0.3,False,0.0103858
0.56,0.04,0.0,1.0,True,0.999999
0.56,0.04,0.1,0.9,True,0.822335
0.56,0.04,0.2,0.8,True,0.477611
0.56,0.04,0.3,0.7,False,0.237288
0.56,0.04,0.4,0.6,False,0.113923
0.56,0.04,0.5,0.5,False,0.0540533
0.56,0.04,0.6,0.4,False,0.024767
0.56,0.04,0.7,0.3,False,0.0103858
0.56,0.0,0.0,1.0,True,0.999999
0.56,0.0,0.1,0.9,True,0.822335
0.56,0.0,0.2,0.8,True,0.477611
0.56,0.0,0.3,0.7,False,0.237288
0.56,0.0,0.4,0.6,False,0.113923
0.56,0.0,0.5,0.5,False,0.0540533
0.56,0.0,0.6,0.4,False,0.024767
0.56,0.0,0.7,0.3,False,0.0103858
0.6,0.36,0.0,1.0,False,0.999999
0.6,0.36,0.1,0.9,False,0.822335
0.6,0.36,0.2,0.8,False,0.477611
0.6,0.36,0.3,0.7,False,0.237288
0.6,0.36,0.4,0.6,False,0.113923
0.6,0.36,0.5,0.5,False,0.0540533
0.6,0.36,0.6,0.4,False,0.024767
0.6,0.36,0.7,0.3,False,0.0103858
0.6,0.32,0.0,1.0,True,0.999999
0.6,0.32,0.1,0.9,True,0.822335
0.6,0.32,0.2,0.8,True,0.477611
0.6,0.32,0.3,0.7,True,0.237288
0.6,0.32,0.4,0.6,True,0.113923
0.6,0.32,0.5,0.5,False,0.0540533
0.6,0.32,0.6,0.4,False,0.024767
0.6,0.32,0.7,0.3,False,0.0103858
0.6,0.28,0.0,1.0,True,0.999999
0.6,0.28,0.1,0.9,True,0.822335
0.6,0.28,0.2,0.8,True,0.477611
0.6,0.28,0.3,0.7,True,0.237288
0.6,0.28,0.4,0.6,True,0.113923
0.6,0.28,0.5,0.5,True,0.0540533
0.6,0.28,0.6,0.4,False,0.024767
0.6,0.28,0.7,0.3,False,0.0103858
0.6,0.24,0.0,1.0,True,0.999999
0.6,0.24,0.1,0.9,True,0.822335
0.6,0.24,0.2,0.8,True,0.477611
0.6,0.24,0.3,0.7,True,0.237288
0.6,0.24,0.4,0.6,True,0.113923
0.6,0.24,0.5,0.5,True,0.0540533
0.6,0.24,0.6,0.4,False,0.024767
0.6,0.24,0.7,0.3,False,0.0103858
0.6,0.2,0.0,1.0,True,0.999999
0.6,0.2,0.1,0.9,True,0.822335
0.6,0.2,0.2,0.8,True,0.477611
0.6,0.2,0.3,0.7,True,0.237288
0.6,0.2,0.4,0.6,True,0.113923
0.6,0.2,0.5,0.5,False,0.0540533
0.6,0.2,0.6,0.4,False,0.024767
0.6,0.2,0.7,0.3,False,0.0103858
0.6,0.16,0.0,1.0,True,0.999999
0.6,0.16,0.1,0.9,True,0.822335
0.6,0.16,0.2,0.8,True,0.477611
0.6,0.16,0.3,0.7,True,0.237288
0.6,0.16,0.4,0.6,True,0.113923
0.6,0.16,0.5,0.5,False,0.0540533
0.6,0.16,0.6,0.4,False,0.024767
0.6,0.16,0.7,0.3,False,0.0103858
0.6,0.12,0.0,1.0,True,0.999999
0.6,0.12,0.1,0.9,True,0.822335
0.6,0.12,0.2,0.8,True,0.477611
0.6,0.12,0.3,0.7,True,0.237288
0.6,0.12,0.4,0.6,False,0.113923
0.6,0.12,0.5,0.5,False,0.0540533
0.6,0.12,0.6,0.4,False,0.024767
0.6,0.12,0.7,0.3,False,0.0103858
0.6,0.08,0.0,1.0,True,0.999999
0.6,0.08,0.1,0.9,True,0.822335
0.6,0.08,0.2,0.8,True,0.477611
0.6,0.08,0.3,0.7,True,0.237288
0.6,0.08,0.4,0.6,False,0.113923
0.6,0.08,0.5,0.5,False,0.0540533
0.6,0.08,0.6,0.4,False,0.024767
0.6,0.08,0.7,0.3,False,0.0103858
0.6,0.04,0.0,1.0,True,0.999999
0.6,0.04,0.1,0.9,True,0.822335
0.6,0.04,0.2,0.8,True,0.477611
0.6,0.04,0.3,0.7,True,0.237288
0.6,0.04,0.4,0.6,False,0.113923
0.6,0.04,0.5,0.5,False,0.0540533
0.6,0.04,0.6,0.4,False,0.024767
0.6,0.04,0.7,0.3,False,0.0103858
0.6,0.0,0.0,1.0,True,0.999999
0.6,0.0,0.1,0.9,True,0.822335
0.6,0.0,0.2,0.8,True,0.477611
0.6,0.0,0.3,0.7,False,0.237288
0.6,0.0,0.4,0.6,False,0.113923
0.6,0.0,0.5,0.5,False,0.0540533
0.6,0.0,0.6,0.4,False,0.024767
0.6,0.0,0.7,0.3,False,0.0103858
0.64,0.32,0.0,1.0,False,0.999999
0.64,0.32,0.1,0.9,False,0.822335
0.64,0.32,0.2,0.8,False,0.477611
0.64,0.32,0.3,0.7,False,0.237288
0.64,0.32,0.4,0.6,False,0.113923
0.64,0.32,0.5,0.5,False,0.0540533
0.64,0.32,0.6,0.4,False,0.024767
0.64,0.32,0.7,0.3,False,0.0103858
0.64,0.28,0.0,1.0,True,0.999999
0.64,0.28,0.1,0.9,True,0.822335
0.64,0.28,0.2,0.8,True,0.477611
0.64,0.28,0.3,0.7,True,0.237288
0.64,0.28,0.4,0.6,True,0.113923
0.64,0.28,0.5,0.5,True,0.0540533
0.64,0.28,0.6,0.4,False,0.024767
0.64,0.28,0.7,0.3,False,0.0103858
0.64,0.24,0.0,1.0,True,0.999999
0.64,0.24,0.1,0.9,True,0.822335
0.64,0.24,0.2,0.8,True,0.477611
0.64,0.24,0.3,0.7,True,0.237288
0.64,0.24,0.4,0.6,True,0.113923
0.64,0.24,0.5,0.5,True,0.0540533
0.64,0.24,0.6,0.4,False,0.024767
0.64,0.24,0.7,0.3,False,0.0103858
0.64,0.2,0.0,1.0,True,0.999999
0.64,0.2,0.1,0.9,True,0.822335
0.64,0.2,0.2,0.8,True,0.477611
0.64,0.2,0.3,0.7,True,0.237288
0.64,0.2,0.4,0.6,True,0.113923
0.64,0.2,0.5,0.5,True,0.0540533
0.64,0.2,0.6,0.4,False,0.024767
0.64,0.2,0.7,0.3,False,0.0103858
0.64,0.16,0.0,1.0,True,0.999999
0.64,0.16,0.1,0.9,True,0.822335
0.64,0.16,0.2,0.8,True,0.477611
0.64,0.16,0.3,0.7,True,0.237288
0.64,0.16,0.4,0.6,True,0.113923
0.64,0.16,0.5,0.5,False,0.0540533
0.64,0.16,0.6,0.4,False,0.024767
0.64,0.16,0.7,0.3,False,0.0103858
0.64,0.12,0.0,1.0,True,0.999999
0.64,0.12,0.1,0.9,True,0.822335
0.64,0.12,0.2,0.8,True,0.477611
0.64,0.12,0.3,0.7,True,0.237288
0.64,0.12,0.4,0.6,True,0.113923
0.64,0.12,0.5,0.5,False,0.0540533
0.64,0.12,0.6,0.4,False,0.024767
0.64,0.12,0.7,0.3,False,0.0103858
0.64,0.08,0.0,1.0,True,0.999999
0.64,0.08,0.1,0.9,True,0.822335
0.64,0.08,0.2,0.8,True,0.477611
0.64,0.08,0.3,0.7,True,0.237288
0.64,0.08,0.4,0.6,False,0.113923
0.64,0.08,0.5,0.5,False,0.0540533
0.64,0.08,0.6,0.4,False,0.024767
0.64,0.08,0.7,0.3,False,0.0103858
0.64,0.04,0.0,1.0,True,0.999999
0.64,0.04,0.1,0.9,True,0.822335
0.64,0.04,0.2,0.8,True,0.477611
0.64,0.04,0.3,0.7,True,0.237288
0.64,0.04,0.4,0.6,False,0.113923
0.64,0.04,0.5,0.5,False,0.0540533
0.64,0.04,0.6,0.4,False,0.024767
0.64,0.04,0.7,0.3,False,0.0103858
0.64,0.0,0.0,1.0,True,0.999999
0.64,0.0,0.1,0.9,True,0.822335
0.64,0.0,0.2,0.8,True,0.477611
0.64,0.0,0.3,0.7,False,0.237288
0.64,0.0,0.4,0.6,False,0.113923
0.64,0.0,0.5,0.5,False,0.0540533
0.64,0.0,0.6,0.4,False,0.024767
0.64,0.0,0.7,0.3,False,0.0103858
0.68,0.28,0.0,1.0,False,0.999999
0.68,0.28,0.1,0.9,False,0.822335
0.68,0.28,0.2,0.8,False,0.477611
0.68,0.28,0.3,0.7,False,0.237288
0.68,0.28,0.4,0.6,False,0.113923
0.68,0.28,0.5,0.5,False,0.0540533
0.68,0.28,0.6,0.4,False,0.024767
0.68,0.28,0.7,0.3,False,0.0103858
0.68,0.24,0.0,1.0,True,0.999999
0.68,0.24,0.1,0.9,True,0.822335
0.68,0.24,0.2,0.8,True,0.477611
0.68,0.24,0.3,0.7,True,0.237288
0.68,0.24,0.4,0.6,True,0.113923
0.68,0.24,0.5,0.5,True,0.0540533
0.68,0.24,0.6,0.4,True,0.024767
0.68,0.24,0.7,0.3,False,0.0103858
0.68,0.2,0.0,1.0,True,0.999999
0.68,0.2,0.1,0.9,True,0.822335
0.68,0.2,0.2,0.8,True,0.477611
0.68,0.2,0.3,0.7,True,0.237288
0.68,0.2,0.4,0.6,True,0.113923
0.68,0.2,0.5,0.5,True,0.0540533
0.68,0.2,0.6,0.4,False,0.024767
0.68,0.2,0.7,0.3,False,0.0103858
0.68,0.16,0.0,1.0,True,0.999999
0.68,0.16,0.1,0.9,True,0.822335
0.68,0.16,0.2,0.8,True,0.477611
0.68,0.16,0.3,0.7,True,0.237288
0.68,0.16,0.4,0.6,True,0.113923
0.68,0.16,0.5,0.5,True,0.0540533
0.68,0.16,0.6,0.4,False,0.024767
0.68,0.16,0.7,0.3,False,0.0103858
0.68,0.12,0.0,1.0,True,0.999999
0.68,0.12,0.1,0.9,True,0.822335
0.68,0.12,0.2,0.8,True,0.477611
0.68,0.12,0.3,0.7,True,0.237288
0.68,0.12,0.4,0.6,True,0.113923
0.68,0.12,0.5,0.5,False,0.0540533
0.68,0.12,0.6,0.4,False,0.024767
0.68,0.12,0.7,0.3,False,0.0103858
0.68,0.08,0.0,1.0,True,0.999999
0.68,0.08,0.1,0.9,True,0.822335
0.68,0.08,0.2,0.8,True,0.477611
0.68,0.08,0.3,0.7,True,0.237288
0.68,0.08,0.4,0.6,True,0.113923
0.68,0.08,0.5,0.5,False,0.0540533
0.68,0.08,0.6,0.4,False,0.024767
0.68,0.08,0.7,0.3,False,0.0103858
0.68,0.04,0.0,1.0,True,0.999999
0.68,0.04,0.1,0.9,True,0.822335
0.68,0.04,0.2,0.8,True,0.477611
0.68,0.04,0.3,0.7,True,0.237288
0.68,0.04,0.4,0.6,False,0.113923
0.68,0.04,0.5,0.5,False,0.0540533
0.68,0.04,0.6,0.4,False,0.024767
0.68,0.04,0.7,0.3,False,0.0103858
0.68,0.0,0.0,1.0,True,0.999999
0.68,0.0,0.1,0.9,True,0.822335
0.68,0.0,0.2,0.8,True,0.477611
0.68,0.0,0.3,0.7,False,0.237288
0.68,0.0,0.4,0.6,False,0.113923
0.68,0.0,0.5,0.5,False,0.0540533
0.68,0.0,0.6,0.4,False,0.024767
0.68,0.0,0.7,0.3,False,0.0103858
0.72,0.24,0.0,1.0,False,0.999999
0.72,0.24,0.1,0.9,False,0.822335
0.72,0.24,0.2,0.8,False,0.477611
0.72,0.24,0.3,0.7,False,0.237288
0.72,0.24,0.4,0.6,False,0.113923
0.72,0.24,0.5,0.5,False,0.0540533
0.72,0.24,0.6,0.4,False,0.024767
0.72,0.24,0.7,0.3,False,0.0103858
0.72,0.2,0.0,1.0,True,0.999999
0.72,0.2,0.1,0.9,True,0.822335
0.72,0.2,0.2,0.8,True,0.477611
0.72,0.2,0.3,0.7,True,0.237288
0.72,0.2,0.4,0.6,True,0.113923
0.72,0.2,0.5,0.5,True,0.0540533
0.72,0.2,0.6,0.4,True,0.024767
0.72,0.2,0.7,0.3,False,0.0103858
0.72,0.16,0.0,1.0,True,0.999999
0.72,0.16,0.1,0.9,True,0.822335
0.72,0.16,0.2,0.8,True,0.477611
0.72,0.16,0.3,0.7,True,0.237288
0.72,0.16,0.4,0.6,True,0.113923
0.72,0.16,0.5,0.5,True,0.0540533
0.72,0.16,0.6,0.4,False,0.024767
0.72,0.16,0.7,0.3,False,0.0103858
0.72,0.12,0.0,1.0,True,0.999999
0.72,0.12,0.1,0.9,True,0.822335
0.72,0.12,0.2,0.8,True,0.477611
0.72,0.12,0.3,0.7,True,0.237288
0.72,0.12,0.4,0.6,True,0.113923
0.72,0.12,0.5,0.5,True,0.0540533
0.72,0.12,0.6,0.4,False,0.024767
0.72,0.12,0.7,0.3,False,0.0103858
0.72,0.08,0.0,1.0,True,0.999999
0.72,0.08,0.1,0.9,True,0.822335
0.72,0.08,0.2,0.8,True,0.477611
0.72,0.08,0.3,0.7,True,0.237288
0.72,0.08,0.4,0.6,True,0.113923
0.72,0.08,0.5,0.5,False,0.0540533
0.72,0.08,0.6,0.4,False,0.024767
0.72,0.08,0.7,0.3,False,0.0103858
0.72,0.04,0.0,1.0,True,0.999999
0.72,0.04,0.1,0.9,True,0.822335
0.72,0.04,0.2,0.8,True,0.477611
0.72,0.04,0.3,0.7,True,0.237288
0.72,0.04,0.4,0.6,False,0.113923
0.72,0.04,0.5,0.5,False,0.0540533
0.72,0.04,0.6,0.4,False,0.024767
0.72,0.04,0.7,0.3,False,0.0103858
0.72,0.0,0.0,1.0,True,0.999999
0.72,0.0,0.1,0.9,True,0.822335
0.72,0.0,0.2,0.8,True,0.477611
0.72,0.0,0.3,0.7,False,0.237288
0.72,0.0,0.4,0.6,True,0.113923
0.72,0.0,0.5,0.5,False,0.0540533
0.72,0.0,0.6,0.4,False,0.024767
0.72,0.0,0.7,0.3,False,0.0103858
0.76,0.2,0.0,1.0,False,0.999999
0.76,0.2,0.1,0.9,False,0.822335
0.76,0.2,0.2,0.8,False,0.477611
0.76,0.2,0.3,0.7,False,0.237288
0.76,0.2,0.4,0.6,False,0.113923
0.76,0.2,0.5,0.5,False,0.0540533
0.76,0.2,0.6,0.4,False,0.024767
0.76,0.2,0.7,0.3,False,0.0103858
0.76,0.16,0.0,1.0,True,0.999999
0.76,0.16,0.1,0.9,True,0.822335
0.76,0.16,0.2,0.8,True,0.477611
0.76,0.16,0.3,0.7,True,0.237288
0.76,0.16,0.4,0.6,True,0.113923
0.76,0.16,0.5,0.5,True,0.0540533
0.76,0.16,0.6,0.4,True,0.024767
0.76,0.16,0.7,0.3,False,0.0103858
0.76,0.12,0.0,1.0,True,0.999999
0.76,0.12,0.1,0.9,True,0.822335
0.76,0.12,0.2,0.8,True,0.477611
0.76,0.12,0.3,0.7,True,0.237288
0.76,0.12,0.4,0.6,True,0.113923
0.76,0.12,0.5,0.5,True,0.0540533
0.76,0.12,0.6,0.4,True,0.024767
0.76,0.12,0.7,0.3,False,0.0103858
0.76,0.08,0.0,1.0,True,0.999999
0.76,0.08,0.1,0.9,True,0.822335
0.76,0.08,0.2,0.8,True,0.477611
0.76,0.08,0.3,0.7,True,0.237288
0.76,0.08,0.4,0.6,True,0.113923
0.76,0.08,0.5,0.5,True,0.0540533
0.76,0.08,0.6,0.4,False,0.024767
0.76,0.08,0.7,0.3,False,0.0103858
0.76,0.04,0.0,1.0,True,0.999999
0.76,0.04,0.1,0.9,True,0.822335
0.76,0.04,0.2,0.8,True,0.477611
0.76,0.04,0.3,0.7,True,0.237288
0.76,0.04,0.4,0.6,False,0.113923
0.76,0.04,0.5,0.5,False,0.0540533
0.76,0.04,0.6,0.4,False,0.024767
0.76,0.04,0.7,0.3,False,0.0103858
0.76,0.0,0.0,1.0,True,0.999999
0.76,0.0,0.1,0.9,True,0.822335
0.76,0.0,0.2,0.8,True,0.477611
0.76,0.0,0.3,0.7,True,0.237288
0.76,0.0,0.4,0.6,True,0.113923
0.76,0.0,0.5,0.5,False,0.0540533
0.76,0.0,0.6,0.4,False,0.024767
0.76,0.0,0.7,0.3,False,0.0103858
0.8,0.16,0.0,1.0,False,0.999999
0.8,0.16,0.1,0.9,False,0.822335
0.8,0.16,0.2,0.8,False,0.477611
0.8,0.16,0.3,0.7,False,0.237288
0.8,0.16,0.4,0.6,False,0.113923
0.8,0.16,0.5,0.5,False,0.0540533
0.8,0.16,0.6,0.4,False,0.024767
0.8,0.16,0.7,0.3,False,0.0103858
0.8,0.12,0.0,1.0,True,0.999999
0.8,0.12,0.1,0.9,True,0.822335
0.8,0.12,0.2,0.8,True,0.477611
0.8,0.12,0.3,0.7,True,0.237288
0.8,0.12,0.4,0.6,True,0.113923
0.8,0.12,0.5,0.5,True,0.0540533
0.8,0.12,0.6,0.4,True,0.024767
0.8,0.12,0.7,0.3,False,0.0103858
0.8,0.08,0.0,1.0,True,0.999999
0.8,0.08,0.1,0.9,True,0.822335
0.8,0.08,0.2,0.8,True,0.477611
0.8,0.08,0.3,0.7,True,0.237288
0.8,0.08,0.4,0.6,True,0.113923
0.8,0.08,0.5,0.5,True,0.0540533
0.8,0.08,0.6,0.4,True,0.024767
0.8,0.08,0.7,0.3,False,0.0103858
0.8,0.04,0.0,1.0,True,0.999999
0.8,0.04,0.1,0.9,True,0.822335
0.8,0.04,0.2,0.8,True,0.477611
0.8,0.04,0.3,0.7,True,0.237288
0.8,0.04,0.4,0.6,True,0.113923
0.8,0.04,0.5,0.5,True,0.0540533
0.8,0.04,0.6,0.4,False,0.024767
0.8,0.04,0.7,0.3,False,0.0103858
0.8,0.0,0.0,1.0,True,0.999999
0.8,0.0,0.1,0.9,True,0.822335
0.8,0.0,0.2,0.8,True,0.477611
0.8,0.0,0.3,0.7,True,0.237288
0.8,0.0,0.4,0.6,True,0.113923
0.8,0.0,0.5,0.5,True,0.0540533
0.8,0.0,0.6,0.4,False,0.024767
0.8,0.0,0.7,0.3,False,0.0103858
0.84,0.12,0.0,1.0,False,0.999999
0.84,0.12,0.1,0.9,False,0.822335
0.84,0.12,0.2,0.8,False,0.477611
0.84,0.12,0.3,0.7,False,0.237288
0.84,0.12,0.4,0.6,False,0.113923
0.84,0.12,0.5,0.5,False,0.0540533
0.84,0.12,0.6,0.4,True,0.024767
0.84,0.12,0.7,0.3,False,0.0103858
0.84,0.08,0.0,1.0,True,0.999999
0.84,0.08,0.1,0.9,True,0.822335
0.84,0.08,0.2,0.8,True,0.477611
0.84,0.08,0.3,0.7,True,0.237288
0.84,0.08,0.4,0.6,True,0.113923
0.84,0.08,0.5,0.5,True,0.0540533
0.84,0.08,0.6,0.4,True,0.024767
0.84,0.08,0.7,0.3,False,0.0103858
0.84,0.04,0.0,1.0,True,0.999999
0.84,0.04,0.1,0.9,True,0.822335
0.84,0.04,0.2,0.8,True,0.477611
0.84,0.04,0.3,0.7,True,0.237288
0.84,0.04,0.4,0.6,True,0.113923
0.84,0.04,0.5,0.5,True,0.0540533
0.84,0.04,0.6,0.4,False,0.024767
0.84,0.04,0.7,0.3,False,0.0103858
0.84,0.0,0.0,1.0,True,0.999999
0.84,0.0,0.1,0.9,True,0.822335
0.84,0.0,0.2,0.8,True,0.477611
0.84,0.0,0.3,0.7,True,0.237288
0.84,0.0,0.4,0.6,True,0.113923
0.84,0.0,0.5,0.5,True,0.0540533
0.84,0.0,0.6,0.4,False,0.024767
0.84,0.0,0.7,0.3,False,0.0103858
0.88,0.08,0.0,1.0,False,0.999999
0.88,0.08,0.1,0.9,False,0.822335
0.88,0.08,0.2,0.8,False,0.477611
0.88,0.08,0.3,0.7,False,0.237288
0.88,0.08,0.4,0.6,False,0.113923
0.88,0.08,0.5,0.5,True,0.0540533
0.88,0.08,0.6,0.4,True,0.024767
0.88,0.08,0.7,0.3,True,0.0103858
0.88,0.04,0.0,1.0,True,0.999999
0.88,0.04,0.1,0.9,True,0.822335
0.88,0.04,0.2,0.8,True,0.477611
0.88,0.04,0.3,0.7,True,0.237288
0.88,0.04,0.4,0.6,True,0.113923
0.88,0.04,0.5,0.5,True,0.0540533
0.88,0.04,0.6,0.4,True,0.024767
0.88,0.04,0.7,0.3,False,0.0103858
0.88,0.0,0.0,1.0,True,0.999999
0.88,0.0,0.1,0.9,True,0.822335
0.88,0.0,0.2,0.8,True,0.477611
0.88,0.0,0.3,0.7,True,0.237288
0.88,0.0,0.4,0.6,True,0.113923
0.88,0.0,0.5,0.5,True,0.0540533
0.88,0.0,0.6,0.4,True,0.024767
0.88,0.0,0.7,0.3,False,0.0103858
0.92,0.04,0.0,1.0,False,0.999999
0.92,0.04,0.1,0.9,False,0.822335
0.92,0.04,0.2,0.8,False,0.477611
0.92,0.04,0.3,0.7,False,0.237288
0.92,0.04,0.4,0.6,True,0.113923
0.92,0.04,0.5,0.5,True,0.0540533
0.92,0.04,0.6,0.4,True,0.024767
0.92,0.04,0.7,0.3,True,0.0103858
0.92,0.0,0.0,1.0,True,0.999999
0.92,0.0,0.1,0.9,True,0.822335
0.92,0.0,0.2,0.8,True,0.477611
0.92,0.0,0.3,0.7,True,0.237288
0.92,0.0,0.4,0.6,True,0.113923
0.92,0.0,0.5,0.5,True,0.0540533
0.92,0.0,0.6,0.4,True,0.024767
0.92,0.0,0.7,0.3,False,0.0103858
0.96,0.0,0.0,1.0,False,0.999999
0.96,0.0,0.1,0.9,False,0.822335
0.96,0.0,0.2,0.8,False,0.477611
0.96,0.0,0.3,0.7,True,0.237288
0.96,0.0,0.4,0.6,True,0.113923
0.96,0.0,0.5,0.5,True,0.0540533
0.96,0.0,0.6,0.4,True,0.024767
0.96,0.0,0.7,0.3,True,0.0103858
