"K","Sb","U:0","U:1","U:2","Ua:0","Ua:1","Ua:2","Ub:0","Ub:1","Ub:2","p","vtkValidPointMask","arc_length","Points:0","Points:1","Points:2"
3.8003e-13,0.9,1e-05,0,0,8e-06,0,0,2e-06,0,0,0,1,0,0.025,0,0.05
3.7292e-13,0.9,1e-05,0,0,8e-06,0,0,2e-06,0,0,0,1,0.003,0.025,0.003,0.05
3.6581e-13,0.9,1e-05,0,0,8e-06,0,0,2e-06,0,0,0,1,0.006,0.025,0.006,0.05
3.587e-13,0.9,1e-05,0,0,8e-06,0,0,2e-06,0,0,0,1,0.009,0.025,0.009,0.05
3.5158e-13,0.9,1e-05,0,0,8e-06,0,0,2e-06,0,0,0,1,0.012,0.025,0.012,0.05
3.4447e-13,0.9,1e-05,0,0,8e-06,0,0,2e-06,0,0,0,1,0.015,0.025,0.015,0.05
3.3736e-13,0.9,1e-05,0,0,8e-06,0,0,2e-06,0,0,0,1,0.018,0.025,0.018,0.05
3.3025e-13,0.9,1e-05,0,0,8e-06,0,0,2e-06,0,0,0,1,0.021,0.025,0.021,0.05
3.2314e-13,0.9,1e-05,0,0,8e-06,0,0,2e-06,0,0,0,1,0.024,0.025,0.024,0.05
3.1603e-13,0.9,1e-05,0,0,8e-06,0,0,2e-06,0,0,0,1,0.027,0.025,0.027,0.05
3.0892e-13,0.9,1e-05,0,0,8e-06,0,0,2e-06,0,0,0,1,0.03,0.025,0.03,0.05
3.0181e-13,0.9,1e-05,0,0,8e-06,0,0,2e-06,0,0,0,1,0.033,0.025,0.033,0.05
2.947e-13,0.9,1e-05,0,0,8e-06,0,0,2e-06,0,0,0,1,0.036,0.025,0.036,0.05
2.8758e-13,0.9,1e-05,0,0,8e-06,0,0,2e-06,0,0,0,1,0.039,0.025,0.039,0.05
2.8047e-13,0.9,1e-05,0,0,8e-06,0,0,2e-06,0,0,0,1,0.042,0.025,0.042,0.05
2.7336e-13,0.9,1e-05,0,0,8e-06,0,0,2e-06,0,0,0,1,0.045,0.025,0.045,0.05
2.6625e-13,0.9,1e-05,0,0,8e-06,0,0,2e-06,0,0,0,1,0.048,0.025,0.048,0.05
2.6113e-13,0.9,1e-05,0,0,8e-06,0,0,2e-06,0,0,0,1,0.051,0.025,0.051,0.05
2.5999e-13,0.9,1e-05,0,0,8e-06,0,0,2e-06,0,0,0,1,0.054,0.025,0.054,0.05
2.5886e-13,0.9,1e-05,0,0,8e-06,0,0,2e-06,0,0,0,1,0.057,0.025,0.057,0.05
2.5772e-13,0.9,1e-05,0,0,8e-06,0,0,2e-06,0,0,0,1,0.06,0.025,0.06,0.05
2.5658e-13,0.9,1e-05,0,0,8e-06,0,0,2e-06,0,0,0,1,0.063,0.025,0.063,0.05
2.5544e-13,0.9,1e-05,0,0,8e-06,0,0,2e-06,0,0,0,1,0.066,0.025,0.066,0.05
2.543e-13,0.9,1e-05,0,0,8e-06,0,0,2e-06,0,0,0,1,0.069,0.025,0.069,0.05
2.5317e-13,0.9,1e-05,0,0,8e-06,0,0,2e-06,0,0,0,1,0.072,0.025,0.072,0.05
2.5203e-13,0.9,1e-05,0,0,8e-06,0,0,2e-06,0,0,0,1,0.075,0.025,0.075,0.05
2.5089e-13,0.9,1e-05,0,0,8e-06,0,0,2e-06,0,0,0,1,0.078,0.025,0.078,0.05
2.4975e-13,0.9,1e-05,0,0,8e-06,0,0,2e-06,0,0,0,1,0.081,0.025,0.081,0.05
2.4861e-13,0.9,1e-05,0,0,8e-06,0,0,2e-06,0,0,0,1,0.084,0.025,0.084,0.05
2.4748e-13,0.9,1e-05,0,0,8e-06,0,0,2e-06,0,0,0,1,0.087,0.025,0.087,0.05
2.4634e-13,0.9,1e-05,0,0,8e-06,0,0,2e-06,0,0,0,1,0.09,0.025,0.09,0.05
2.452e-13,0.9,1e-05,0,0,8e-06,0,0,2e-06,0,0,0,1,0.093,0.025,0.093,0.05
2.4406e-13,0.9,1e-05,0,0,8e-06,0,0,2e-06,0,0,0,1,0.096,0.025,0.096,0.05
2.4292e-13,0.9,1e-05,0,0,8e-06,0,0,2e-06,0,0,0,1,0.099,0.025,0.099,0.05
2.4323e-13,0.9,1e-05,0,0,8e-06,0,0,2e-06,0,0,0,1,0.102,0.025,0.102,0.05
2.4425e-13,0.9,1e-05,0,0,8e-06,0,0,2e-06,0,0,0,1,0.105,0.025,0.105,0.05
2.4528e-13,0.9,1e-05,0,0,8e-06,0,0,2e-06,0,0,0,1,0.108,0.025,0.108,0.05
2.463e-13,0.9,1e-05,0,0,8e-06,0,0,2e-06,0,0,0,1,0.111,0.025,0.111,0.05
2.4732e-13,0.9,1e-05,0,0,8e-06,0,0,2e-06,0,0,0,1,0.114,0.025,0.114,0.05
2.4835e-13,0.9,1e-05,0,0,8e-06,0,0,2e-06,0,0,0,1,0.117,0.025,0.117,0.05
2.4937e-13,0.9,1e-05,0,0,8e-06,0,0,2e-06,0,0,0,1,0.12,0.025,0.12,0.05
2.504e-13,0.9,1e-05,0,0,8e-06,0,0,2e-06,0,0,0,1,0.123,0.025,0.123,0.05
2.5142e-13,0.9,1e-05,0,0,8e-06,0,0,2e-06,0,0,0,1,0.126,0.025,0.126,0.05
2.5245e-13,0.9,1e-05,0,0,8e-06,0,0,2e-06,0,0,0,1,0.129,0.025,0.129,0.05
2.5347e-13,0.9,1e-05,0,0,8e-06,0,0,2e-06,0,0,0,1,0.132,0.025,0.132,0.05
2.5449e-13,0.9,1e-05,0,0,8e-06,0,0,2e-06,0,0,0,1,0.135,0.025,0.135,0.05
2.5552e-13,0.9,1e-05,0,0,8e-06,0,0,2e-06,0,0,0,1,0.138,0.025,0.138,0.05
2.5654e-13,0.9,1e-05,0,0,8e-06,0,0,2e-06,0,0,0,1,0.141,0.025,0.141,0.05
2.5757e-13,0.9,1e-05,0,0,8e-06,0,0,2e-06,0,0,0,1,0.144,0.025,0.144,0.05
2.5859e-13,0.9,1e-05,0,0,8e-06,0,0,2e-06,0,0,0,1,0.147,0.025,0.147,0.05
2.5962e-13,0.9,1e-05,0,0,8e-06,0,0,2e-06,0,0,0,1,0.15,0.025,0.15,0.05
2.5872e-13,0.9,1e-05,0,0,8e-06,0,0,2e-06,0,0,0,1,0.153,0.025,0.153,0.05
2.5782e-13,0.9,1e-05,0,0,8e-06,0,0,2e-06,0,0,0,1,0.156,0.025,0.156,0.05
2.5692e-13,0.9,1e-05,0,0,8e-06,0,0,2e-06,0,0,0,1,0.159,0.025,0.159,0.05
2.5602e-13,0.9,1e-05,0,0,8e-06,0,0,2e-06,0,0,0,1,0.162,0.025,0.162,0.05
2.5512e-13,0.9,1e-05,0,0,8e-06,0,0,2e-06,0,0,0,1,0.165,0.025,0.165,0.05
2.5422e-13,0.9,1e-05,0,0,8e-06,0,0,2e-06,0,0,0,1,0.168,0.025,0.168,0.05
2.5332e-13,0.9,1e-05,0,0,8e-06,0,0,2e-06,0,0,0,1,0.171,0.025,0.171,0.05
2.5242e-13,0.9,1e-05,0,0,8e-06,0,0,2e-06,0,0,0,1,0.174,0.025,0.174,0.05
2.5152e-13,0.9,1e-05,0,0,8e-06,0,0,2e-06,0,0,0,1,0.177,0.025,0.177,0.05
2.5062e-13,0.9,1e-05,0,0,8e-06,0,0,2e-06,0,0,0,1,0.18,0.025,0.18,0.05
2.4972e-13,0.9,1e-05,0,0,8e-06,0,0,2e-06,0,0,0,1,0.183,0.025,0.183,0.05
2.4882e-13,0.9,1e-05,0,0,8e-06,0,0,2e-06,0,0,0,1,0.186,0.025,0.186,0.05
2.4792e-13,0.9,1e-05,0,0,8e-06,0,0,2e-06,0,0,0,1,0.189,0.025,0.189,0.05
2.4702e-13,0.9,1e-05,0,0,8e-06,0,0,2e-06,0,0,0,1,0.192,0.025,0.192,0.05
2.4612e-13,0.9,1e-05,0,0,8e-06,0,0,2e-06,0,0,0,1,0.195,0.025,0.195,0.05
2.4522e-13,0.9,1e-05,0,0,8e-06,0,0,2e-06,0,0,0,1,0.198,0.025,0.198,0.05
2.4469e-13,0.9,1e-05,0,0,8e-06,0,0,2e-06,0,0,0,1,0.201,0.025,0.201,0.05
2.4491e-13,0.9,1e-05,0,0,8e-06,0,0,2e-06,0,0,0,1,0.204,0.025,0.204,0.05
2.4513e-13,0.9,1e-05,0,0,8e-06,0,0,2e-06,0,0,0,1,0.207,0.025,0.207,0.05
2.4535e-13,0.9,1e-05,0,0,8e-06,0,0,2e-06,0,0,0,1,0.21,0.025,0.21,0.05
2.4557e-13,0.9,1e-05,0,0,8e-06,0,0,2e-06,0,0,0,1,0.213,0.025,0.213,0.05
2.4579e-13,0.9,1e-05,0,0,8e-06,0,0,2e-06,0,0,0,1,0.216,0.025,0.216,0.05
2.4601e-13,0.9,1e-05,0,0,8e-06,0,0,2e-06,0,0,0,1,0.219,0.025,0.219,0.05
2.4623e-13,0.9,1e-05,0,0,8e-06,0,0,2e-06,0,0,0,1,0.222,0.025,0.222,0.05
2.4645e-13,0.9,1e-05,0,0,8e-06,0,0,2e-06,0,0,0,1,0.225,0.025,0.225,0.05
2.4667e-13,0.9,1e-05,0,0,8e-06,0,0,2e-06,0,0,0,1,0.228,0.025,0.228,0.05
2.4689e-13,0.9,1e-05,0,0,8e-06,0,0,2e-06,0,0,0,1,0.231,0.025,0.231,0.05
2.4711e-13,0.9,1e-05,0,0,8e-06,0,0,2e-06,0,0,0,1,0.234,0.025,0.234,0.05
2.4732e-13,0.9,1e-05,0,0,8e-06,0,0,2e-06,0,0,0,1,0.237,0.025,0.237,0.05
2.4754e-13,0.9,1e-05,0,0,8e-06,0,0,2e-06,0,0,0,1,0.24,0.025,0.24,0.05
2.4776e-13,0.9,1e-05,0,0,8e-06,0,0,2e-06,0,0,0,1,0.243,0.025,0.243,0.05
2.4798e-13,0.9,1e-05,0,0,8e-06,0,0,2e-06,0,0,0,1,0.246,0.025,0.246,0.05
2.482e-13,0.9,1e-05,0,0,8e-06,0,0,2e-06,0,0,0,1,0.249,0.025,0.249,0.05
2.496e-13,0.9,1e-05,0,0,8e-06,0,0,2e-06,0,0,0,1,0.252,0.025,0.252,0.05
2.5158e-13,0.9,1e-05,0,0,8e-06,0,0,2e-06,0,0,0,1,0.255,0.025,0.255,0.05
2.5357e-13,0.9,1e-05,0,0,8e-06,0,0,2e-06,0,0,0,1,0.258,0.025,0.258,0.05
2.5555e-13,0.9,1e-05,0,0,8e-06,0,0,2e-06,0,0,0,1,0.261,0.025,0.261,0.05
2.5754e-13,0.9,1e-05,0,0,8e-06,0,0,2e-06,0,0,0,1,0.264,0.025,0.264,0.05
2.5952e-13,0.9,1e-05,0,0,8e-06,0,0,2e-06,0,0,0,1,0.267,0.025,0.267,0.05
2.6151e-13,0.9,1e-05,0,0,8e-06,0,0,2e-06,0,0,0,1,0.27,0.025,0.27,0.05
2.6349e-13,0.9,1e-05,0,0,8e-06,0,0,2e-06,0,0,0,1,0.273,0.025,0.273,0.05
2.6547e-13,0.9,1e-05,0,0,8e-06,0,0,2e-06,0,0,0,1,0.276,0.025,0.276,0.05
2.6746e-13,0.9,1e-05,0,0,8e-06,0,0,2e-06,0,0,0,1,0.279,0.025,0.279,0.05
2.6944e-13,0.9,1e-05,0,0,8e-06,0,0,2e-06,0,0,0,1,0.282,0.025,0.282,0.05
2.7143e-13,0.9,1e-05,0,0,8e-06,0,0,2e-06,0,0,0,1,0.285,0.025,0.285,0.05
2.7341e-13,0.9,1e-05,0,0,8e-06,0,0,2e-06,0,0,0,1,0.288,0.025,0.288,0.05
2.754e-13,0.9,1e-05,0,0,8e-06,0,0,2e-06,0,0,0,1,0.291,0.025,0.291,0.05
2.7738e-13,0.9,1e-05,0,0,8e-06,0,0,2e-06,0,0,0,1,0.294,0.025,0.294,0.05
2.7937e-13,0.9,1e-05,0,0,8e-06,0,0,2e-06,0,0,0,1,0.297,0.025,0.297,0.05
2.8135e-13,0.9,1e-05,0,0,8e-06,0,0,2e-06,0,0,0,1,0.3,0.025,0.3,0.05
2.8294e-13,0.9,1e-05,0,0,8e-06,0,0,2e-06,0,0,0,1,0.303,0.025,0.303,0.05
2.8454e-13,0.9,1e-05,0,0,8e-06,0,0,2e-06,0,0,0,1,0.306,0.025,0.306,0.05
2.8613e-13,0.9,1e-05,0,0,8e-06,0,0,2e-06,0,0,0,1,0.309,0.025,0.309,0.05
2.8773e-13,0.9,1e-05,0,0,8e-06,0,0,2e-06,0,0,0,1,0.312,0.025,0.312,0.05
2.8932e-13,0.9,1e-05,0,0,8e-06,0,0,2e-06,0,0,0,1,0.315,0.025,0.315,0.05
2.9092e-13,0.9,1e-05,0,0,8e-06,0,0,2e-06,0,0,0,1,0.318,0.025,0.318,0.05
2.9251e-13,0.9,1e-05,0,0,8e-06,0,0,2e-06,0,0,0,1,0.321,0.025,0.321,0.05
2.9411e-13,0.9,1e-05,0,0,8e-06,0,0,2e-06,0,0,0,1,0.324,0.025,0.324,0.05
2.957e-13,0.9,1e-05,0,0,8e-06,0,0,2e-06,0,0,0,1,0.327,0.025,0.327,0.05
2.973e-13,0.9,1e-05,0,0,8e-06,0,0,2e-06,0,0,0,1,0.33,0.025,0.33,0.05
2.9889e-13,0.9,1e-05,0,0,8e-06,0,0,2e-06,0,0,0,1,0.333,0.025,0.333,0.05
3.0048e-13,0.9,1e-05,0,0,8e-06,0,0,2e-06,0,0,0,1,0.336,0.025,0.336,0.05
3.0208e-13,0.9,1e-05,0,0,8e-06,0,0,2e-06,0,0,0,1,0.339,0.025,0.339,0.05
3.0367e-13,0.9,1e-05,0,0,8e-06,0,0,2e-06,0,0,0,1,0.342,0.025,0.342,0.05
3.0527e-13,0.9,1e-05,0,0,8e-06,0,0,2e-06,0,0,0,1,0.345,0.025,0.345,0.05
3.0686e-13,0.9,1e-05,0,0,8e-06,0,0,2e-06,0,0,0,1,0.348,0.025,0.348,0.05
3.0813e-13,0.9,1e-05,0,0,8e-06,0,0,2e-06,0,0,0,1,0.351,0.025,0.351,0.05
3.0874e-13,0.9,1e-05,0,0,8e-06,0,0,2e-06,0,0,0,1,0.354,0.025,0.354,0.05
3.0936e-13,0.9,1e-05,0,0,8e-06,0,0,2e-06,0,0,0,1,0.357,0.025,0.357,0.05
3.0997e-13,0.9,1e-05,0,0,8e-06,0,0,2e-06,0,0,0,1,0.36,0.025,0.36,0.05
3.1059e-13,0.9,1e-05,0,0,8e-06,0,0,2e-06,0,0,0,1,0.363,0.025,0.363,0.05
3.112e-13,0.9,1e-05,0,0,8e-06,0,0,2e-06,0,0,0,1,0.366,0.025,0.366,0.05
3.1182e-13,0.9,1e-05,0,0,8e-06,0,0,2e-06,0,0,0,1,0.369,0.025,0.369,0.05
3.1243e-13,0.9,1e-05,0,0,8e-06,0,0,2e-06,0,0,0,1,0.372,0.025,0.372,0.05
3.1305e-13,0.9,1e-05,0,0,8e-06,0,0,2e-06,0,0,0,1,0.375,0.025,0.375,0.05
3.1366e-13,0.9,1e-05,0,0,8e-06,0,0,2e-06,0,0,0,1,0.378,0.025,0.378,0.05
3.1428e-13,0.9,1e-05,0,0,8e-06,0,0,2e-06,0,0,0,1,0.381,0.025,0.381,0.05
3.1489e-13,0.9,1e-05,0,0,8e-06,0,0,2e-06,0,0,0,1,0.384,0.025,0.384,0.05
3.155e-13,0.9,1e-05,0,0,8e-06,0,0,2e-06,0,0,0,1,0.387,0.025,0.387,0.05
3.1612e-13,0.9,1e-05,0,0,8e-06,0,0,2e-06,0,0,0,1,0.39,0.025,0.39,0.05
3.1673e-13,0.9,1e-05,0,0,8e-06,0,0,2e-06,0,0,0,1,0.393,0.025,0.393,0.05
3.1735e-13,0.9,1e-05,0,0,8e-06,0,0,2e-06,0,0,0,1,0.396,0.025,0.396,0.05
3.1796e-13,0.9,1e-05,0,0,8e-06,0,0,2e-06,0,0,0,1,0.399,0.025,0.399,0.05
3.1818e-13,0.9,1e-05,0,0,8e-06,0,0,2e-06,0,0,0,1,0.402,0.025,0.402,0.05
3.1819e-13,0.9,1e-05,0,0,8e-06,0,0,2e-06,0,0,0,1,0.405,0.025,0.405,0.05
3.182e-13,0.9,1e-05,0,0,8e-06,0,0,2e-06,0,0,0,1,0.408,0.025,0.408,0.05
3.1822e-13,0.9,1e-05,0,0,8e-06,0,0,2e-06,0,0,0,1,0.411,0.025,0.411,0.05
3.1823e-13,0.9,1e-05,0,0,8e-06,0,0,2e-06,0,0,0,1,0.414,0.025,0.414,0.05
3.1825e-13,0.9,1e-05,0,0,8e-06,0,0,2e-06,0,0,0,1,0.417,0.025,0.417,0.05
3.1826e-13,0.9,1e-05,0,0,8e-06,0,0,2e-06,0,0,0,1,0.42,0.025,0.42,0.05
3.1827e-13,0.9,1e-05,0,0,8e-06,0,0,2e-06,0,0,0,1,0.423,0.025,0.423,0.05
3.1829e-13,0.9,1e-05,0,0,8e-06,0,0,2e-06,0,0,0,1,0.426,0.025,0.426,0.05
3.183e-13,0.9,1e-05,0,0,8e-06,0,0,2e-06,0,0,0,1,0.429,0.025,0.429,0.05
3.1832e-13,0.9,1e-05,0,0,8e-06,0,0,2e-06,0,0,0,1,0.432,0.025,0.432,0.05
3.1833e-13,0.9,1e-05,0,0,8e-06,0,0,2e-06,0,0,0,1,0.435,0.025,0.435,0.05
3.1835e-13,0.9,1e-05,0,0,8e-06,0,0,2e-06,0,0,0,1,0.438,0.025,0.438,0.05
3.1836e-13,0.9,1e-05,0,0,8e-06,0,0,2e-06,0,0,0,1,0.441,0.025,0.441,0.05
3.1837e-13,0.9,1e-05,0,0,8e-06,0,0,2e-06,0,0,0,1,0.444,0.025,0.444,0.05
3.1839e-13,0.9,1e-05,0,0,8e-06,0,0,2e-06,0,0,0,1,0.447,0.025,0.447,0.05
3.184e-13,0.9,1e-05,0,0,8e-06,0,0,2e-06,0,0,0,1,0.45,0.025,0.45,0.05
3.1559e-13,0.9,1e-05,0,0,8e-06,0,0,2e-06,0,0,0,1,0.453,0.025,0.453,0.05
3.1278e-13,0.9,1e-05,0,0,8e-06,0,0,2e-06,0,0,0,1,0.456,0.025,0.456,0.05
3.0997e-13,0.9,1e-05,0,0,8e-06,0,0,2e-06,0,0,0,1,0.459,0.025,0.459,0.05
3.0716e-13,0.9,1e-05,0,0,8e-06,0,0,2e-06,0,0,0,1,0.462,0.025,0.462,0.05
3.0435e-13,0.9,1e-05,0,0,8e-06,0,0,2e-06,0,0,0,1,0.465,0.025,0.465,0.05
3.0154e-13,0.9,1e-05,0,0,8e-06,0,0,2e-06,0,0,0,1,0.468,0.025,0.468,0.05
2.9873e-13,0.9,1e-05,0,0,8e-06,0,0,2e-06,0,0,0,1,0.471,0.025,0.471,0.05
2.9592e-13,0.9,1e-05,0,0,8e-06,0,0,2e-06,0,0,0,1,0.474,0.025,0.474,0.05
2.931e-13,0.9,1e-05,0,0,8e-06,0,0,2e-06,0,0,0,1,0.477,0.025,0.477,0.05
2.9029e-13,0.9,1e-05,0,0,8e-06,0,0,2e-06,0,0,0,1,0.48,0.025,0.48,0.05
2.8748e-13,0.9,1e-05,0,0,8e-06,0,0,2e-06,0,0,0,1,0.483,0.025,0.483,0.05
2.8467e-13,0.9,1e-05,0,0,8e-06,0,0,2e-06,0,0,0,1,0.486,0.025,0.486,0.05
2.8186e-13,0.9,1e-05,0,0,8e-06,0,0,2e-06,0,0,0,1,0.489,0.025,0.489,0.05
2.7905e-13,0.9,1e-05,0,0,8e-06,0,0,2e-06,0,0,0,1,0.492,0.025,0.492,0.05
2.7624e-13,0.9,1e-05,0,0,8e-06,0,0,2e-06,0,0,0,1,0.495,0.025,0.495,0.05
2.7343e-13,0.9,1e-05,0,0,8e-06,0,0,2e-06,0,0,0,1,0.498,0.025,0.498,0.05
2.7067e-13,0.9,1e-05,0,0,8e-06,0,0,2e-06,0,0,0,1,0.501,0.025,0.501,0.05
2.68e-13,0.9,1e-05,0,0,8e-06,0,0,2e-06,0,0,0,1,0.504,0.025,0.504,0.05
2.6534e-13,0.9,1e-05,0,0,8e-06,0,0,2e-06,0,0,0,1,0.507,0.025,0.507,0.05
2.6268e-13,0.9,1e-05,0,0,8e-06,0,0,2e-06,0,0,0,1,0.51,0.025,0.51,0.05
2.6001e-13,0.9,1e-05,0,0,8e-06,0,0,2e-06,0,0,0,1,0.513,0.025,0.513,0.05
2.5735e-13,0.9,1e-05,0,0,8e-06,0,0,2e-06,0,0,0,1,0.516,0.025,0.516,0.05
2.5468e-13,0.9,1e-05,0,0,8e-06,0,0,2e-06,0,0,0,1,0.519,0.025,0.519,0.05
2.5202e-13,0.9,1e-05,0,0,8e-06,0,0,2e-06,0,0,0,1,0.522,0.025,0.522,0.05
2.4936e-13,0.9,1e-05,0,0,8e-06,0,0,2e-06,0,0,0,1,0.525,0.025,0.525,0.05
2.4669e-13,0.9,1e-05,0,0,8e-06,0,0,2e-06,0,0,0,1,0.528,0.025,0.528,0.05
2.4403e-13,0.9,1e-05,0,0,8e-06,0,0,2e-06,0,0,0,1,0.531,0.025,0.531,0.05
2.4136e-13,0.9,1e-05,0,0,8e-06,0,0,2e-06,0,0,0,1,0.534,0.025,0.534,0.05
2.387e-13,0.9,1e-05,0,0,8e-06,0,0,2e-06,0,0,0,1,0.537,0.025,0.537,0.05
2.3604e-13,0.9,1e-05,0,0,8e-06,0,0,2e-06,0,0,0,1,0.54,0.025,0.54,0.05
2.3337e-13,0.9,1e-05,0,0,8e-06,0,0,2e-06,0,0,0,1,0.543,0.025,0.543,0.05
2.3071e-13,0.9,1e-05,0,0,8e-06,0,0,2e-06,0,0,0,1,0.546,0.025,0.546,0.05
2.2804e-13,0.9,1e-05,0,0,8e-06,0,0,2e-06,0,0,0,1,0.549,0.025,0.549,0.05
2.2671e-13,0.9,1e-05,0,0,8e-06,0,0,2e-06,0,0,0,1,0.552,0.025,0.552,0.05
2.2605e-13,0.9,1e-05,0,0,8e-06,0,0,2e-06,0,0,0,1,0.555,0.025,0.555,0.05
2.2539e-13,0.9,1e-05,0,0,8e-06,0,0,2e-06,0,0,0,1,0.558,0.025,0.558,0.05
2.2473e-13,0.9,1e-05,0,0,8e-06,0,0,2e-06,0,0,0,1,0.561,0.025,0.561,0.05
2.2407e-13,0.9,1e-05,0,0,8e-06,0,0,2e-06,0,0,0,1,0.564,0.025,0.564,0.05
2.2341e-13,0.9,1e-05,0,0,8e-06,0,0,2e-06,0,0,0,1,0.567,0.025,0.567,0.05
2.2275e-13,0.9,1e-05,0,0,8e-06,0,0,2e-06,0,0,0,1,0.57,0.025,0.57,0.05
2.2209e-13,0.9,1e-05,0,0,8e-06,0,0,2e-06,0,0,0,1,0.573,0.025,0.573,0.05
2.2143e-13,0.9,1e-05,0,0,8e-06,0,0,2e-06,0,0,0,1,0.576,0.025,0.576,0.05
2.2076e-13,0.9,1e-05,0,0,8e-06,0,0,2e-06,0,0,0,1,0.579,0.025,0.579,0.05
2.201e-13,0.9,1e-05,0,0,8e-06,0,0,2e-06,0,0,0,1,0.582,0.025,0.582,0.05
2.1944e-13,0.9,1e-05,0,0,8e-06,0,0,2e-06,0,0,0,1,0.585,0.025,0.585,0.05
2.1878e-13,0.9,1e-05,0,0,8e-06,0,0,2e-06,0,0,0,1,0.588,0.025,0.588,0.05
2.1812e-13,0.9,1e-05,0,0,8e-06,0,0,2e-06,0,0,0,1,0.591,0.025,0.591,0.05
2.1746e-13,0.9,1e-05,0,0,8e-06,0,0,2e-06,0,0,0,1,0.594,0.025,0.594,0.05
2.168e-13,0.9,1e-05,0,0,8e-06,0,0,2e-06,0,0,0,1,0.597,0.025,0.597,0.05
2.1614e-13,0.9,1e-05,0,0,8e-06,0,0,2e-06,0,0,0,1,0.6,0.025,0.6,0.05
2.1579e-13,0.9,1e-05,0,0,8e-06,0,0,2e-06,0,0,0,1,0.603,0.025,0.603,0.05
2.1545e-13,0.9,1e-05,0,0,8e-06,0,0,2e-06,0,0,0,1,0.606,0.025,0.606,0.05
2.151e-13,0.9,1e-05,0,0,8e-06,0,0,2e-06,0,0,0,1,0.609,0.025,0.609,0.05
2.1475e-13,0.9,1e-05,0,0,8e-06,0,0,2e-06,0,0,0,1,0.612,0.025,0.612,0.05
2.1441e-13,0.9,1e-05,0,0,8e-06,0,0,2e-06,0,0,0,1,0.615,0.025,0.615,0.05
2.1406e-13,0.9,1e-05,0,0,8e-06,0,0,2e-06,0,0,0,1,0.618,0.025,0.618,0.05
2.1372e-13,0.9,1e-05,0,0,8e-06,0,0,2e-06,0,0,0,1,0.621,0.025,0.621,0.05
2.1337e-13,0.9,1e-05,0,0,8e-06,0,0,2e-06,0,0,0,1,0.624,0.025,0.624,0.05
2.1303e-13,0.9,1e-05,0,0,8e-06,0,0,2e-06,0,0,0,1,0.627,0.025,0.627,0.05
2.1268e-13,0.9,1e-05,0,0,8e-06,0,0,2e-06,0,0,0,1,0.63,0.025,0.63,0.05
2.1234e-13,0.9,1e-05,0,0,8e-06,0,0,2e-06,0,0,0,1,0.633,0.025,0.633,0.05
2.1199e-13,0.9,1e-05,0,0,8e-06,0,0,2e-06,0,0,0,1,0.636,0.025,0.636,0.05
2.1165e-13,0.9,1e-05,0,0,8e-06,0,0,2e-06,0,0,0,1,0.639,0.025,0.639,0.05
2.113e-13,0.9,1e-05,0,0,8e-06,0,0,2e-06,0,0,0,1,0.642,0.025,0.642,0.05
2.1096e-13,0.9,1e-05,0,0,8e-06,0,0,2e-06,0,0,0,1,0.645,0.025,0.645,0.05
2.1061e-13,0.9,1e-05,0,0,8e-06,0,0,2e-06,0,0,0,1,0.648,0.025,0.648,0.05
2.106e-13,0.9,1e-05,0,0,8e-06,0,0,2e-06,0,0,0,1,0.651,0.025,0.651,0.05
2.1125e-13,0.9,1e-05,0,0,8e-06,0,0,2e-06,0,0,0,1,0.654,0.025,0.654,0.05
2.1191e-13,0.9,1e-05,0,0,8e-06,0,0,2e-06,0,0,0,1,0.657,0.025,0.657,0.05
2.1256e-13,0.9,1e-05,0,0,8e-06,0,0,2e-06,0,0,0,1,0.66,0.025,0.66,0.05
2.1322e-13,0.9,1e-05,0,0,8e-06,0,0,2e-06,0,0,0,1,0.663,0.025,0.663,0.05
2.1387e-13,0.9,1e-05,0,0,8e-06,0,0,2e-06,0,0,0,1,0.666,0.025,0.666,0.05
2.1453e-13,0.9,1e-05,0,0,8e-06,0,0,2e-06,0,0,0,1,0.669,0.025,0.669,0.05
2.1518e-13,0.9,1e-05,0,0,8e-06,0,0,2e-06,0,0,0,1,0.672,0.025,0.672,0.05
2.1584e-13,0.9,1e-05,0,0,8e-06,0,0,2e-06,0,0,0,1,0.675,0.025,0.675,0.05
2.1649e-13,0.9,1e-05,0,0,8e-06,0,0,2e-06,0,0,0,1,0.678,0.025,0.678,0.05
2.1715e-13,0.9,1e-05,0,0,8e-06,0,0,2e-06,0,0,0,1,0.681,0.025,0.681,0.05
2.178e-13,0.9,1e-05,0,0,8e-06,0,0,2e-06,0,0,0,1,0.684,0.025,0.684,0.05
2.1846e-13,0.9,1e-05,0,0,8e-06,0,0,2e-06,0,0,0,1,0.687,0.025,0.687,0.05
2.1911e-13,0.9,1e-05,0,0,8e-06,0,0,2e-06,0,0,0,1,0.69,0.025,0.69,0.05
2.1977e-13,0.9,1e-05,0,0,8e-06,0,0,2e-06,0,0,0,1,0.693,0.025,0.693,0.05
2.2042e-13,0.9,1e-05,0,0,8e-06,0,0,2e-06,0,0,0,1,0.696,0.025,0.696,0.05
2.2108e-13,0.9,1e-05,0,0,8e-06,0,0,2e-06,0,0,0,1,0.699,0.025,0.699,0.05
2.2618e-13,0.9,1e-05,0,0,8e-06,0,0,2e-06,0,0,0,1,0.702,0.025,0.702,0.05
2.335e-13,0.9,1e-05,0,0,8e-06,0,0,2e-06,0,0,0,1,0.705,0.025,0.705,0.05
2.4082e-13,0.9,1e-05,0,0,8e-06,0,0,2e-06,0,0,0,1,0.708,0.025,0.708,0.05
2.4814e-13,0.9,1e-05,0,0,8e-06,0,0,2e-06,0,0,0,1,0.711,0.025,0.711,0.05
2.5545e-13,0.9,1e-05,0,0,8e-06,0,0,2e-06,0,0,0,1,0.714,0.025,0.714,0.05
2.6277e-13,0.9,1e-05,0,0,8e-06,0,0,2e-06,0,0,0,1,0.717,0.025,0.717,0.05
2.7009e-13,0.9,1e-05,0,0,8e-06,0,0,2e-06,0,0,0,1,0.72,0.025,0.72,0.05
2.7741e-13,0.9,1e-05,0,0,8e-06,0,0,2e-06,0,0,0,1,0.723,0.025,0.723,0.05
2.8473e-13,0.9,1e-05,0,0,8e-06,0,0,2e-06,0,0,0,1,0.726,0.025,0.726,0.05
2.9205e-13,0.9,1e-05,0,0,8e-06,0,0,2e-06,0,0,0,1,0.729,0.025,0.729,0.05
2.9937e-13,0.9,1e-05,0,0,8e-06,0,0,2e-06,0,0,0,1,0.732,0.025,0.732,0.05
3.0669e-13,0.9,1e-05,0,0,8e-06,0,0,2e-06,0,0,0,1,0.735,0.025,0.735,0.05
3.1401e-13,0.9,1e-05,0,0,8e-06,0,0,2e-06,0,0,0,1,0.738,0.025,0.738,0.05
3.2133e-13,0.9,1e-05,0,0,8e-06,0,0,2e-06,0,0,0,1,0.741,0.025,0.741,0.05
3.2865e-13,0.9,1e-05,0,0,8e-06,0,0,2e-06,0,0,0,1,0.744,0.025,0.744,0.05
3.3597e-13,0.9,1e-05,0,0,8e-06,0,0,2e-06,0,0,0,1,0.747,0.025,0.747,0.05
3.4329e-13,0.9,1e-05,0,0,8e-06,0,0,2e-06,0,0,0,1,0.75,0.025,0.75,0.05
3.6052e-13,0.9,1e-05,0,0,8e-06,0,0,2e-06,0,0,0,1,0.753,0.025,0.753,0.05
3.7775e-13,0.9,1e-05,0,0,8e-06,0,0,2e-06,0,0,0,1,0.756,0.025,0.756,0.05
3.9498e-13,0.9,1e-05,0,0,8e-06,0,0,2e-06,0,0,0,1,0.759,0.025,0.759,0.05
4.1221e-13,0.9,1e-05,0,0,8e-06,0,0,2e-06,0,0,0,1,0.762,0.025,0.762,0.05
4.2945e-13,0.9,1e-05,0,0,8e-06,0,0,2e-06,0,0,0,1,0.765,0.025,0.765,0.05
4.4668e-13,0.9,1e-05,0,0,8e-06,0,0,2e-06,0,0,0,1,0.768,0.025,0.768,0.05
4.6391e-13,0.9,1e-05,0,0,8e-06,0,0,2e-06,0,0,0,1,0.771,0.025,0.771,0.05
4.8114e-13,0.9,1e-05,0,0,8e-06,0,0,2e-06,0,0,0,1,0.774,0.025,0.774,0.05
4.9837e-13,0.9,1e-05,0,0,8e-06,0,0,2e-06,0,0,0,1,0.777,0.025,0.777,0.05
5.156e-13,0.9,1e-05,0,0,8e-06,0,0,2e-06,0,0,0,1,0.78,0.025,0.78,0.05
5.3284e-13,0.9,1e-05,0,0,8e-06,0,0,2e-06,0,0,0,1,0.783,0.025,0.783,0.05
5.5007e-13,0.9,1e-05,0,0,8e-06,0,0,2e-06,0,0,0,1,0.786,0.025,0.786,0.05
5.673e-13,0.9,1e-05,0,0,8e-06,0,0,2e-06,0,0,0,1,0.789,0.025,0.789,0.05
5.8453e-13,0.9,1e-05,0,0,8e-06,0,0,2e-06,0,0,0,1,0.792,0.025,0.792,0.05
6.0176e-13,0.9,1e-05,0,0,8e-06,0,0,2e-06,0,0,0,1,0.795,0.025,0.795,0.05
6.19e-13,0.9,1e-05,0,0,8e-06,0,0,2e-06,0,0,0,1,0.798,0.025,0.798,0.05
6.3154e-13,0.9,1e-05,0,0,8e-06,0,0,2e-06,0,0,0,1,0.801,0.025,0.801,0.05
6.3471e-13,0.9,1e-05,0,0,8e-06,0,0,2e-06,0,0,0,1,0.804,0.025,0.804,0.05
6.3788e-13,0.9,1e-05,0,0,8e-06,0,0,2e-06,0,0,0,1,0.807,0.025,0.807,0.05
6.4105e-13,0.9,1e-05,0,0,8e-06,0,0,2e-06,0,0,0,1,0.81,0.025,0.81,0.05
6.4422e-13,0.9,1e-05,0,0,8e-06,0,0,2e-06,0,0,0,1,0.813,0.025,0.813,0.05
6.4739e-13,0.9,1e-05,0,0,8e-06,0,0,2e-06,0,0,0,1,0.816,0.025,0.816,0.05
6.5056e-13,0.9,1e-05,0,0,8e-06,0,0,2e-06,0,0,0,1,0.819,0.025,0.819,0.05
6.5373e-13,0.9,1e-05,0,0,8e-06,0,0,2e-06,0,0,0,1,0.822,0.025,0.822,0.05
6.569e-13,0.9,1e-05,0,0,8e-06,0,0,2e-06,0,0,0,1,0.825,0.025,0.825,0.05
6.6007e-13,0.9,1e-05,0,0,8e-06,0,0,2e-06,0,0,0,1,0.828,0.025,0.828,0.05
6.6324e-13,0.9,1e-05,0,0,8e-06,0,0,2e-06,0,0,0,1,0.831,0.025,0.831,0.05
6.6641e-13,0.9,1e-05,0,0,8e-06,0,0,2e-06,0,0,0,1,0.834,0.025,0.834,0.05
6.6958e-13,0.9,1e-05,0,0,8e-06,0,0,2e-06,0,0,0,1,0.837,0.025,0.837,0.05
6.7276e-13,0.9,1e-05,0,0,8e-06,0,0,2e-06,0,0,0,1,0.84,0.025,0.84,0.05
6.7593e-13,0.9,1e-05,0,0,8e-06,0,0,2e-06,0,0,0,1,0.843,0.025,0.843,0.05
6.791e-13,0.9,1e-05,0,0,8e-06,0,0,2e-06,0,0,0,1,0.846,0.025,0.846,0.05
6.8227e-13,0.9,1e-05,0,0,8e-06,0,0,2e-06,0,0,0,1,0.849,0.025,0.849,0.05
6.7392e-13,0.9,1e-05,0,0,8e-06,0,0,2e-06,0,0,0,1,0.852,0.025,0.852,0.05
6.598e-13,0.9,1e-05,0,0,8e-06,0,0,2e-06,0,0,0,1,0.855,0.025,0.855,0.05
6.4569e-13,0.9,1e-05,0,0,8e-06,0,0,2e-06,0,0,0,1,0.858,0.025,0.858,0.05
6.3158e-13,0.9,1e-05,0,0,8e-06,0,0,2e-06,0,0,0,1,0.861,0.025,0.861,0.05
6.1747e-13,0.9,1e-05,0,0,8e-06,0,0,2e-06,0,0,0,1,0.864,0.025,0.864,0.05
6.0335e-13,0.9,1e-05,0,0,8e-06,0,0,2e-06,0,0,0,1,0.867,0.025,0.867,0.05
5.8924e-13,0.9,1e-05,0,0,8e-06,0,0,2e-06,0,0,0,1,0.87,0.025,0.87,0.05
5.7513e-13,0.9,1e-05,0,0,8e-06,0,0,2e-06,0,0,0,1,0.873,0.025,0.873,0.05
5.6102e-13,0.9,1e-05,0,0,8e-06,0,0,2e-06,0,0,0,1,0.876,0.025,0.876,0.05
5.469e-13,0.9,1e-05,0,0,8e-06,0,0,2e-06,0,0,0,1,0.879,0.025,0.879,0.05
5.3279e-13,0.9,1e-05,0,0,8e-06,0,0,2e-06,0,0,0,1,0.882,0.025,0.882,0.05
5.1868e-13,0.9,1e-05,0,0,8e-06,0,0,2e-06,0,0,0,1,0.885,0.025,0.885,0.05
5.0457e-13,0.9,1e-05,0,0,8e-06,0,0,2e-06,0,0,0,1,0.888,0.025,0.888,0.05
4.9046e-13,0.9,1e-05,0,0,8e-06,0,0,2e-06,0,0,0,1,0.891,0.025,0.891,0.05
4.7634e-13,0.9,1e-05,0,0,8e-06,0,0,2e-06,0,0,0,1,0.894,0.025,0.894,0.05
4.6223e-13,0.9,1e-05,0,0,8e-06,0,0,2e-06,0,0,0,1,0.897,0.025,0.897,0.05
4.4812e-13,0.9,1e-05,0,0,8e-06,0,0,2e-06,0,0,0,1,0.9,0.025,0.9,0.05
4.3966e-13,0.9,1e-05,0,0,8e-06,0,0,2e-06,0,0,0,1,0.903,0.025,0.903,0.05
4.3121e-13,0.9,1e-05,0,0,8e-06,0,0,2e-06,0,0,0,1,0.906,0.025,0.906,0.05
4.2275e-13,0.9,1e-05,0,0,8e-06,0,0,2e-06,0,0,0,1,0.909,0.025,0.909,0.05
4.1429e-13,0.9,1e-05,0,0,8e-06,0,0,2e-06,0,0,0,1,0.912,0.025,0.912,0.05
4.0584e-13,0.9,1e-05,0,0,8e-06,0,0,2e-06,0,0,0,1,0.915,0.025,0.915,0.05
3.9738e-13,0.9,1e-05,0,0,8e-06,0,0,2e-06,0,0,0,1,0.918,0.025,0.918,0.05
3.8893e-13,0.9,1e-05,0,0,8e-06,0,0,2e-06,0,0,0,1,0.921,0.025,0.921,0.05
3.8047e-13,0.9,1e-05,0,0,8e-06,0,0,2e-06,0,0,0,1,0.924,0.025,0.924,0.05
3.7201e-13,0.9,1e-05,0,0,8e-06,0,0,2e-06,0,0,0,1,0.927,0.025,0.927,0.05
3.6356e-13,0.9,1e-05,0,0,8e-06,0,0,2e-06,0,0,0,1,0.93,0.025,0.93,0.05
3.551e-13,0.9,1e-05,0,0,8e-06,0,0,2e-06,0,0,0,1,0.933,0.025,0.933,0.05
3.4665e-13,0.9,1e-05,0,0,8e-06,0,0,2e-06,0,0,0,1,0.936,0.025,0.936,0.05
3.3819e-13,0.9,1e-05,0,0,8e-06,0,0,2e-06,0,0,0,1,0.939,0.025,0.939,0.05
3.2973e-13,0.9,1e-05,0,0,8e-06,0,0,2e-06,0,0,0,1,0.942,0.025,0.942,0.05
3.2128e-13,0.9,1e-05,0,0,8e-06,0,0,2e-06,0,0,0,1,0.945,0.025,0.945,0.05
3.1282e-13,0.9,1e-05,0,0,8e-06,0,0,2e-06,0,0,0,1,0.948,0.025,0.948,0.05
3.062e-13,0.9,1e-05,0,0,8e-06,0,0,2e-06,0,0,0,1,0.951,0.025,0.951,0.05
3.0325e-13,0.9,1e-05,0,0,8e-06,0,0,2e-06,0,0,0,1,0.954,0.025,0.954,0.05
3.0031e-13,0.9,1e-05,0,0,8e-06,0,0,2e-06,0,0,0,1,0.957,0.025,0.957,0.05
2.9736e-13,0.9,1e-05,0,0,8e-06,0,0,2e-06,0,0,0,1,0.96,0.025,0.96,0.05
2.9441e-13,0.9,1e-05,0,0,8e-06,0,0,2e-06,0,0,0,1,0.963,0.025,0.963,0.05
2.9146e-13,0.9,1e-05,0,0,8e-06,0,0,2e-06,0,0,0,1,0.966,0.025,0.966,0.05
2.8852e-13,0.9,1e-05,0,0,8e-06,0,0,2e-06,0,0,0,1,0.969,0.025,0.969,0.05
2.8557e-13,0.9,1e-05,0,0,8e-06,0,0,2e-06,0,0,0,1,0.972,0.025,0.972,0.05
2.8262e-13,0.9,1e-05,0,0,8e-06,0,0,2e-06,0,0,0,1,0.975,0.025,0.975,0.05
2.7967e-13,0.9,1e-05,0,0,8e-06,0,0,2e-06,0,0,0,1,0.978,0.025,0.978,0.05
2.7672e-13,0.9,1e-05,0,0,8e-06,0,0,2e-06,0,0,0,1,0.981,0.025,0.981,0.05
2.7378e-13,0.9,1e-05,0,0,8e-06,0,0,2e-06,0,0,0,1,0.984,0.025,0.984,0.05
2.7083e-13,0.9,1e-05,0,0,8e-06,0,0,2e-06,0,0,0,1,0.987,0.025,0.987,0.05
2.6788e-13,0.9,1e-05,0,0,8e-06,0,0,2e-06,0,0,0,1,0.99,0.025,0.99,0.05
2.6493e-13,0.9,1e-05,0,0,8e-06,0,0,2e-06,0,0,0,1,0.993,0.025,0.993,0.05
2.6199e-13,0.9,1e-05,0,0,8e-06,0,0,2e-06,0,0,0,1,0.996,0.025,0.996,0.05
2.5904e-13,0.9,1e-05,0,0,8e-06,0,0,2e-06,0,0,0,1,0.999,0.025,0.999,0.05
2.5806e-13,0.9,1e-05,0,0,8e-06,0,0,2e-06,0,0,0,1,1.002,0.025,1.002,0.05
2.5807e-13,0.9,1e-05,0,0,8e-06,0,0,2e-06,0,0,0,1,1.005,0.025,1.005,0.05
2.5807e-13,0.9,1e-05,0,0,8e-06,0,0,2e-06,0,0,0,1,1.008,0.025,1.008,0.05
2.5808e-13,0.9,1e-05,0,0,8e-06,0,0,2e-06,0,0,0,1,1.011,0.025,1.011,0.05
2.5809e-13,0.9,1e-05,0,0,8e-06,0,0,2e-06,0,0,0,1,1.014,0.025,1.014,0.05
2.5809e-13,0.9,1e-05,0,0,8e-06,0,0,2e-06,0,0,0,1,1.017,0.025,1.017,0.05
2.581e-13,0.9,1e-05,0,0,8e-06,0,0,2e-06,0,0,0,1,1.02,0.025,1.02,0.05
2.5811e-13,0.9,1e-05,0,0,8e-06,0,0,2e-06,0,0,0,1,1.023,0.025,1.023,0.05
2.5811e-13,0.9,1e-05,0,0,8e-06,0,0,2e-06,0,0,0,1,1.026,0.025,1.026,0.05
2.5812e-13,0.9,1e-05,0,0,8e-06,0,0,2e-06,0,0,0,1,1.029,0.025,1.029,0.05
2.5813e-13,0.9,1e-05,0,0,8e-06,0,0,2e-06,0,0,0,1,1.032,0.025,1.032,0.05
2.5813e-13,0.9,1e-05,0,0,8e-06,0,0,2e-06,0,0,0,1,1.035,0.025,1.035,0.05
2.5814e-13,0.9,1e-05,0,0,8e-06,0,0,2e-06,0,0,0,1,1.038,0.025,1.038,0.05
2.5815e-13,0.9,1e-05,0,0,8e-06,0,0,2e-06,0,0,0,1,1.041,0.025,1.041,0.05
2.5815e-13,0.9,1e-05,0,0,8e-06,0,0,2e-06,0,0,0,1,1.044,0.025,1.044,0.05
2.5816e-13,0.9,1e-05,0,0,8e-06,0,0,2e-06,0,0,0,1,1.047,0.025,1.047,0.05
2.5817e-13,0.9,1e-05,0,0,8e-06,0,0,2e-06,0,0,0,1,1.05,0.025,1.05,0.05
2.6513e-13,0.9,1e-05,0,0,8e-06,0,0,2e-06,0,0,0,1,1.053,0.025,1.053,0.05
2.7209e-13,0.9,1e-05,0,0,8e-06,0,0,2e-06,0,0,0,1,1.056,0.025,1.056,0.05
2.7905e-13,0.9,1e-05,0,0,8e-06,0,0,2e-06,0,0,0,1,1.059,0.025,1.059,0.05
2.8601e-13,0.9,1e-05,0,0,8e-06,0,0,2e-06,0,0,0,1,1.062,0.025,1.062,0.05
2.9297e-13,0.9,1e-05,0,0,8e-06,0,0,2e-06,0,0,0,1,1.065,0.025,1.065,0.05
2.9993e-13,0.9,1e-05,0,0,8e-06,0,0,2e-06,0,0,0,1,1.068,0.025,1.068,0.05
3.0689e-13,0.9,1e-05,0,0,8e-06,0,0,2e-06,0,0,0,1,1.071,0.025,1.071,0.05
3.1385e-13,0.9,1e-05,0,0,8e-06,0,0,2e-06,0,0,0,1,1.074,0.025,1.074,0.05
3.2081e-13,0.9,1e-05,0,0,8e-06,0,0,2e-06,0,0,0,1,1.077,0.025,1.077,0.05
3.2777e-13,0.9,1e-05,0,0,8e-06,0,0,2e-06,0,0,0,1,1.08,0.025,1.08,0.05
3.3473e-13,0.9,1e-05,0,0,8e-06,0,0,2e-06,0,0,0,1,1.083,0.025,1.083,0.05
3.4169e-13,0.9,1e-05,0,0,8e-06,0,0,2e-06,0,0,0,1,1.086,0.025,1.086,0.05
3.4865e-13,0.9,1e-05,0,0,8e-06,0,0,2e-06,0,0,0,1,1.089,0.025,1.089,0.05
3.5561e-13,0.9,1e-05,0,0,8e-06,0,0,2e-06,0,0,0,1,1.092,0.025,1.092,0.05
3.6257e-13,0.9,1e-05,0,0,8e-06,0,0,2e-06,0,0,0,1,1.095,0.025,1.095,0.05
3.6953e-13,0.9,1e-05,0,0,8e-06,0,0,2e-06,0,0,0,1,1.098,0.025,1.098,0.05
3.7595e-13,0.9,1e-05,0,0,8e-06,0,0,2e-06,0,0,0,1,1.101,0.025,1.101,0.05
3.813e-13,0.9,1e-05,0,0,8e-06,0,0,2e-06,0,0,0,1,1.104,0.025,1.104,0.05
3.8664e-13,0.9,1e-05,0,0,8e-06,0,0,2e-06,0,0,0,1,1.107,0.025,1.107,0.05
3.9199e-13,0.9,1e-05,0,0,8e-06,0,0,2e-06,0,0,0,1,1.11,0.025,1.11,0.05
3.9733e-13,0.9,1e-05,0,0,8e-06,0,0,2e-06,0,0,0,1,1.113,0.025,1.113,0.05
4.0267e-13,0.9,1e-05,0,0,8e-06,0,0,2e-06,0,0,0,1,1.116,0.025,1.116,0.05
4.0802e-13,0.9,1e-05,0,0,8e-06,0,0,2e-06,0,0,0,1,1.119,0.025,1.119,0.05
4.1336e-13,0.9,1e-05,0,0,8e-06,0,0,2e-06,0,0,0,1,1.122,0.025,1.122,0.05
4.187e-13,0.9,1e-05,0,0,8e-06,0,0,2e-06,0,0,0,1,1.125,0.025,1.125,0.05
4.2405e-13,0.9,1e-05,0,0,8e-06,0,0,2e-06,0,0,0,1,1.128,0.025,1.128,0.05
4.2939e-13,0.9,1e-05,0,0,8e-06,0,0,2e-06,0,0,0,1,1.131,0.025,1.131,0.05
4.3473e-13,0.9,1e-05,0,0,8e-06,0,0,2e-06,0,0,0,1,1.134,0.025,1.134,0.05
4.4008e-13,0.9,1e-05,0,0,8e-06,0,0,2e-06,0,0,0,1,1.137,0.025,1.137,0.05
4.4542e-13,0.9,1e-05,0,0,8e-06,0,0,2e-06,0,0,0,1,1.14,0.025,1.14,0.05
4.5076e-13,0.9,1e-05,0,0,8e-06,0,0,2e-06,0,0,0,1,1.143,0.025,1.143,0.05
4.5611e-13,0.9,1e-05,0,0,8e-06,0,0,2e-06,0,0,0,1,1.146,0.025,1.146,0.05
4.6145e-13,0.9,1e-05,0,0,8e-06,0,0,2e-06,0,0,0,1,1.149,0.025,1.149,0.05
4.6286e-13,0.9,1e-05,0,0,8e-06,0,0,2e-06,0,0,0,1,1.152,0.025,1.152,0.05
4.6229e-13,0.9,1e-05,0,0,8e-06,0,0,2e-06,0,0,0,1,1.155,0.025,1.155,0.05
4.6173e-13,0.9,1e-05,0,0,8e-06,0,0,2e-06,0,0,0,1,1.158,0.025,1.158,0.05
4.6116e-13,0.9,1e-05,0,0,8e-06,0,0,2e-06,0,0,0,1,1.161,0.025,1.161,0.05
4.606e-13,0.9,1e-05,0,0,8e-06,0,0,2e-06,0,0,0,1,1.164,0.025,1.164,0.05
4.6004e-13,0.9,1e-05,0,0,8e-06,0,0,2e-06,0,0,0,1,1.167,0.025,1.167,0.05
4.5947e-13,0.9,1e-05,0,0,8e-06,0,0,2e-06,0,0,0,1,1.17,0.025,1.17,0.05
4.5891e-13,0.9,1e-05,0,0,8e-06,0,0,2e-06,0,0,0,1,1.173,0.025,1.173,0.05
4.5834e-13,0.9,1e-05,0,0,8e-06,0,0,2e-06,0,0,0,1,1.176,0.025,1.176,0.05
4.5778e-13,0.9,1e-05,0,0,8e-06,0,0,2e-06,0,0,0,1,1.179,0.025,1.179,0.05
4.5722e-13,0.9,1e-05,0,0,8e-06,0,0,2e-06,0,0,0,1,1.182,0.025,1.182,0.05
4.5665e-13,0.9,1e-05,0,0,8e-06,0,0,2e-06,0,0,0,1,1.185,0.025,1.185,0.05
4.5609e-13,0.9,1e-05,0,0,8e-06,0,0,2e-06,0,0,0,1,1.188,0.025,1.188,0.05
4.5552e-13,0.9,1e-05,0,0,8e-06,0,0,2e-06,0,0,0,1,1.191,0.025,1.191,0.05
4.5496e-13,0.9,1e-05,0,0,8e-06,0,0,2e-06,0,0,0,1,1.194,0.025,1.194,0.05
4.544e-13,0.9,1e-05,0,0,8e-06,0,0,2e-06,0,0,0,1,1.197,0.025,1.197,0.05
4.5383e-13,0.9,1e-05,0,0,8e-06,0,0,2e-06,0,0,0,1,1.2,0.025,1.2,0.05
4.6565e-13,0.9,1e-05,0,0,8e-06,0,0,2e-06,0,0,0,1,1.203,0.025,1.203,0.05
4.7747e-13,0.9,1e-05,0,0,8e-06,0,0,2e-06,0,0,0,1,1.206,0.025,1.206,0.05
4.893e-13,0.9,1e-05,0,0,8e-06,0,0,2e-06,0,0,0,1,1.209,0.025,1.209,0.05
5.0112e-13,0.9,1e-05,0,0,8e-06,0,0,2e-06,0,0,0,1,1.212,0.025,1.212,0.05
5.1294e-13,0.9,1e-05,0,0,8e-06,0,0,2e-06,0,0,0,1,1.215,0.025,1.215,0.05
5.2476e-13,0.9,1e-05,0,0,8e-06,0,0,2e-06,0,0,0,1,1.218,0.025,1.218,0.05
5.3658e-13,0.9,1e-05,0,0,8e-06,0,0,2e-06,0,0,0,1,1.221,0.025,1.221,0.05
5.484e-13,0.9,1e-05,0,0,8e-06,0,0,2e-06,0,0,0,1,1.224,0.025,1.224,0.05
5.6022e-13,0.9,1e-05,0,0,8e-06,0,0,2e-06,0,0,0,1,1.227,0.025,1.227,0.05
5.7205e-13,0.9,1e-05,0,0,8e-06,0,0,2e-06,0,0,0,1,1.23,0.025,1.23,0.05
5.8387e-13,0.9,1e-05,0,0,8e-06,0,0,2e-06,0,0,0,1,1.233,0.025,1.233,0.05
5.9569e-13,0.9,1e-05,0,0,8e-06,0,0,2e-06,0,0,0,1,1.236,0.025,1.236,0.05
6.0751e-13,0.9,1e-05,0,0,8e-06,0,0,2e-06,0,0,0,1,1.239,0.025,1.239,0.05
6.1933e-13,0.9,1e-05,0,0,8e-06,0,0,2e-06,0,0,0,1,1.242,0.025,1.242,0.05
6.3115e-13,0.9,1e-05,0,0,8e-06,0,0,2e-06,0,0,0,1,1.245,0.025,1.245,0.05
6.4297e-13,0.9,1e-05,0,0,8e-06,0,0,2e-06,0,0,0,1,1.248,0.025,1.248,0.05
6.7943e-13,0.9,1e-05,0,0,8e-06,0,0,2e-06,0,0,0,1,1.251,0.025,1.251,0.05
7.6515e-13,0.9,1e-05,0,0,8e-06,0,0,2e-06,0,0,0,1,1.254,0.025,1.254,0.05
8.5087e-13,0.9,1e-05,0,0,8e-06,0,0,2e-06,0,0,0,1,1.257,0.025,1.257,0.05
9.366e-13,0.9,1e-05,0,0,8e-06,0,0,2e-06,0,0,0,1,1.26,0.025,1.26,0.05
1.0223e-12,0.9,1e-05,0,0,8e-06,0,0,2e-06,0,0,0,1,1.263,0.025,1.263,0.05
1.108e-12,0.9,1e-05,0,0,8e-06,0,0,2e-06,0,0,0,1,1.266,0.025,1.266,0.05
1.1938e-12,0.9,1e-05,0,0,8e-06,0,0,2e-06,0,0,0,1,1.269,0.025,1.269,0.05
1.2795e-12,0.9,1e-05,0,0,8e-06,0,0,2e-06,0,0,0,1,1.272,0.025,1.272,0.05
1.3652e-12,0.9,1e-05,0,0,8e-06,0,0,2e-06,0,0,0,1,1.275,0.025,1.275,0.05
1.4509e-12,0.9,1e-05,0,0,8e-06,0,0,2e-06,0,0,0,1,1.278,0.025,1.278,0.05
1.5367e-12,0.9,1e-05,0,0,8e-06,0,0,2e-06,0,0,0,1,1.281,0.025,1.281,0.05
1.6224e-12,0.9,1e-05,0,0,8e-06,0,0,2e-06,0,0,0,1,1.284,0.025,1.284,0.05
1.7081e-12,0.9,1e-05,0,0,8e-06,0,0,2e-06,0,0,0,1,1.287,0.025,1.287,0.05
1.7938e-12,0.9,1e-05,0,0,8e-06,0,0,2e-06,0,0,0,1,1.29,0.025,1.29,0.05
1.8795e-12,0.9,1e-05,0,0,8e-06,0,0,2e-06,0,0,0,1,1.293,0.025,1.293,0.05
1.9653e-12,0.9,1e-05,0,0,8e-06,0,0,2e-06,0,0,0,1,1.296,0.025,1.296,0.05
2.051e-12,0.9,1e-05,0,0,8e-06,0,0,2e-06,0,0,0,1,1.299,0.025,1.299,0.05
2.1527e-12,0.9,1e-05,0,0,8e-06,0,0,2e-06,0,0,0,1,1.302,0.025,1.302,0.05
2.2625e-12,0.9,1e-05,0,0,8e-06,0,0,2e-06,0,0,0,1,1.305,0.025,1.305,0.05
2.3722e-12,0.9,1e-05,0,0,8e-06,0,0,2e-06,0,0,0,1,1.308,0.025,1.308,0.05
2.4819e-12,0.9,1e-05,0,0,8e-06,0,0,2e-06,0,0,0,1,1.311,0.025,1.311,0.05
2.5917e-12,0.9,1e-05,0,0,8e-06,0,0,2e-06,0,0,0,1,1.314,0.025,1.314,0.05
2.7014e-12,0.9,1e-05,0,0,8e-06,0,0,2e-06,0,0,0,1,1.317,0.025,1.317,0.05
2.8111e-12,0.9,1e-05,0,0,8e-06,0,0,2e-06,0,0,0,1,1.32,0.025,1.32,0.05
2.9209e-12,0.9,1e-05,0,0,8e-06,0,0,2e-06,0,0,0,1,1.323,0.025,1.323,0.05
3.0306e-12,0.9,1e-05,0,0,8e-06,0,0,2e-06,0,0,0,1,1.326,0.025,1.326,0.05
3.1404e-12,0.9,1e-05,0,0,8e-06,0,0,2e-06,0,0,0,1,1.329,0.025,1.329,0.05
3.2501e-12,0.9,1e-05,0,0,8e-06,0,0,2e-06,0,0,0,1,1.332,0.025,1.332,0.05
3.3598e-12,0.9,1e-05,0,0,8e-06,0,0,2e-06,0,0,0,1,1.335,0.025,1.335,0.05
3.4696e-12,0.9,1e-05,0,0,8e-06,0,0,2e-06,0,0,0,1,1.338,0.025,1.338,0.05
3.5793e-12,0.9,1e-05,0,0,8e-06,0,0,2e-06,0,0,0,1,1.341,0.025,1.341,0.05
3.689e-12,0.9,1e-05,0,0,8e-06,0,0,2e-06,0,0,0,1,1.344,0.025,1.344,0.05
3.7988e-12,0.9,1e-05,0,0,8e-06,0,0,2e-06,0,0,0,1,1.347,0.025,1.347,0.05
3.9085e-12,0.9,1e-05,0,0,8e-06,0,0,2e-06,0,0,0,1,1.35,0.025,1.35,0.05
3.9268e-12,0.9,1e-05,0,0,8e-06,0,0,2e-06,0,0,0,1,1.353,0.025,1.353,0.05
3.945e-12,0.9,1e-05,0,0,8e-06,0,0,2e-06,0,0,0,1,1.356,0.025,1.356,0.05
3.9632e-12,0.9,1e-05,0,0,8e-06,0,0,2e-06,0,0,0,1,1.359,0.025,1.359,0.05
3.9815e-12,0.9,1e-05,0,0,8e-06,0,0,2e-06,0,0,0,1,1.362,0.025,1.362,0.05
3.9997e-12,0.9,1e-05,0,0,8e-06,0,0,2e-06,0,0,0,1,1.365,0.025,1.365,0.05
4.018e-12,0.9,1e-05,0,0,8e-06,0,0,2e-06,0,0,0,1,1.368,0.025,1.368,0.05
4.0362e-12,0.9,1e-05,0,0,8e-06,0,0,2e-06,0,0,0,1,1.371,0.025,1.371,0.05
4.0544e-12,0.9,1e-05,0,0,8e-06,0,0,2e-06,0,0,0,1,1.374,0.025,1.374,0.05
4.0727e-12,0.9,1e-05,0,0,8e-06,0,0,2e-06,0,0,0,1,1.377,0.025,1.377,0.05
4.0909e-12,0.9,1e-05,0,0,8e-06,0,0,2e-06,0,0,0,1,1.38,0.025,1.38,0.05
4.1092e-12,0.9,1e-05,0,0,8e-06,0,0,2e-06,0,0,0,1,1.383,0.025,1.383,0.05
4.1274e-12,0.9,1e-05,0,0,8e-06,0,0,2e-06,0,0,0,1,1.386,0.025,1.386,0.05
4.1456e-12,0.9,1e-05,0,0,8e-06,0,0,2e-06,0,0,0,1,1.389,0.025,1.389,0.05
4.1639e-12,0.9,1e-05,0,0,8e-06,0,0,2e-06,0,0,0,1,1.392,0.025,1.392,0.05
4.1821e-12,0.9,1e-05,0,0,8e-06,0,0,2e-06,0,0,0,1,1.395,0.025,1.395,0.05
4.2004e-12,0.9,1e-05,0,0,8e-06,0,0,2e-06,0,0,0,1,1.398,0.025,1.398,0.05
4.2106e-12,0.9,1e-05,0,0,8e-06,0,0,2e-06,0,0,0,1,1.401,0.025,1.401,0.05
4.205e-12,0.9,1e-05,0,0,8e-06,0,0,2e-06,0,0,0,1,1.404,0.025,1.404,0.05
4.1994e-12,0.9,1e-05,0,0,8e-06,0,0,2e-06,0,0,0,1,1.407,0.025,1.407,0.05
4.1937e-12,0.9,1e-05,0,0,8e-06,0,0,2e-06,0,0,0,1,1.41,0.025,1.41,0.05
4.1881e-12,0.9,1e-05,0,0,8e-06,0,0,2e-06,0,0,0,1,1.413,0.025,1.413,0.05
4.1825e-12,0.9,1e-05,0,0,8e-06,0,0,2e-06,0,0,0,1,1.416,0.025,1.416,0.05
4.1768e-12,0.9,1e-05,0,0,8e-06,0,0,2e-06,0,0,0,1,1.419,0.025,1.419,0.05
4.1712e-12,0.9,1e-05,0,0,8e-06,0,0,2e-06,0,0,0,1,1.422,0.025,1.422,0.05
4.1655e-12,0.9,1e-05,0,0,8e-06,0,0,2e-06,0,0,0,1,1.425,0.025,1.425,0.05
4.1599e-12,0.9,1e-05,0,0,8e-06,0,0,2e-06,0,0,0,1,1.428,0.025,1.428,0.05
4.1543e-12,0.9,1e-05,0,0,8e-06,0,0,2e-06,0,0,0,1,1.431,0.025,1.431,0.05
4.1486e-12,0.9,1e-05,0,0,8e-06,0,0,2e-06,0,0,0,1,1.434,0.025,1.434,0.05
4.143e-12,0.9,1e-05,0,0,8e-06,0,0,2e-06,0,0,0,1,1.437,0.025,1.437,0.05
4.1374e-12,0.9,1e-05,0,0,8e-06,0,0,2e-06,0,0,0,1,1.44,0.025,1.44,0.05
4.1317e-12,0.9,1e-05,0,0,8e-06,0,0,2e-06,0,0,0,1,1.443,0.025,1.443,0.05
4.1261e-12,0.9,1e-05,0,0,8e-06,0,0,2e-06,0,0,0,1,1.446,0.025,1.446,0.05
4.1205e-12,0.9,1e-05,0,0,8e-06,0,0,2e-06,0,0,0,1,1.449,0.025,1.449,0.05
4.1125e-12,0.9,1e-05,0,0,8e-06,0,0,2e-06,0,0,0,1,1.452,0.025,1.452,0.05
4.1034e-12,0.9,1e-05,0,0,8e-06,0,0,2e-06,0,0,0,1,1.455,0.025,1.455,0.05
4.0943e-12,0.9,1e-05,0,0,8e-06,0,0,2e-06,0,0,0,1,1.458,0.025,1.458,0.05
4.0851e-12,0.9,1e-05,0,0,8e-06,0,0,2e-06,0,0,0,1,1.461,0.025,1.461,0.05
4.076e-12,0.9,1e-05,0,0,8e-06,0,0,2e-06,0,0,0,1,1.464,0.025,1.464,0.05
4.0669e-12,0.9,1e-05,0,0,8e-06,0,0,2e-06,0,0,0,1,1.467,0.025,1.467,0.05
4.0578e-12,0.9,1e-05,0,0,8e-06,0,0,2e-06,0,0,0,1,1.47,0.025,1.47,0.05
4.0487e-12,0.9,1e-05,0,0,8e-06,0,0,2e-06,0,0,0,1,1.473,0.025,1.473,0.05
4.0395e-12,0.9,1e-05,0,0,8e-06,0,0,2e-06,0,0,0,1,1.476,0.025,1.476,0.05
4.0304e-12,0.9,1e-05,0,0,8e-06,0,0,2e-06,0,0,0,1,1.479,0.025,1.479,0.05
4.0213e-12,0.9,1e-05,0,0,8e-06,0,0,2e-06,0,0,0,1,1.482,0.025,1.482,0.05
4.0122e-12,0.9,1e-05,0,0,8e-06,0,0,2e-06,0,0,0,1,1.485,0.025,1.485,0.05
4.003e-12,0.9,1e-05,0,0,8e-06,0,0,2e-06,0,0,0,1,1.488,0.025,1.488,0.05
3.9939e-12,0.9,1e-05,0,0,8e-06,0,0,2e-06,0,0,0,1,1.491,0.025,1.491,0.05
3.9848e-12,0.9,1e-05,0,0,8e-06,0,0,2e-06,0,0,0,1,1.494,0.025,1.494,0.05
3.9757e-12,0.9,1e-05,0,0,8e-06,0,0,2e-06,0,0,0,1,1.497,0.025,1.497,0.05
3.9666e-12,0.9,1e-05,0,0,8e-06,0,0,2e-06,0,0,0,1,1.5,0.025,1.5,0.05
3.9212e-12,0.9,1e-05,0,0,8e-06,0,0,2e-06,0,0,0,1,1.503,0.025,1.503,0.05
3.8758e-12,0.9,1e-05,0,0,8e-06,0,0,2e-06,0,0,0,1,1.506,0.025,1.506,0.05
3.8303e-12,0.9,1e-05,0,0,8e-06,0,0,2e-06,0,0,0,1,1.509,0.025,1.509,0.05
3.7849e-12,0.9,1e-05,0,0,8e-06,0,0,2e-06,0,0,0,1,1.512,0.025,1.512,0.05
3.7395e-12,0.9,1e-05,0,0,8e-06,0,0,2e-06,0,0,0,1,1.515,0.025,1.515,0.05
3.6941e-12,0.9,1e-05,0,0,8e-06,0,0,2e-06,0,0,0,1,1.518,0.025,1.518,0.05
3.6487e-12,0.9,1e-05,0,0,8e-06,0,0,2e-06,0,0,0,1,1.521,0.025,1.521,0.05
3.6033e-12,0.9,1e-05,0,0,8e-06,0,0,2e-06,0,0,0,1,1.524,0.025,1.524,0.05
3.5579e-12,0.9,1e-05,0,0,8e-06,0,0,2e-06,0,0,0,1,1.527,0.025,1.527,0.05
3.5125e-12,0.9,1e-05,0,0,8e-06,0,0,2e-06,0,0,0,1,1.53,0.025,1.53,0.05
3.4671e-12,0.9,1e-05,0,0,8e-06,0,0,2e-06,0,0,0,1,1.533,0.025,1.533,0.05
3.4217e-12,0.9,1e-05,0,0,8e-06,0,0,2e-06,0,0,0,1,1.536,0.025,1.536,0.05
3.3763e-12,0.9,1e-05,0,0,8e-06,0,0,2e-06,0,0,0,1,1.539,0.025,1.539,0.05
3.3309e-12,0.9,1e-05,0,0,8e-06,0,0,2e-06,0,0,0,1,1.542,0.025,1.542,0.05
3.2855e-12,0.9,1e-05,0,0,8e-06,0,0,2e-06,0,0,0,1,1.545,0.025,1.545,0.05
3.2401e-12,0.9,1e-05,0,0,8e-06,0,0,2e-06,0,0,0,1,1.548,0.025,1.548,0.05
3.2062e-12,0.9,1e-05,0,0,8e-06,0,0,2e-06,0,0,0,1,1.551,0.025,1.551,0.05
3.1952e-12,0.9,1e-05,0,0,8e-06,0,0,2e-06,0,0,0,1,1.554,0.025,1.554,0.05
3.1842e-12,0.9,1e-05,0,0,8e-06,0,0,2e-06,0,0,0,1,1.557,0.025,1.557,0.05
3.1732e-12,0.9,1e-05,0,0,8e-06,0,0,2e-06,0,0,0,1,1.56,0.025,1.56,0.05
3.1622e-12,0.9,1e-05,0,0,8e-06,0,0,2e-06,0,0,0,1,1.563,0.025,1.563,0.05
3.1512e-12,0.9,1e-05,0,0,8e-06,0,0,2e-06,0,0,0,1,1.566,0.025,1.566,0.05
3.1402e-12,0.9,1e-05,0,0,8e-06,0,0,2e-06,0,0,0,1,1.569,0.025,1.569,0.05
3.1292e-12,0.9,1e-05,0,0,8e-06,0,0,2e-06,0,0,0,1,1.572,0.025,1.572,0.05
3.1183e-12,0.9,1e-05,0,0,8e-06,0,0,2e-06,0,0,0,1,1.575,0.025,1.575,0.05
3.1073e-12,0.9,1e-05,0,0,8e-06,0,0,2e-06,0,0,0,1,1.578,0.025,1.578,0.05
3.0963e-12,0.9,1e-05,0,0,8e-06,0,0,2e-06,0,0,0,1,1.581,0.025,1.581,0.05
3.0853e-12,0.9,1e-05,0,0,8e-06,0,0,2e-06,0,0,0,1,1.584,0.025,1.584,0.05
3.0743e-12,0.9,1e-05,0,0,8e-06,0,0,2e-06,0,0,0,1,1.587,0.025,1.587,0.05
3.0633e-12,0.9,1e-05,0,0,8e-06,0,0,2e-06,0,0,0,1,1.59,0.025,1.59,0.05
3.0523e-12,0.9,1e-05,0,0,8e-06,0,0,2e-06,0,0,0,1,1.593,0.025,1.593,0.05
3.0413e-12,0.9,1e-05,0,0,8e-06,0,0,2e-06,0,0,0,1,1.596,0.025,1.596,0.05
3.0303e-12,0.9,1e-05,0,0,8e-06,0,0,2e-06,0,0,0,1,1.599,0.025,1.599,0.05
3.0853e-12,0.9,1e-05,0,0,8e-06,0,0,2e-06,0,0,0,1,1.602,0.025,1.602,0.05
3.1732e-12,0.9,1e-05,0,0,8e-06,0,0,2e-06,0,0,0,1,1.605,0.025,1.605,0.05
3.2611e-12,0.9,1e-05,0,0,8e-06,0,0,2e-06,0,0,0,1,1.608,0.025,1.608,0.05
3.3489e-12,0.9,1e-05,0,0,8e-06,0,0,2e-06,0,0,0,1,1.611,0.025,1.611,0.05
3.4368e-12,0.9,1e-05,0,0,8e-06,0,0,2e-06,0,0,0,1,1.614,0.025,1.614,0.05
3.5247e-12,0.9,1e-05,0,0,8e-06,0,0,2e-06,0,0,0,1,1.617,0.025,1.617,0.05
3.6126e-12,0.9,1e-05,0,0,8e-06,0,0,2e-06,0,0,0,1,1.62,0.025,1.62,0.05
3.7005e-12,0.9,1e-05,0,0,8e-06,0,0,2e-06,0,0,0,1,1.623,0.025,1.623,0.05
3.7884e-12,0.9,1e-05,0,0,8e-06,0,0,2e-06,0,0,0,1,1.626,0.025,1.626,0.05
3.8763e-12,0.9,1e-05,0,0,8e-06,0,0,2e-06,0,0,0,1,1.629,0.025,1.629,0.05
3.9642e-12,0.9,1e-05,0,0,8e-06,0,0,2e-06,0,0,0,1,1.632,0.025,1.632,0.05
4.052e-12,0.9,1e-05,0,0,8e-06,0,0,2e-06,0,0,0,1,1.635,0.025,1.635,0.05
4.1399e-12,0.9,1e-05,0,0,8e-06,0,0,2e-06,0,0,0,1,1.638,0.025,1.638,0.05
4.2278e-12,0.9,1e-05,0,0,8e-06,0,0,2e-06,0,0,0,1,1.641,0.025,1.641,0.05
4.3157e-12,0.9,1e-05,0,0,8e-06,0,0,2e-06,0,0,0,1,1.644,0.025,1.644,0.05
4.4036e-12,0.9,1e-05,0,0,8e-06,0,0,2e-06,0,0,0,1,1.647,0.025,1.647,0.05
4.4915e-12,0.9,1e-05,0,0,8e-06,0,0,2e-06,0,0,0,1,1.65,0.025,1.65,0.05
4.5414e-12,0.9,1e-05,0,0,8e-06,0,0,2e-06,0,0,0,1,1.653,0.025,1.653,0.05
4.5913e-12,0.9,1e-05,0,0,8e-06,0,0,2e-06,0,0,0,1,1.656,0.025,1.656,0.05
4.6411e-12,0.9,1e-05,0,0,8e-06,0,0,2e-06,0,0,0,1,1.659,0.025,1.659,0.05
4.691e-12,0.9,1e-05,0,0,8e-06,0,0,2e-06,0,0,0,1,1.662,0.025,1.662,0.05
4.7409e-12,0.9,1e-05,0,0,8e-06,0,0,2e-06,0,0,0,1,1.665,0.025,1.665,0.05
4.7908e-12,0.9,1e-05,0,0,8e-06,0,0,2e-06,0,0,0,1,1.668,0.025,1.668,0.05
4.8407e-12,0.9,1e-05,0,0,8e-06,0,0,2e-06,0,0,0,1,1.671,0.025,1.671,0.05
4.8906e-12,0.9,1e-05,0,0,8e-06,0,0,2e-06,0,0,0,1,1.674,0.025,1.674,0.05
4.9405e-12,0.9,1e-05,0,0,8e-06,0,0,2e-06,0,0,0,1,1.677,0.025,1.677,0.05
4.9903e-12,0.9,1e-05,0,0,8e-06,0,0,2e-06,0,0,0,1,1.68,0.025,1.68,0.05
5.0402e-12,0.9,1e-05,0,0,8e-06,0,0,2e-06,0,0,0,1,1.683,0.025,1.683,0.05
5.0901e-12,0.9,1e-05,0,0,8e-06,0,0,2e-06,0,0,0,1,1.686,0.025,1.686,0.05
5.14e-12,0.9,1e-05,0,0,8e-06,0,0,2e-06,0,0,0,1,1.689,0.025,1.689,0.05
5.1899e-12,0.9,1e-05,0,0,8e-06,0,0,2e-06,0,0,0,1,1.692,0.025,1.692,0.05
5.2398e-12,0.9,1e-05,0,0,8e-06,0,0,2e-06,0,0,0,1,1.695,0.025,1.695,0.05
5.2897e-12,0.9,1e-05,0,0,8e-06,0,0,2e-06,0,0,0,1,1.698,0.025,1.698,0.05
5.3223e-12,0.9,1e-05,0,0,8e-06,0,0,2e-06,0,0,0,1,1.701,0.025,1.701,0.05
5.3205e-12,0.9,1e-05,0,0,8e-06,0,0,2e-06,0,0,0,1,1.704,0.025,1.704,0.05
5.3187e-12,0.9,1e-05,0,0,8e-06,0,0,2e-06,0,0,0,1,1.707,0.025,1.707,0.05
5.3168e-12,0.9,1e-05,0,0,8e-06,0,0,2e-06,0,0,0,1,1.71,0.025,1.71,0.05
5.315e-12,0.9,1e-05,0,0,8e-06,0,0,2e-06,0,0,0,1,1.713,0.025,1.713,0.05
5.3132e-12,0.9,1e-05,0,0,8e-06,0,0,2e-06,0,0,0,1,1.716,0.025,1.716,0.05
5.3113e-12,0.9,1e-05,0,0,8e-06,0,0,2e-06,0,0,0,1,1.719,0.025,1.719,0.05
5.3095e-12,0.9,1e-05,0,0,8e-06,0,0,2e-06,0,0,0,1,1.722,0.025,1.722,0.05
5.3077e-12,0.9,1e-05,0,0,8e-06,0,0,2e-06,0,0,0,1,1.725,0.025,1.725,0.05
5.3058e-12,0.9,1e-05,0,0,8e-06,0,0,2e-06,0,0,0,1,1.728,0.025,1.728,0.05
5.304e-12,0.9,1e-05,0,0,8e-06,0,0,2e-06,0,0,0,1,1.731,0.025,1.731,0.05
5.3021e-12,0.9,1e-05,0,0,8e-06,0,0,2e-06,0,0,0,1,1.734,0.025,1.734,0.05
5.3003e-12,0.9,1e-05,0,0,8e-06,0,0,2e-06,0,0,0,1,1.737,0.025,1.737,0.05
5.2985e-12,0.9,1e-05,0,0,8e-06,0,0,2e-06,0,0,0,1,1.74,0.025,1.74,0.05
5.2966e-12,0.9,1e-05,0,0,8e-06,0,0,2e-06,0,0,0,1,1.743,0.025,1.743,0.05
5.2948e-12,0.9,1e-05,0,0,8e-06,0,0,2e-06,0,0,0,1,1.746,0.025,1.746,0.05
5.293e-12,0.9,1e-05,0,0,8e-06,0,0,2e-06,0,0,0,1,1.749,0.025,1.749,0.05
5.2352e-12,0.9,1e-05,0,0,8e-06,0,0,2e-06,0,0,0,1,1.752,0.025,1.752,0.05
5.1494e-12,0.9,1e-05,0,0,8e-06,0,0,2e-06,0,0,0,1,1.755,0.025,1.755,0.05
5.0635e-12,0.9,1e-05,0,0,8e-06,0,0,2e-06,0,0,0,1,1.758,0.025,1.758,0.05
4.9777e-12,0.9,1e-05,0,0,8e-06,0,0,2e-06,0,0,0,1,1.761,0.025,1.761,0.05
4.8919e-12,0.9,1e-05,0,0,8e-06,0,0,2e-06,0,0,0,1,1.764,0.025,1.764,0.05
4.8061e-12,0.9,1e-05,0,0,8e-06,0,0,2e-06,0,0,0,1,1.767,0.025,1.767,0.05
4.7203e-12,0.9,1e-05,0,0,8e-06,0,0,2e-06,0,0,0,1,1.77,0.025,1.77,0.05
4.6345e-12,0.9,1e-05,0,0,8e-06,0,0,2e-06,0,0,0,1,1.773,0.025,1.773,0.05
4.5487e-12,0.9,1e-05,0,0,8e-06,0,0,2e-06,0,0,0,1,1.776,0.025,1.776,0.05
4.4629e-12,0.9,1e-05,0,0,8e-06,0,0,2e-06,0,0,0,1,1.779,0.025,1.779,0.05
4.3771e-12,0.9,1e-05,0,0,8e-06,0,0,2e-06,0,0,0,1,1.782,0.025,1.782,0.05
4.2913e-12,0.9,1e-05,0,0,8e-06,0,0,2e-06,0,0,0,1,1.785,0.025,1.785,0.05
4.2055e-12,0.9,1e-05,0,0,8e-06,0,0,2e-06,0,0,0,1,1.788,0.025,1.788,0.05
4.1197e-12,0.9,1e-05,0,0,8e-06,0,0,2e-06,0,0,0,1,1.791,0.025,1.791,0.05
4.0339e-12,0.9,1e-05,0,0,8e-06,0,0,2e-06,0,0,0,1,1.794,0.025,1.794,0.05
3.9481e-12,0.9,1e-05,0,0,8e-06,0,0,2e-06,0,0,0,1,1.797,0.025,1.797,0.05
3.8623e-12,0.9,1e-05,0,0,8e-06,0,0,2e-06,0,0,0,1,1.8,0.025,1.8,0.05
3.7002e-12,0.9,1e-05,0,0,8e-06,0,0,2e-06,0,0,0,1,1.803,0.025,1.803,0.05
3.5381e-12,0.9,1e-05,0,0,8e-06,0,0,2e-06,0,0,0,1,1.806,0.025,1.806,0.05
3.376e-12,0.9,1e-05,0,0,8e-06,0,0,2e-06,0,0,0,1,1.809,0.025,1.809,0.05
3.2139e-12,0.9,1e-05,0,0,8e-06,0,0,2e-06,0,0,0,1,1.812,0.025,1.812,0.05
3.0518e-12,0.9,1e-05,0,0,8e-06,0,0,2e-06,0,0,0,1,1.815,0.025,1.815,0.05
2.8897e-12,0.9,1e-05,0,0,8e-06,0,0,2e-06,0,0,0,1,1.818,0.025,1.818,0.05
2.7276e-12,0.9,1e-05,0,0,8e-06,0,0,2e-06,0,0,0,1,1.821,0.025,1.821,0.05
2.5656e-12,0.9,1e-05,0,0,8e-06,0,0,2e-06,0,0,0,1,1.824,0.025,1.824,0.05
2.4035e-12,0.9,1e-05,0,0,8e-06,0,0,2e-06,0,0,0,1,1.827,0.025,1.827,0.05
2.2414e-12,0.9,1e-05,0,0,8e-06,0,0,2e-06,0,0,0,1,1.83,0.025,1.83,0.05
2.0793e-12,0.9,1e-05,0,0,8e-06,0,0,2e-06,0,0,0,1,1.833,0.025,1.833,0.05
1.9172e-12,0.9,1e-05,0,0,8e-06,0,0,2e-06,0,0,0,1,1.836,0.025,1.836,0.05
1.7551e-12,0.9,1e-05,0,0,8e-06,0,0,2e-06,0,0,0,1,1.839,0.025,1.839,0.05
1.593e-12,0.9,1e-05,0,0,8e-06,0,0,2e-06,0,0,0,1,1.842,0.025,1.842,0.05
1.431e-12,0.9,1e-05,0,0,8e-06,0,0,2e-06,0,0,0,1,1.845,0.025,1.845,0.05
1.2689e-12,0.9,1e-05,0,0,8e-06,0,0,2e-06,0,0,0,1,1.848,0.025,1.848,0.05
1.1441e-12,0.9,1e-05,0,0,8e-06,0,0,2e-06,0,0,0,1,1.851,0.025,1.851,0.05
1.0941e-12,0.9,1e-05,0,0,8e-06,0,0,2e-06,0,0,0,1,1.854,0.025,1.854,0.05
1.0441e-12,0.9,1e-05,0,0,8e-06,0,0,2e-06,0,0,0,1,1.857,0.025,1.857,0.05
9.9411e-13,0.9,1e-05,0,0,8e-06,0,0,2e-06,0,0,0,1,1.86,0.025,1.86,0.05
9.4409e-13,0.9,1e-05,0,0,8e-06,0,0,2e-06,0,0,0,1,1.863,0.025,1.863,0.05
8.9408e-13,0.9,1e-05,0,0,8e-06,0,0,2e-06,0,0,0,1,1.866,0.025,1.866,0.05
8.4407e-13,0.9,1e-05,0,0,8e-06,0,0,2e-06,0,0,0,1,1.869,0.025,1.869,0.05
7.9406e-13,0.9,1e-05,0,0,8e-06,0,0,2e-06,0,0,0,1,1.872,0.025,1.872,0.05
7.4405e-13,0.9,1e-05,0,0,8e-06,0,0,2e-06,0,0,0,1,1.875,0.025,1.875,0.05
6.9404e-13,0.9,1e-05,0,0,8e-06,0,0,2e-06,0,0,0,1,1.878,0.025,1.878,0.05
6.4402e-13,0.9,1e-05,0,0,8e-06,0,0,2e-06,0,0,0,1,1.881,0.025,1.881,0.05
5.9402e-13,0.9,1e-05,0,0,8e-06,0,0,2e-06,0,0,0,1,1.884,0.025,1.884,0.05
5.44e-13,0.9,1e-05,0,0,8e-06,0,0,2e-06,0,0,0,1,1.887,0.025,1.887,0.05
4.9399e-13,0.9,1e-05,0,0,8e-06,0,0,2e-06,0,0,0,1,1.89,0.025,1.89,0.05
4.4398e-13,0.9,1e-05,0,0,8e-06,0,0,2e-06,0,0,0,1,1.893,0.025,1.893,0.05
3.9397e-13,0.9,1e-05,0,0,8e-06,0,0,2e-06,0,0,0,1,1.896,0.025,1.896,0.05
3.4396e-13,0.9,1e-05,0,0,8e-06,0,0,2e-06,0,0,0,1,1.899,0.025,1.899,0.05
3.3119e-13,0.9,1e-05,0,0,8e-06,0,0,2e-06,0,0,0,1,1.902,0.025,1.902,0.05
3.3706e-13,0.9,1e-05,0,0,8e-06,0,0,2e-06,0,0,0,1,1.905,0.025,1.905,0.05
3.4292e-13,0.9,1e-05,0,0,8e-06,0,0,2e-06,0,0,0,1,1.908,0.025,1.908,0.05
3.4878e-13,0.9,1e-05,0,0,8e-06,0,0,2e-06,0,0,0,1,1.911,0.025,1.911,0.05
3.5464e-13,0.9,1e-05,0,0,8e-06,0,0,2e-06,0,0,0,1,1.914,0.025,1.914,0.05
3.605e-13,0.9,1e-05,0,0,8e-06,0,0,2e-06,0,0,0,1,1.917,0.025,1.917,0.05
3.6636e-13,0.9,1e-05,0,0,8e-06,0,0,2e-06,0,0,0,1,1.92,0.025,1.92,0.05
3.7223e-13,0.9,1e-05,0,0,8e-06,0,0,2e-06,0,0,0,1,1.923,0.025,1.923,0.05
3.7809e-13,0.9,1e-05,0,0,8e-06,0,0,2e-06,0,0,0,1,1.926,0.025,1.926,0.05
3.8395e-13,0.9,1e-05,0,0,8e-06,0,0,2e-06,0,0,0,1,1.929,0.025,1.929,0.05
3.8981e-13,0.9,1e-05,0,0,8e-06,0,0,2e-06,0,0,0,1,1.932,0.025,1.932,0.05
3.9567e-13,0.9,1e-05,0,0,8e-06,0,0,2e-06,0,0,0,1,1.935,0.025,1.935,0.05
4.0153e-13,0.9,1e-05,0,0,8e-06,0,0,2e-06,0,0,0,1,1.938,0.025,1.938,0.05
4.0739e-13,0.9,1e-05,0,0,8e-06,0,0,2e-06,0,0,0,1,1.941,0.025,1.941,0.05
4.1326e-13,0.9,1e-05,0,0,8e-06,0,0,2e-06,0,0,0,1,1.944,0.025,1.944,0.05
4.1912e-13,0.9,1e-05,0,0,8e-06,0,0,2e-06,0,0,0,1,1.947,0.025,1.947,0.05
4.2498e-13,0.9,1e-05,0,0,8e-06,0,0,2e-06,0,0,0,1,1.95,0.025,1.95,0.05
4.2707e-13,0.9,1e-05,0,0,8e-06,0,0,2e-06,0,0,0,1,1.953,0.025,1.953,0.05
4.2917e-13,0.9,1e-05,0,0,8e-06,0,0,2e-06,0,0,0,1,1.956,0.025,1.956,0.05
4.3126e-13,0.9,1e-05,0,0,8e-06,0,0,2e-06,0,0,0,1,1.959,0.025,1.959,0.05
4.3336e-13,0.9,1e-05,0,0,8e-06,0,0,2e-06,0,0,0,1,1.962,0.025,1.962,0.05
4.3546e-13,0.9,1e-05,0,0,8e-06,0,0,2e-06,0,0,0,1,1.965,0.025,1.965,0.05
4.3755e-13,0.9,1e-05,0,0,8e-06,0,0,2e-06,0,0,0,1,1.968,0.025,1.968,0.05
4.3965e-13,0.9,1e-05,0,0,8e-06,0,0,2e-06,0,0,0,1,1.971,0.025,1.971,0.05
4.4174e-13,0.9,1e-05,0,0,8e-06,0,0,2e-06,0,0,0,1,1.974,0.025,1.974,0.05
4.4384e-13,0.9,1e-05,0,0,8e-06,0,0,2e-06,0,0,0,1,1.977,0.025,1.977,0.05
4.4593e-13,0.9,1e-05,0,0,8e-06,0,0,2e-06,0,0,0,1,1.98,0.025,1.98,0.05
4.4803e-13,0.9,1e-05,0,0,8e-06,0,0,2e-06,0,0,0,1,1.983,0.025,1.983,0.05
4.5012e-13,0.9,1e-05,0,0,8e-06,0,0,2e-06,0,0,0,1,1.986,0.025,1.986,0.05
4.5222e-13,0.9,1e-05,0,0,8e-06,0,0,2e-06,0,0,0,1,1.989,0.025,1.989,0.05
4.5431e-13,0.9,1e-05,0,0,8e-06,0,0,2e-06,0,0,0,1,1.992,0.025,1.992,0.05
4.5641e-13,0.9,1e-05,0,0,8e-06,0,0,2e-06,0,0,0,1,1.995,0.025,1.995,0.05
4.585e-13,0.9,1e-05,0,0,8e-06,0,0,2e-06,0,0,0,1,1.998,0.025,1.998,0.05
4.5835e-13,0.9,1e-05,0,0,8e-06,0,0,2e-06,0,0,0,1,2.001,0.025,2.001,0.05
4.5369e-13,0.9,1e-05,0,0,8e-06,0,0,2e-06,0,0,0,1,2.004,0.025,2.004,0.05
4.4903e-13,0.9,1e-05,0,0,8e-06,0,0,2e-06,0,0,0,1,2.007,0.025,2.007,0.05
4.4437e-13,0.9,1e-05,0,0,8e-06,0,0,2e-06,0,0,0,1,2.01,0.025,2.01,0.05
4.3972e-13,0.9,1e-05,0,0,8e-06,0,0,2e-06,0,0,0,1,2.013,0.025,2.013,0.05
4.3506e-13,0.9,1e-05,0,0,8e-06,0,0,2e-06,0,0,0,1,2.016,0.025,2.016,0.05
4.304e-13,0.9,1e-05,0,0,8e-06,0,0,2e-06,0,0,0,1,2.019,0.025,2.019,0.05
4.2574e-13,0.9,1e-05,0,0,8e-06,0,0,2e-06,0,0,0,1,2.022,0.025,2.022,0.05
4.2109e-13,0.9,1e-05,0,0,8e-06,0,0,2e-06,0,0,0,1,2.025,0.025,2.025,0.05
4.1643e-13,0.9,1e-05,0,0,8e-06,0,0,2e-06,0,0,0,1,2.028,0.025,2.028,0.05
4.1177e-13,0.9,1e-05,0,0,8e-06,0,0,2e-06,0,0,0,1,2.031,0.025,2.031,0.05
4.0711e-13,0.9,1e-05,0,0,8e-06,0,0,2e-06,0,0,0,1,2.034,0.025,2.034,0.05
4.0246e-13,0.9,1e-05,0,0,8e-06,0,0,2e-06,0,0,0,1,2.037,0.025,2.037,0.05
3.978e-13,0.9,1e-05,0,0,8e-06,0,0,2e-06,0,0,0,1,2.04,0.025,2.04,0.05
3.9314e-13,0.9,1e-05,0,0,8e-06,0,0,2e-06,0,0,0,1,2.043,0.025,2.043,0.05
3.8848e-13,0.9,1e-05,0,0,8e-06,0,0,2e-06,0,0,0,1,2.046,0.025,2.046,0.05
3.8383e-13,0.9,1e-05,0,0,8e-06,0,0,2e-06,0,0,0,1,2.049,0.025,2.049,0.05
3.8032e-13,0.9,1e-05,0,0,8e-06,0,0,2e-06,0,0,0,1,2.052,0.025,2.052,0.05
3.774e-13,0.9,1e-05,0,0,8e-06,0,0,2e-06,0,0,0,1,2.055,0.025,2.055,0.05
3.7447e-13,0.9,1e-05,0,0,8e-06,0,0,2e-06,0,0,0,1,2.058,0.025,2.058,0.05
3.7154e-13,0.9,1e-05,0,0,8e-06,0,0,2e-06,0,0,0,1,2.061,0.025,2.061,0.05
3.6862e-13,0.9,1e-05,0,0,8e-06,0,0,2e-06,0,0,0,1,2.064,0.025,2.064,0.05
3.6569e-13,0.9,1e-05,0,0,8e-06,0,0,2e-06,0,0,0,1,2.067,0.025,2.067,0.05
3.6276e-13,0.9,1e-05,0,0,8e-06,0,0,2e-06,0,0,0,1,2.07,0.025,2.07,0.05
3.5984e-13,0.9,1e-05,0,0,8e-06,0,0,2e-06,0,0,0,1,2.073,0.025,2.073,0.05
3.5691e-13,0.9,1e-05,0,0,8e-06,0,0,2e-06,0,0,0,1,2.076,0.025,2.076,0.05
3.5398e-13,0.9,1e-05,0,0,8e-06,0,0,2e-06,0,0,0,1,2.079,0.025,2.079,0.05
3.5106e-13,0.9,1e-05,0,0,8e-06,0,0,2e-06,0,0,0,1,2.082,0.025,2.082,0.05
3.4813e-13,0.9,1e-05,0,0,8e-06,0,0,2e-06,0,0,0,1,2.085,0.025,2.085,0.05
3.452e-13,0.9,1e-05,0,0,8e-06,0,0,2e-06,0,0,0,1,2.088,0.025,2.088,0.05
3.4228e-13,0.9,1e-05,0,0,8e-06,0,0,2e-06,0,0,0,1,2.091,0.025,2.091,0.05
3.3935e-13,0.9,1e-05,0,0,8e-06,0,0,2e-06,0,0,0,1,2.094,0.025,2.094,0.05
3.3642e-13,0.9,1e-05,0,0,8e-06,0,0,2e-06,0,0,0,1,2.097,0.025,2.097,0.05
3.335e-13,0.9,1e-05,0,0,8e-06,0,0,2e-06,0,0,0,1,2.1,0.025,2.1,0.05
3.3205e-13,0.9,1e-05,0,0,8e-06,0,0,2e-06,0,0,0,1,2.103,0.025,2.103,0.05
3.306e-13,0.9,1e-05,0,0,8e-06,0,0,2e-06,0,0,0,1,2.106,0.025,2.106,0.05
3.2916e-13,0.9,1e-05,0,0,8e-06,0,0,2e-06,0,0,0,1,2.109,0.025,2.109,0.05
3.2771e-13,0.9,1e-05,0,0,8e-06,0,0,2e-06,0,0,0,1,2.112,0.025,2.112,0.05
3.2626e-13,0.9,1e-05,0,0,8e-06,0,0,2e-06,0,0,0,1,2.115,0.025,2.115,0.05
3.2482e-13,0.9,1e-05,0,0,8e-06,0,0,2e-06,0,0,0,1,2.118,0.025,2.118,0.05
3.2337e-13,0.9,1e-05,0,0,8e-06,0,0,2e-06,0,0,0,1,2.121,0.025,2.121,0.05
3.2192e-13,0.9,1e-05,0,0,8e-06,0,0,2e-06,0,0,0,1,2.124,0.025,2.124,0.05
3.2048e-13,0.9,1e-05,0,0,8e-06,0,0,2e-06,0,0,0,1,2.127,0.025,2.127,0.05
3.1903e-13,0.9,1e-05,0,0,8e-06,0,0,2e-06,0,0,0,1,2.13,0.025,2.13,0.05
3.1758e-13,0.9,1e-05,0,0,8e-06,0,0,2e-06,0,0,0,1,2.133,0.025,2.133,0.05
3.1614e-13,0.9,1e-05,0,0,8e-06,0,0,2e-06,0,0,0,1,2.136,0.025,2.136,0.05
3.1469e-13,0.9,1e-05,0,0,8e-06,0,0,2e-06,0,0,0,1,2.139,0.025,2.139,0.05
3.1324e-13,0.9,1e-05,0,0,8e-06,0,0,2e-06,0,0,0,1,2.142,0.025,2.142,0.05
3.118e-13,0.9,1e-05,0,0,8e-06,0,0,2e-06,0,0,0,1,2.145,0.025,2.145,0.05
3.1035e-13,0.9,1e-05,0,0,8e-06,0,0,2e-06,0,0,0,1,2.148,0.025,2.148,0.05
3.0847e-13,0.9,1e-05,0,0,8e-06,0,0,2e-06,0,0,0,1,2.151,0.025,2.151,0.05
3.0573e-13,0.9,1e-05,0,0,8e-06,0,0,2e-06,0,0,0,1,2.154,0.025,2.154,0.05
3.0299e-13,0.9,1e-05,0,0,8e-06,0,0,2e-06,0,0,0,1,2.157,0.025,2.157,0.05
3.0025e-13,0.9,1e-05,0,0,8e-06,0,0,2e-06,0,0,0,1,2.16,0.025,2.16,0.05
2.9751e-13,0.9,1e-05,0,0,8e-06,0,0,2e-06,0,0,0,1,2.163,0.025,2.163,0.05
2.9477e-13,0.9,1e-05,0,0,8e-06,0,0,2e-06,0,0,0,1,2.166,0.025,2.166,0.05
2.9203e-13,0.9,1e-05,0,0,8e-06,0,0,2e-06,0,0,0,1,2.169,0.025,2.169,0.05
2.8929e-13,0.9,1e-05,0,0,8e-06,0,0,2e-06,0,0,0,1,2.172,0.025,2.172,0.05
2.8655e-13,0.9,1e-05,0,0,8e-06,0,0,2e-06,0,0,0,1,2.175,0.025,2.175,0.05
2.8381e-13,0.9,1e-05,0,0,8e-06,0,0,2e-06,0,0,0,1,2.178,0.025,2.178,0.05
2.8107e-13,0.9,1e-05,0,0,8e-06,0,0,2e-06,0,0,0,1,2.181,0.025,2.181,0.05
2.7833e-13,0.9,1e-05,0,0,8e-06,0,0,2e-06,0,0,0,1,2.184,0.025,2.184,0.05
2.7559e-13,0.9,1e-05,0,0,8e-06,0,0,2e-06,0,0,0,1,2.187,0.025,2.187,0.05
2.7285e-13,0.9,1e-05,0,0,8e-06,0,0,2e-06,0,0,0,1,2.19,0.025,2.19,0.05
2.7011e-13,0.9,1e-05,0,0,8e-06,0,0,2e-06,0,0,0,1,2.193,0.025,2.193,0.05
2.6737e-13,0.9,1e-05,0,0,8e-06,0,0,2e-06,0,0,0,1,2.196,0.025,2.196,0.05
2.6463e-13,0.9,1e-05,0,0,8e-06,0,0,2e-06,0,0,0,1,2.199,0.025,2.199,0.05
2.6425e-13,0.9,1e-05,0,0,8e-06,0,0,2e-06,0,0,0,1,2.202,0.025,2.202,0.05
2.6506e-13,0.9,1e-05,0,0,8e-06,0,0,2e-06,0,0,0,1,2.205,0.025,2.205,0.05
2.6587e-13,0.9,1e-05,0,0,8e-06,0,0,2e-06,0,0,0,1,2.208,0.025,2.208,0.05
2.6668e-13,0.9,1e-05,0,0,8e-06,0,0,2e-06,0,0,0,1,2.211,0.025,2.211,0.05
2.6749e-13,0.9,1e-05,0,0,8e-06,0,0,2e-06,0,0,0,1,2.214,0.025,2.214,0.05
2.683e-13,0.9,1e-05,0,0,8e-06,0,0,2e-06,0,0,0,1,2.217,0.025,2.217,0.05
2.6911e-13,0.9,1e-05,0,0,8e-06,0,0,2e-06,0,0,0,1,2.22,0.025,2.22,0.05
2.6992e-13,0.9,1e-05,0,0,8e-06,0,0,2e-06,0,0,0,1,2.223,0.025,2.223,0.05
2.7073e-13,0.9,1e-05,0,0,8e-06,0,0,2e-06,0,0,0,1,2.226,0.025,2.226,0.05
2.7154e-13,0.9,1e-05,0,0,8e-06,0,0,2e-06,0,0,0,1,2.229,0.025,2.229,0.05
2.7235e-13,0.9,1e-05,0,0,8e-06,0,0,2e-06,0,0,0,1,2.232,0.025,2.232,0.05
2.7316e-13,0.9,1e-05,0,0,8e-06,0,0,2e-06,0,0,0,1,2.235,0.025,2.235,0.05
2.7397e-13,0.9,1e-05,0,0,8e-06,0,0,2e-06,0,0,0,1,2.238,0.025,2.238,0.05
2.7478e-13,0.9,1e-05,0,0,8e-06,0,0,2e-06,0,0,0,1,2.241,0.025,2.241,0.05
2.7559e-13,0.9,1e-05,0,0,8e-06,0,0,2e-06,0,0,0,1,2.244,0.025,2.244,0.05
2.764e-13,0.9,1e-05,0,0,8e-06,0,0,2e-06,0,0,0,1,2.247,0.025,2.247,0.05
2.7721e-13,0.9,1e-05,0,0,8e-06,0,0,2e-06,0,0,0,1,2.25,0.025,2.25,0.05
2.7714e-13,0.9,1e-05,0,0,8e-06,0,0,2e-06,0,0,0,1,2.253,0.025,2.253,0.05
2.7708e-13,0.9,1e-05,0,0,8e-06,0,0,2e-06,0,0,0,1,2.256,0.025,2.256,0.05
2.7701e-13,0.9,1e-05,0,0,8e-06,0,0,2e-06,0,0,0,1,2.259,0.025,2.259,0.05
2.7694e-13,0.9,1e-05,0,0,8e-06,0,0,2e-06,0,0,0,1,2.262,0.025,2.262,0.05
2.7688e-13,0.9,1e-05,0,0,8e-06,0,0,2e-06,0,0,0,1,2.265,0.025,2.265,0.05
2.7681e-13,0.9,1e-05,0,0,8e-06,0,0,2e-06,0,0,0,1,2.268,0.025,2.268,0.05
2.7674e-13,0.9,1e-05,0,0,8e-06,0,0,2e-06,0,0,0,1,2.271,0.025,2.271,0.05
2.7668e-13,0.9,1e-05,0,0,8e-06,0,0,2e-06,0,0,0,1,2.274,0.025,2.274,0.05
2.7661e-13,0.9,1e-05,0,0,8e-06,0,0,2e-06,0,0,0,1,2.277,0.025,2.277,0.05
2.7654e-13,0.9,1e-05,0,0,8e-06,0,0,2e-06,0,0,0,1,2.28,0.025,2.28,0.05
2.7648e-13,0.9,1e-05,0,0,8e-06,0,0,2e-06,0,0,0,1,2.283,0.025,2.283,0.05
2.7641e-13,0.9,1e-05,0,0,8e-06,0,0,2e-06,0,0,0,1,2.286,0.025,2.286,0.05
2.7634e-13,0.9,1e-05,0,0,8e-06,0,0,2e-06,0,0,0,1,2.289,0.025,2.289,0.05
2.7628e-13,0.9,1e-05,0,0,8e-06,0,0,2e-06,0,0,0,1,2.292,0.025,2.292,0.05
2.7621e-13,0.9,1e-05,0,0,8e-06,0,0,2e-06,0,0,0,1,2.295,0.025,2.295,0.05
2.7614e-13,0.9,1e-05,0,0,8e-06,0,0,2e-06,0,0,0,1,2.298,0.025,2.298,0.05
2.7638e-13,0.9,1e-05,0,0,8e-06,0,0,2e-06,0,0,0,1,2.301,0.025,2.301,0.05
2.7721e-13,0.9,1e-05,0,0,8e-06,0,0,2e-06,0,0,0,1,2.304,0.025,2.304,0.05
2.7804e-13,0.9,1e-05,0,0,8e-06,0,0,2e-06,0,0,0,1,2.307,0.025,2.307,0.05
2.7887e-13,0.9,1e-05,0,0,8e-06,0,0,2e-06,0,0,0,1,2.31,0.025,2.31,0.05
2.797e-13,0.9,1e-05,0,0,8e-06,0,0,2e-06,0,0,0,1,2.313,0.025,2.313,0.05
2.8053e-13,0.9,1e-05,0,0,8e-06,0,0,2e-06,0,0,0,1,2.316,0.025,2.316,0.05
2.8136e-13,0.9,1e-05,0,0,8e-06,0,0,2e-06,0,0,0,1,2.319,0.025,2.319,0.05
2.8219e-13,0.9,1e-05,0,0,8e-06,0,0,2e-06,0,0,0,1,2.322,0.025,2.322,0.05
2.8302e-13,0.9,1e-05,0,0,8e-06,0,0,2e-06,0,0,0,1,2.325,0.025,2.325,0.05
2.8385e-13,0.9,1e-05,0,0,8e-06,0,0,2e-06,0,0,0,1,2.328,0.025,2.328,0.05
2.8468e-13,0.9,1e-05,0,0,8e-06,0,0,2e-06,0,0,0,1,2.331,0.025,2.331,0.05
2.8551e-13,0.9,1e-05,0,0,8e-06,0,0,2e-06,0,0,0,1,2.334,0.025,2.334,0.05
2.8634e-13,0.9,1e-05,0,0,8e-06,0,0,2e-06,0,0,0,1,2.337,0.025,2.337,0.05
2.8717e-13,0.9,1e-05,0,0,8e-06,0,0,2e-06,0,0,0,1,2.34,0.025,2.34,0.05
2.8801e-13,0.9,1e-05,0,0,8e-06,0,0,2e-06,0,0,0,1,2.343,0.025,2.343,0.05
2.8884e-13,0.9,1e-05,0,0,8e-06,0,0,2e-06,0,0,0,1,2.346,0.025,2.346,0.05
2.8967e-13,0.9,1e-05,0,0,8e-06,0,0,2e-06,0,0,0,1,2.349,0.025,2.349,0.05
2.9095e-13,0.9,1e-05,0,0,8e-06,0,0,2e-06,0,0,0,1,2.352,0.025,2.352,0.05
2.9246e-13,0.9,1e-05,0,0,8e-06,0,0,2e-06,0,0,0,1,2.355,0.025,2.355,0.05
2.9398e-13,0.9,1e-05,0,0,8e-06,0,0,2e-06,0,0,0,1,2.358,0.025,2.358,0.05
2.9549e-13,0.9,1e-05,0,0,8e-06,0,0,2e-06,0,0,0,1,2.361,0.025,2.361,0.05
2.97e-13,0.9,1e-05,0,0,8e-06,0,0,2e-06,0,0,0,1,2.364,0.025,2.364,0.05
2.9851e-13,0.9,1e-05,0,0,8e-06,0,0,2e-06,0,0,0,1,2.367,0.025,2.367,0.05
3.0002e-13,0.9,1e-05,0,0,8e-06,0,0,2e-06,0,0,0,1,2.37,0.025,2.37,0.05
3.0153e-13,0.9,1e-05,0,0,8e-06,0,0,2e-06,0,0,0,1,2.373,0.025,2.373,0.05
3.0305e-13,0.9,1e-05,0,0,8e-06,0,0,2e-06,0,0,0,1,2.376,0.025,2.376,0.05
3.0456e-13,0.9,1e-05,0,0,8e-06,0,0,2e-06,0,0,0,1,2.379,0.025,2.379,0.05
3.0607e-13,0.9,1e-05,0,0,8e-06,0,0,2e-06,0,0,0,1,2.382,0.025,2.382,0.05
3.0758e-13,0.9,1e-05,0,0,8e-06,0,0,2e-06,0,0,0,1,2.385,0.025,2.385,0.05
3.0909e-13,0.9,1e-05,0,0,8e-06,0,0,2e-06,0,0,0,1,2.388,0.025,2.388,0.05
3.106e-13,0.9,1e-05,0,0,8e-06,0,0,2e-06,0,0,0,1,2.391,0.025,2.391,0.05
3.1212e-13,0.9,1e-05,0,0,8e-06,0,0,2e-06,0,0,0,1,2.394,0.025,2.394,0.05
3.1363e-13,0.9,1e-05,0,0,8e-06,0,0,2e-06,0,0,0,1,2.397,0.025,2.397,0.05
3.1514e-13,0.9,1e-05,0,0,8e-06,0,0,2e-06,0,0,0,1,2.4,0.025,2.4,0.05
3.158e-13,0.9,1e-05,0,0,8e-06,0,0,2e-06,0,0,0,1,2.403,0.025,2.403,0.05
3.1647e-13,0.9,1e-05,0,0,8e-06,0,0,2e-06,0,0,0,1,2.406,0.025,2.406,0.05
3.1713e-13,0.9,1e-05,0,0,8e-06,0,0,2e-06,0,0,0,1,2.409,0.025,2.409,0.05
3.178e-13,0.9,1e-05,0,0,8e-06,0,0,2e-06,0,0,0,1,2.412,0.025,2.412,0.05
3.1846e-13,0.9,1e-05,0,0,8e-06,0,0,2e-06,0,0,0,1,2.415,0.025,2.415,0.05
3.1912e-13,0.9,1e-05,0,0,8e-06,0,0,2e-06,0,0,0,1,2.418,0.025,2.418,0.05
3.1979e-13,0.9,1e-05,0,0,8e-06,0,0,2e-06,0,0,0,1,2.421,0.025,2.421,0.05
3.2045e-13,0.9,1e-05,0,0,8e-06,0,0,2e-06,0,0,0,1,2.424,0.025,2.424,0.05
3.2112e-13,0.9,1e-05,0,0,8e-06,0,0,2e-06,0,0,0,1,2.427,0.025,2.427,0.05
3.2178e-13,0.9,1e-05,0,0,8e-06,0,0,2e-06,0,0,0,1,2.43,0.025,2.43,0.05
3.2244e-13,0.9,1e-05,0,0,8e-06,0,0,2e-06,0,0,0,1,2.433,0.025,2.433,0.05
3.2311e-13,0.9,1e-05,0,0,8e-06,0,0,2e-06,0,0,0,1,2.436,0.025,2.436,0.05
3.2377e-13,0.9,1e-05,0,0,8e-06,0,0,2e-06,0,0,0,1,2.439,0.025,2.439,0.05
3.2443e-13,0.9,1e-05,0,0,8e-06,0,0,2e-06,0,0,0,1,2.442,0.025,2.442,0.05
3.251e-13,0.9,1e-05,0,0,8e-06,0,0,2e-06,0,0,0,1,2.445,0.025,2.445,0.05
3.2576e-13,0.9,1e-05,0,0,8e-06,0,0,2e-06,0,0,0,1,2.448,0.025,2.448,0.05
3.262e-13,0.9,1e-05,0,0,8e-06,0,0,2e-06,0,0,0,1,2.451,0.025,2.451,0.05
3.262e-13,0.9,1e-05,0,0,8e-06,0,0,2e-06,0,0,0,1,2.454,0.025,2.454,0.05
3.262e-13,0.9,1e-05,0,0,8e-06,0,0,2e-06,0,0,0,1,2.457,0.025,2.457,0.05
3.262e-13,0.9,1e-05,0,0,8e-06,0,0,2e-06,0,0,0,1,2.46,0.025,2.46,0.05
3.2619e-13,0.9,1e-05,0,0,8e-06,0,0,2e-06,0,0,0,1,2.463,0.025,2.463,0.05
3.2619e-13,0.9,1e-05,0,0,8e-06,0,0,2e-06,0,0,0,1,2.466,0.025,2.466,0.05
3.2619e-13,0.9,1e-05,0,0,8e-06,0,0,2e-06,0,0,0,1,2.469,0.025,2.469,0.05
3.2618e-13,0.9,1e-05,0,0,8e-06,0,0,2e-06,0,0,0,1,2.472,0.025,2.472,0.05
3.2618e-13,0.9,1e-05,0,0,8e-06,0,0,2e-06,0,0,0,1,2.475,0.025,2.475,0.05
3.2618e-13,0.9,1e-05,0,0,8e-06,0,0,2e-06,0,0,0,1,2.478,0.025,2.478,0.05
3.2617e-13,0.9,1e-05,0,0,8e-06,0,0,2e-06,0,0,0,1,2.481,0.025,2.481,0.05
3.2617e-13,0.9,1e-05,0,0,8e-06,0,0,2e-06,0,0,0,1,2.484,0.025,2.484,0.05
3.2617e-13,0.9,1e-05,0,0,8e-06,0,0,2e-06,0,0,0,1,2.487,0.025,2.487,0.05
3.2617e-13,0.9,1e-05,0,0,8e-06,0,0,2e-06,0,0,0,1,2.49,0.025,2.49,0.05
3.2616e-13,0.9,1e-05,0,0,8e-06,0,0,2e-06,0,0,0,1,2.493,0.025,2.493,0.05
3.2616e-13,0.9,1e-05,0,0,8e-06,0,0,2e-06,0,0,0,1,2.496,0.025,2.496,0.05
3.2616e-13,0.9,1e-05,0,0,8e-06,0,0,2e-06,0,0,0,1,2.499,0.025,2.499,0.05
3.2502e-13,0.9,1e-05,0,0,8e-06,0,0,2e-06,0,0,0,1,2.502,0.025,2.502,0.05
3.2331e-13,0.9,1e-05,0,0,8e-06,0,0,2e-06,0,0,0,1,2.505,0.025,2.505,0.05
3.2161e-13,0.9,1e-05,0,0,8e-06,0,0,2e-06,0,0,0,1,2.508,0.025,2.508,0.05
3.199e-13,0.9,1e-05,0,0,8e-06,0,0,2e-06,0,0,0,1,2.511,0.025,2.511,0.05
3.1819e-13,0.9,1e-05,0,0,8e-06,0,0,2e-06,0,0,0,1,2.514,0.025,2.514,0.05
3.1649e-13,0.9,1e-05,0,0,8e-06,0,0,2e-06,0,0,0,1,2.517,0.025,2.517,0.05
3.1478e-13,0.9,1e-05,0,0,8e-06,0,0,2e-06,0,0,0,1,2.52,0.025,2.52,0.05
3.1307e-13,0.9,1e-05,0,0,8e-06,0,0,2e-06,0,0,0,1,2.523,0.025,2.523,0.05
3.1137e-13,0.9,1e-05,0,0,8e-06,0,0,2e-06,0,0,0,1,2.526,0.025,2.526,0.05
3.0966e-13,0.9,1e-05,0,0,8e-06,0,0,2e-06,0,0,0,1,2.529,0.025,2.529,0.05
3.0795e-13,0.9,1e-05,0,0,8e-06,0,0,2e-06,0,0,0,1,2.532,0.025,2.532,0.05
3.0625e-13,0.9,1e-05,0,0,8e-06,0,0,2e-06,0,0,0,1,2.535,0.025,2.535,0.05
3.0454e-13,0.9,1e-05,0,0,8e-06,0,0,2e-06,0,0,0,1,2.538,0.025,2.538,0.05
3.0283e-13,0.9,1e-05,0,0,8e-06,0,0,2e-06,0,0,0,1,2.541,0.025,2.541,0.05
3.0113e-13,0.9,1e-05,0,0,8e-06,0,0,2e-06,0,0,0,1,2.544,0.025,2.544,0.05
2.9942e-13,0.9,1e-05,0,0,8e-06,0,0,2e-06,0,0,0,1,2.547,0.025,2.547,0.05
2.9771e-13,0.9,1e-05,0,0,8e-06,0,0,2e-06,0,0,0,1,2.55,0.025,2.55,0.05
2.9767e-13,0.9,1e-05,0,0,8e-06,0,0,2e-06,0,0,0,1,2.553,0.025,2.553,0.05
2.9763e-13,0.9,1e-05,0,0,8e-06,0,0,2e-06,0,0,0,1,2.556,0.025,2.556,0.05
2.9758e-13,0.9,1e-05,0,0,8e-06,0,0,2e-06,0,0,0,1,2.559,0.025,2.559,0.05
2.9754e-13,0.9,1e-05,0,0,8e-06,0,0,2e-06,0,0,0,1,2.562,0.025,2.562,0.05
2.9749e-13,0.9,1e-05,0,0,8e-06,0,0,2e-06,0,0,0,1,2.565,0.025,2.565,0.05
2.9745e-13,0.9,1e-05,0,0,8e-06,0,0,2e-06,0,0,0,1,2.568,0.025,2.568,0.05
2.9741e-13,0.9,1e-05,0,0,8e-06,0,0,2e-06,0,0,0,1,2.571,0.025,2.571,0.05
2.9736e-13,0.9,1e-05,0,0,8e-06,0,0,2e-06,0,0,0,1,2.574,0.025,2.574,0.05
2.9732e-13,0.9,1e-05,0,0,8e-06,0,0,2e-06,0,0,0,1,2.577,0.025,2.577,0.05
2.9728e-13,0.9,1e-05,0,0,8e-06,0,0,2e-06,0,0,0,1,2.58,0.025,2.58,0.05
2.9723e-13,0.9,1e-05,0,0,8e-06,0,0,2e-06,0,0,0,1,2.583,0.025,2.583,0.05
2.9719e-13,0.9,1e-05,0,0,8e-06,0,0,2e-06,0,0,0,1,2.586,0.025,2.586,0.05
2.9714e-13,0.9,1e-05,0,0,8e-06,0,0,2e-06,0,0,0,1,2.589,0.025,2.589,0.05
2.971e-13,0.9,1e-05,0,0,8e-06,0,0,2e-06,0,0,0,1,2.592,0.025,2.592,0.05
2.9706e-13,0.9,1e-05,0,0,8e-06,0,0,2e-06,0,0,0,1,2.595,0.025,2.595,0.05
2.9701e-13,0.9,1e-05,0,0,8e-06,0,0,2e-06,0,0,0,1,2.598,0.025,2.598,0.05
2.9759e-13,0.9,1e-05,0,0,8e-06,0,0,2e-06,0,0,0,1,2.601,0.025,2.601,0.05
2.9942e-13,0.9,1e-05,0,0,8e-06,0,0,2e-06,0,0,0,1,2.604,0.025,2.604,0.05
3.0125e-13,0.9,1e-05,0,0,8e-06,0,0,2e-06,0,0,0,1,2.607,0.025,2.607,0.05
3.0307e-13,0.9,1e-05,0,0,8e-06,0,0,2e-06,0,0,0,1,2.61,0.025,2.61,0.05
3.049e-13,0.9,1e-05,0,0,8e-06,0,0,2e-06,0,0,0,1,2.613,0.025,2.613,0.05
3.0673e-13,0.9,1e-05,0,0,8e-06,0,0,2e-06,0,0,0,1,2.616,0.025,2.616,0.05
3.0855e-13,0.9,1e-05,0,0,8e-06,0,0,2e-06,0,0,0,1,2.619,0.025,2.619,0.05
3.1038e-13,0.9,1e-05,0,0,8e-06,0,0,2e-06,0,0,0,1,2.622,0.025,2.622,0.05
3.1221e-13,0.9,1e-05,0,0,8e-06,0,0,2e-06,0,0,0,1,2.625,0.025,2.625,0.05
3.1404e-13,0.9,1e-05,0,0,8e-06,0,0,2e-06,0,0,0,1,2.628,0.025,2.628,0.05
3.1586e-13,0.9,1e-05,0,0,8e-06,0,0,2e-06,0,0,0,1,2.631,0.025,2.631,0.05
3.1769e-13,0.9,1e-05,0,0,8e-06,0,0,2e-06,0,0,0,1,2.634,0.025,2.634,0.05
3.1952e-13,0.9,1e-05,0,0,8e-06,0,0,2e-06,0,0,0,1,2.637,0.025,2.637,0.05
3.2134e-13,0.9,1e-05,0,0,8e-06,0,0,2e-06,0,0,0,1,2.64,0.025,2.64,0.05
3.2317e-13,0.9,1e-05,0,0,8e-06,0,0,2e-06,0,0,0,1,2.643,0.025,2.643,0.05
3.25e-13,0.9,1e-05,0,0,8e-06,0,0,2e-06,0,0,0,1,2.646,0.025,2.646,0.05
3.2683e-13,0.9,1e-05,0,0,8e-06,0,0,2e-06,0,0,0,1,2.649,0.025,2.649,0.05
3.2903e-13,0.9,1e-05,0,0,8e-06,0,0,2e-06,0,0,0,1,2.652,0.025,2.652,0.05
3.3143e-13,0.9,1e-05,0,0,8e-06,0,0,2e-06,0,0,0,1,2.655,0.025,2.655,0.05
3.3383e-13,0.9,1e-05,0,0,8e-06,0,0,2e-06,0,0,0,1,2.658,0.025,2.658,0.05
3.3623e-13,0.9,1e-05,0,0,8e-06,0,0,2e-06,0,0,0,1,2.661,0.025,2.661,0.05
3.3863e-13,0.9,1e-05,0,0,8e-06,0,0,2e-06,0,0,0,1,2.664,0.025,2.664,0.05
3.4103e-13,0.9,1e-05,0,0,8e-06,0,0,2e-06,0,0,0,1,2.667,0.025,2.667,0.05
3.4343e-13,0.9,1e-05,0,0,8e-06,0,0,2e-06,0,0,0,1,2.67,0.025,2.67,0.05
3.4583e-13,0.9,1e-05,0,0,8e-06,0,0,2e-06,0,0,0,1,2.673,0.025,2.673,0.05
3.4823e-13,0.9,1e-05,0,0,8e-06,0,0,2e-06,0,0,0,1,2.676,0.025,2.676,0.05
3.5063e-13,0.9,1e-05,0,0,8e-06,0,0,2e-06,0,0,0,1,2.679,0.025,2.679,0.05
3.5303e-13,0.9,1e-05,0,0,8e-06,0,0,2e-06,0,0,0,1,2.682,0.025,2.682,0.05
3.5542e-13,0.9,1e-05,0,0,8e-06,0,0,2e-06,0,0,0,1,2.685,0.025,2.685,0.05
3.5782e-13,0.9,1e-05,0,0,8e-06,0,0,2e-06,0,0,0,1,2.688,0.025,2.688,0.05
3.6022e-13,0.9,1e-05,0,0,8e-06,0,0,2e-06,0,0,0,1,2.691,0.025,2.691,0.05
3.6262e-13,0.9,1e-05,0,0,8e-06,0,0,2e-06,0,0,0,1,2.694,0.025,2.694,0.05
3.6502e-13,0.9,1e-05,0,0,8e-06,0,0,2e-06,0,0,0,1,2.697,0.025,2.697,0.05
3.6742e-13,0.9,1e-05,0,0,8e-06,0,0,2e-06,0,0,0,1,2.7,0.025,2.7,0.05
3.6748e-13,0.9,1e-05,0,0,8e-06,0,0,2e-06,0,0,0,1,2.703,0.025,2.703,0.05
3.6755e-13,0.9,1e-05,0,0,8e-06,0,0,2e-06,0,0,0,1,2.706,0.025,2.706,0.05
3.6761e-13,0.9,1e-05,0,0,8e-06,0,0,2e-06,0,0,0,1,2.709,0.025,2.709,0.05
3.6768e-13,0.9,1e-05,0,0,8e-06,0,0,2e-06,0,0,0,1,2.712,0.025,2.712,0.05
3.6774e-13,0.9,1e-05,0,0,8e-06,0,0,2e-06,0,0,0,1,2.715,0.025,2.715,0.05
3.6781e-13,0.9,1e-05,0,0,8e-06,0,0,2e-06,0,0,0,1,2.718,0.025,2.718,0.05
3.6787e-13,0.9,1e-05,0,0,8e-06,0,0,2e-06,0,0,0,1,2.721,0.025,2.721,0.05
3.6794e-13,0.9,1e-05,0,0,8e-06,0,0,2e-06,0,0,0,1,2.724,0.025,2.724,0.05
3.68e-13,0.9,1e-05,0,0,8e-06,0,0,2e-06,0,0,0,1,2.727,0.025,2.727,0.05
3.6807e-13,0.9,1e-05,0,0,8e-06,0,0,2e-06,0,0,0,1,2.73,0.025,2.73,0.05
3.6813e-13,0.9,1e-05,0,0,8e-06,0,0,2e-06,0,0,0,1,2.733,0.025,2.733,0.05
3.682e-13,0.9,1e-05,0,0,8e-06,0,0,2e-06,0,0,0,1,2.736,0.025,2.736,0.05
3.6826e-13,0.9,1e-05,0,0,8e-06,0,0,2e-06,0,0,0,1,2.739,0.025,2.739,0.05
3.6832e-13,0.9,1e-05,0,0,8e-06,0,0,2e-06,0,0,0,1,2.742,0.025,2.742,0.05
3.6839e-13,0.9,1e-05,0,0,8e-06,0,0,2e-06,0,0,0,1,2.745,0.025,2.745,0.05
3.6845e-13,0.9,1e-05,0,0,8e-06,0,0,2e-06,0,0,0,1,2.748,0.025,2.748,0.05
3.6854e-13,0.9,1e-05,0,0,8e-06,0,0,2e-06,0,0,0,1,2.751,0.025,2.751,0.05
3.6865e-13,0.9,1e-05,0,0,8e-06,0,0,2e-06,0,0,0,1,2.754,0.025,2.754,0.05
3.6877e-13,0.9,1e-05,0,0,8e-06,0,0,2e-06,0,0,0,1,2.757,0.025,2.757,0.05
3.6888e-13,0.9,1e-05,0,0,8e-06,0,0,2e-06,0,0,0,1,2.76,0.025,2.76,0.05
3.69e-13,0.9,1e-05,0,0,8e-06,0,0,2e-06,0,0,0,1,2.763,0.025,2.763,0.05
3.6911e-13,0.9,1e-05,0,0,8e-06,0,0,2e-06,0,0,0,1,2.766,0.025,2.766,0.05
3.6923e-13,0.9,1e-05,0,0,8e-06,0,0,2e-06,0,0,0,1,2.769,0.025,2.769,0.05
3.6934e-13,0.9,1e-05,0,0,8e-06,0,0,2e-06,0,0,0,1,2.772,0.025,2.772,0.05
3.6946e-13,0.9,1e-05,0,0,8e-06,0,0,2e-06,0,0,0,1,2.775,0.025,2.775,0.05
3.6957e-13,0.9,1e-05,0,0,8e-06,0,0,2e-06,0,0,0,1,2.778,0.025,2.778,0.05
3.6969e-13,0.9,1e-05,0,0,8e-06,0,0,2e-06,0,0,0,1,2.781,0.025,2.781,0.05
3.6981e-13,0.9,1e-05,0,0,8e-06,0,0,2e-06,0,0,0,1,2.784,0.025,2.784,0.05
3.6992e-13,0.9,1e-05,0,0,8e-06,0,0,2e-06,0,0,0,1,2.787,0.025,2.787,0.05
3.7004e-13,0.9,1e-05,0,0,8e-06,0,0,2e-06,0,0,0,1,2.79,0.025,2.79,0.05
3.7015e-13,0.9,1e-05,0,0,8e-06,0,0,2e-06,0,0,0,1,2.793,0.025,2.793,0.05
3.7027e-13,0.9,1e-05,0,0,8e-06,0,0,2e-06,0,0,0,1,2.796,0.025,2.796,0.05
3.7038e-13,0.9,1e-05,0,0,8e-06,0,0,2e-06,0,0,0,1,2.799,0.025,2.799,0.05
3.7017e-13,0.9,1e-05,0,0,8e-06,0,0,2e-06,0,0,0,1,2.802,0.025,2.802,0.05
3.698e-13,0.9,1e-05,0,0,8e-06,0,0,2e-06,0,0,0,1,2.805,0.025,2.805,0.05
3.6943e-13,0.9,1e-05,0,0,8e-06,0,0,2e-06,0,0,0,1,2.808,0.025,2.808,0.05
3.6906e-13,0.9,1e-05,0,0,8e-06,0,0,2e-06,0,0,0,1,2.811,0.025,2.811,0.05
3.6869e-13,0.9,1e-05,0,0,8e-06,0,0,2e-06,0,0,0,1,2.814,0.025,2.814,0.05
3.6832e-13,0.9,1e-05,0,0,8e-06,0,0,2e-06,0,0,0,1,2.817,0.025,2.817,0.05
3.6794e-13,0.9,1e-05,0,0,8e-06,0,0,2e-06,0,0,0,1,2.82,0.025,2.82,0.05
3.6757e-13,0.9,1e-05,0,0,8e-06,0,0,2e-06,0,0,0,1,2.823,0.025,2.823,0.05
3.672e-13,0.9,1e-05,0,0,8e-06,0,0,2e-06,0,0,0,1,2.826,0.025,2.826,0.05
3.6683e-13,0.9,1e-05,0,0,8e-06,0,0,2e-06,0,0,0,1,2.829,0.025,2.829,0.05
3.6646e-13,0.9,1e-05,0,0,8e-06,0,0,2e-06,0,0,0,1,2.832,0.025,2.832,0.05
3.6609e-13,0.9,1e-05,0,0,8e-06,0,0,2e-06,0,0,0,1,2.835,0.025,2.835,0.05
3.6572e-13,0.9,1e-05,0,0,8e-06,0,0,2e-06,0,0,0,1,2.838,0.025,2.838,0.05
3.6534e-13,0.9,1e-05,0,0,8e-06,0,0,2e-06,0,0,0,1,2.841,0.025,2.841,0.05
3.6497e-13,0.9,1e-05,0,0,8e-06,0,0,2e-06,0,0,0,1,2.844,0.025,2.844,0.05
3.646e-13,0.9,1e-05,0,0,8e-06,0,0,2e-06,0,0,0,1,2.847,0.025,2.847,0.05
3.6423e-13,0.9,1e-05,0,0,8e-06,0,0,2e-06,0,0,0,1,2.85,0.025,2.85,0.05
3.6168e-13,0.9,1e-05,0,0,8e-06,0,0,2e-06,0,0,0,1,2.853,0.025,2.853,0.05
3.5914e-13,0.9,1e-05,0,0,8e-06,0,0,2e-06,0,0,0,1,2.856,0.025,2.856,0.05
3.5659e-13,0.9,1e-05,0,0,8e-06,0,0,2e-06,0,0,0,1,2.859,0.025,2.859,0.05
3.5405e-13,0.9,1e-05,0,0,8e-06,0,0,2e-06,0,0,0,1,2.862,0.025,2.862,0.05
3.515e-13,0.9,1e-05,0,0,8e-06,0,0,2e-06,0,0,0,1,2.865,0.025,2.865,0.05
3.4896e-13,0.9,1e-05,0,0,8e-06,0,0,2e-06,0,0,0,1,2.868,0.025,2.868,0.05
3.4641e-13,0.9,1e-05,0,0,8e-06,0,0,2e-06,0,0,0,1,2.871,0.025,2.871,0.05
3.4387e-13,0.9,1e-05,0,0,8e-06,0,0,2e-06,0,0,0,1,2.874,0.025,2.874,0.05
3.4132e-13,0.9,1e-05,0,0,8e-06,0,0,2e-06,0,0,0,1,2.877,0.025,2.877,0.05
3.3878e-13,0.9,1e-05,0,0,8e-06,0,0,2e-06,0,0,0,1,2.88,0.025,2.88,0.05
3.3623e-13,0.9,1e-05,0,0,8e-06,0,0,2e-06,0,0,0,1,2.883,0.025,2.883,0.05
3.3369e-13,0.9,1e-05,0,0,8e-06,0,0,2e-06,0,0,0,1,2.886,0.025,2.886,0.05
3.3114e-13,0.9,1e-05,0,0,8e-06,0,0,2e-06,0,0,0,1,2.889,0.025,2.889,0.05
3.286e-13,0.9,1e-05,0,0,8e-06,0,0,2e-06,0,0,0,1,2.892,0.025,2.892,0.05
3.2605e-13,0.9,1e-05,0,0,8e-06,0,0,2e-06,0,0,0,1,2.895,0.025,2.895,0.05
3.2351e-13,0.9,1e-05,0,0,8e-06,0,0,2e-06,0,0,0,1,2.898,0.025,2.898,0.05
3.2149e-13,0.9,1e-05,0,0,8e-06,0,0,2e-06,0,0,0,1,2.901,0.025,2.901,0.05
3.2051e-13,0.9,1e-05,0,0,8e-06,0,0,2e-06,0,0,0,1,2.904,0.025,2.904,0.05
3.1954e-13,0.9,1e-05,0,0,8e-06,0,0,2e-06,0,0,0,1,2.907,0.025,2.907,0.05
3.1856e-13,0.9,1e-05,0,0,8e-06,0,0,2e-06,0,0,0,1,2.91,0.025,2.91,0.05
3.1759e-13,0.9,1e-05,0,0,8e-06,0,0,2e-06,0,0,0,1,2.913,0.025,2.913,0.05
3.1661e-13,0.9,1e-05,0,0,8e-06,0,0,2e-06,0,0,0,1,2.916,0.025,2.916,0.05
3.1564e-13,0.9,1e-05,0,0,8e-06,0,0,2e-06,0,0,0,1,2.919,0.025,2.919,0.05
3.1466e-13,0.9,1e-05,0,0,8e-06,0,0,2e-06,0,0,0,1,2.922,0.025,2.922,0.05
3.1369e-13,0.9,1e-05,0,0,8e-06,0,0,2e-06,0,0,0,1,2.925,0.025,2.925,0.05
3.1271e-13,0.9,1e-05,0,0,8e-06,0,0,2e-06,0,0,0,1,2.928,0.025,2.928,0.05
3.1174e-13,0.9,1e-05,0,0,8e-06,0,0,2e-06,0,0,0,1,2.931,0.025,2.931,0.05
3.1076e-13,0.9,1e-05,0,0,8e-06,0,0,2e-06,0,0,0,1,2.934,0.025,2.934,0.05
3.0979e-13,0.9,1e-05,0,0,8e-06,0,0,2e-06,0,0,0,1,2.937,0.025,2.937,0.05
3.0881e-13,0.9,1e-05,0,0,8e-06,0,0,2e-06,0,0,0,1,2.94,0.025,2.94,0.05
3.0784e-13,0.9,1e-05,0,0,8e-06,0,0,2e-06,0,0,0,1,2.943,0.025,2.943,0.05
3.0686e-13,0.9,1e-05,0,0,8e-06,0,0,2e-06,0,0,0,1,2.946,0.025,2.946,0.05
3.0589e-13,0.9,1e-05,0,0,8e-06,0,0,2e-06,0,0,0,1,2.949,0.025,2.949,0.05
3.0834e-13,0.9,1e-05,0,0,8e-06,0,0,2e-06,0,0,0,1,2.952,0.025,2.952,0.05
3.125e-13,0.9,1e-05,0,0,8e-06,0,0,2e-06,0,0,0,1,2.955,0.025,2.955,0.05
3.1666e-13,0.9,1e-05,0,0,8e-06,0,0,2e-06,0,0,0,1,2.958,0.025,2.958,0.05
3.2082e-13,0.9,1e-05,0,0,8e-06,0,0,2e-06,0,0,0,1,2.961,0.025,2.961,0.05
3.2499e-13,0.9,1e-05,0,0,8e-06,0,0,2e-06,0,0,0,1,2.964,0.025,2.964,0.05
3.2915e-13,0.9,1e-05,0,0,8e-06,0,0,2e-06,0,0,0,1,2.967,0.025,2.967,0.05
3.3331e-13,0.9,1e-05,0,0,8e-06,0,0,2e-06,0,0,0,1,2.97,0.025,2.97,0.05
3.3748e-13,0.9,1e-05,0,0,8e-06,0,0,2e-06,0,0,0,1,2.973,0.025,2.973,0.05
3.4164e-13,0.9,1e-05,0,0,8e-06,0,0,2e-06,0,0,0,1,2.976,0.025,2.976,0.05
3.458e-13,0.9,1e-05,0,0,8e-06,0,0,2e-06,0,0,0,1,2.979,0.025,2.979,0.05
3.4996e-13,0.9,1e-05,0,0,8e-06,0,0,2e-06,0,0,0,1,2.982,0.025,2.982,0.05
3.5413e-13,0.9,1e-05,0,0,8e-06,0,0,2e-06,0,0,0,1,2.985,0.025,2.985,0.05
3.5829e-13,0.9,1e-05,0,0,8e-06,0,0,2e-06,0,0,0,1,2.988,0.025,2.988,0.05
3.6245e-13,0.9,1e-05,0,0,8e-06,0,0,2e-06,0,0,0,1,2.991,0.025,2.991,0.05
3.6662e-13,0.9,1e-05,0,0,8e-06,0,0,2e-06,0,0,0,1,2.994,0.025,2.994,0.05
3.7078e-13,0.9,1e-05,0,0,8e-06,0,0,2e-06,0,0,0,1,2.997,0.025,2.997,0.05
3.7494e-13,0.9,1e-05,0,0,8e-06,0,0,2e-06,0,0,0,1,3,0.025,3,0.05
