Time,"Apparent_viscosity","Gas_Density","Gas_Mobility","Gas_Saturation","Gas_Saturation_mean","Gas_Viscosity","Gas_pressure","Oil_Pressure","Oil_Saturation","Oil_Saturation_mean","Permeability","Porosity","Total_Mobility","Velocity:0","Velocity:1","Velocity:2","Water_Mobility","Water_Pressure","Water_Saturation","Water_Saturation_mean","vtkValidPointMask","arc_length","Points:0","Points:1","Points:2"
0.35,0.75534,0.0576,0.25947,0.279,0.27329,0.3,363.63,363.63,-0.0085303,-0.0028235,-2.0367,1,1.3239,1,-7.1413e-13,0,1.0644,363.63,0.72953,0.72953,1,0,0,0.001,0
0.35,0.77518,0.0576,0.23647,0.26635,0.26655,0.3,363.4,363.4,0.0078799,0.0070865,-2.0367,1,1.29,1,-1.7969e-12,0,1.0535,363.4,0.72577,0.72637,1,0.004,0.004,0.001,0
0.35,0.78538,0.0576,0.23362,0.26474,0.26494,0.3,363.09,363.09,0.014345,0.013539,-2.0367,1,1.2733,1,-1.8722e-12,0,1.0394,363.09,0.72092,0.72152,1,0.008,0.008,0.001,0
0.35,0.79564,0.0576,0.2308,0.26313,0.26333,0.3,362.77,362.77,0.020758,0.019962,-2.0367,1,1.2569,1,-8.7524e-13,0,1.0256,362.77,0.71611,0.71671,1,0.012,0.012,0.001,0
0.35,0.80589,0.0576,0.22803,0.26155,0.26175,0.3,362.45,362.45,0.027077,0.026295,-2.0367,1,1.2409,1,-1.2481e-12,0,1.0121,362.45,0.71137,0.71196,1,0.016,0.016,0.001,0
0.35,0.81604,0.0576,0.22533,0.26,0.26019,0.3,362.12,362.12,0.033249,0.032489,-2.0367,1,1.2254,1,9.4901e-14,0,0.999,362.12,0.70675,0.70732,1,0.02,0.02,0.001,0
0.35,0.82601,0.0576,0.22272,0.25849,0.25867,0.3,361.79,361.79,0.039235,0.038499,-2.0367,1,1.2106,1,-5.6194e-13,0,0.98639,361.79,0.70228,0.70283,1,0.024,0.024,0.001,0
0.35,0.83578,0.0576,0.2202,0.25702,0.2572,0.3,361.46,361.46,0.045031,0.044318,-2.0367,1,1.1965,1,-1.2029e-12,0,0.97426,361.46,0.69795,0.69848,1,0.028,0.028,0.001,0
0.35,0.84536,0.0576,0.21776,0.25559,0.25577,0.3,361.12,361.12,0.050645,0.049954,-2.0367,1,1.1829,1,-4.5659e-13,0,0.96261,361.12,0.69376,0.69428,1,0.032,0.032,0.001,0
0.35,0.85475,0.0576,0.21541,0.25421,0.25438,0.3,360.78,360.78,0.056089,0.055419,-2.0367,1,1.1699,1,-7.2199e-13,0,0.95138,360.78,0.6897,0.6902,1,0.036,0.036,0.001,0
0.35,0.86397,0.0576,0.21313,0.25286,0.25303,0.3,360.44,360.44,0.061374,0.060723,-2.0367,1,1.1574,1,-1.8765e-12,0,0.94055,360.44,0.68577,0.68625,1,0.04,0.04,0.001,0
0.35,0.87303,0.0576,0.21091,0.25154,0.25171,0.3,360.09,360.09,0.066512,0.065879,-2.0367,1,1.1454,1,7.9402e-13,0,0.9301,360.09,0.68194,0.68242,1,0.044,0.044,0.001,0
0.35,0.88194,0.0576,0.20877,0.25026,0.25042,0.3,359.74,359.74,0.071512,0.070895,-2.0367,1,1.1339,1,8.7856e-14,0,0.91999,359.74,0.67823,0.67869,1,0.048,0.048,0.001,0
0.35,0.8907,0.0576,0.20668,0.249,0.24916,0.3,359.39,359.39,0.076382,0.075781,-2.0367,1,1.1227,1,8.6549e-13,0,0.91021,359.39,0.67461,0.67506,1,0.052,0.052,0.001,0
0.35,0.89932,0.0576,0.20465,0.24778,0.24793,0.3,359.03,359.03,0.081132,0.080545,-2.0367,1,1.112,1,-1.2845e-12,0,0.90073,359.03,0.67109,0.67153,1,0.056,0.056,0.001,0
0.35,0.90781,0.0576,0.20267,0.24658,0.24673,0.3,358.67,358.67,0.085767,0.085195,-2.0367,1,1.1016,1,-1.6951e-13,0,0.89153,358.67,0.66766,0.66808,1,0.06,0.06,0.001,0
0.35,0.91618,0.0576,0.20074,0.2454,0.24555,0.3,358.31,358.31,0.090295,0.089735,-2.0367,1,1.0915,1,-8.5649e-14,0,0.8826,358.31,0.6643,0.66472,1,0.064,0.064,0.001,0
0.35,0.92442,0.0576,0.19886,0.24425,0.24439,0.3,357.94,357.94,0.094721,0.094174,-2.0367,1,1.0818,1,-1.6637e-12,0,0.87393,357.94,0.66103,0.66144,1,0.068,0.068,0.001,0
0.35,0.93256,0.0576,0.19702,0.24312,0.24326,0.3,357.57,357.57,0.09905,0.098515,-2.0367,1,1.0723,1,8.0568e-14,0,0.86549,357.57,0.65783,0.65823,1,0.072,0.072,0.001,0
0.35,0.94058,0.0576,0.19522,0.24201,0.24214,0.3,357.19,357.19,0.10329,0.10276,-2.0367,1,1.0632,1,-1.6262e-13,0,0.85728,357.19,0.6547,0.65509,1,0.076,0.076,0.001,0
0.35,0.94851,0.0576,0.19347,0.24092,0.24105,0.3,356.81,356.81,0.10744,0.10693,-2.0367,1,1.0543,1,3.2353e-13,0,0.84928,356.81,0.65164,0.65202,1,0.08,0.08,0.001,0
0.35,0.95633,0.0576,0.19175,0.23984,0.23998,0.3,356.43,356.43,0.11151,0.11101,-2.0367,1,1.0457,1,-1.2001e-12,0,0.84148,356.43,0.64865,0.64902,1,0.084,0.084,0.001,0
0.35,0.96405,0.0576,0.19007,0.23879,0.23892,0.3,356.05,356.05,0.1155,0.11501,-2.0367,1,1.0373,1,-3.9572e-13,0,0.83388,356.05,0.64571,0.64607,1,0.088,0.088,0.001,0
0.35,0.97169,0.0576,0.18842,0.23775,0.23788,0.3,355.66,355.66,0.11942,0.11893,-2.0367,1,1.0291,1,7.8528e-13,0,0.82646,355.66,0.64283,0.64318,1,0.092,0.092,0.001,0
0.35,0.97923,0.0576,0.18681,0.23673,0.23686,0.3,355.27,355.27,0.12327,0.12279,-2.0367,1,1.0212,1,-7.0222e-13,0,0.81921,355.27,0.64,0.64035,1,0.096,0.096,0.001,0
0.35,0.98669,0.0576,0.18522,0.23573,0.23585,0.3,354.88,354.88,0.12704,0.12657,-2.0367,1,1.0135,1,-7.8124e-14,0,0.81213,354.88,0.63723,0.63757,1,0.1,0.1,0.001,0
0.35,0.99407,0.0576,0.18367,0.23473,0.23486,0.3,354.48,354.48,0.13076,0.1303,-2.0367,1,1.006,1,-5.3706e-13,0,0.8052,354.48,0.63451,0.63485,1,0.104,0.104,0.001,0
0.35,1.0014,0.0576,0.18214,0.23376,0.23388,0.3,354.08,354.08,0.13441,0.13395,-2.0367,1,0.99864,1,4.5529e-13,0,0.79843,354.08,0.63184,0.63217,1,0.108,0.108,0.001,0
0.35,1.0086,0.0576,0.18064,0.23279,0.23291,0.3,353.68,353.68,0.138,0.13755,-2.0367,1,0.99149,1,-9.7964e-13,0,0.79181,353.68,0.62921,0.62953,1,0.112,0.112,0.001,0
0.35,1.0157,0.0576,0.17917,0.23184,0.23196,0.3,353.27,353.27,0.14153,0.14109,-2.0367,1,0.98452,1,2.9839e-13,0,0.78532,353.27,0.62663,0.62695,1,0.116,0.116,0.001,0
0.35,1.0228,0.0576,0.17772,0.2309,0.23102,0.3,352.86,352.86,0.14501,0.14458,-2.0367,1,0.97771,1,-3.705e-13,0,0.77896,352.86,0.62408,0.6244,1,0.12,0.12,0.001,0
0.35,1.0298,0.0576,0.1763,0.22998,0.23009,0.3,352.45,352.45,0.14844,0.14801,-2.0367,1,0.97107,1,-7.3331e-13,0,0.77273,352.45,0.62158,0.62189,1,0.124,0.124,0.001,0
0.35,1.0367,0.0576,0.1749,0.22906,0.22918,0.3,352.04,352.04,0.15181,0.1514,-2.0367,1,0.96457,1,3.6634e-13,0,0.76663,352.04,0.61912,0.61943,1,0.128,0.128,0.001,0
0.35,1.0436,0.0576,0.17352,0.22816,0.22827,0.3,351.62,351.62,0.15514,0.15473,-2.0367,1,0.95823,1,1.0887e-12,0,0.76064,351.62,0.6167,0.617,1,0.132,0.132,0.001,0
0.35,1.0504,0.0576,0.17216,0.22726,0.22737,0.3,351.2,351.2,0.15843,0.15802,-2.0367,1,0.95202,1,2.8887e-13,0,0.75476,351.2,0.61431,0.61461,1,0.136,0.136,0.001,0
0.35,1.0571,0.0576,0.17082,0.22638,0.22649,0.3,350.77,350.77,0.16166,0.16126,-2.0367,1,0.94595,1,2.8839e-13,0,0.74899,350.77,0.61196,0.61225,1,0.14,0.14,0.001,0
0.35,1.0638,0.0576,0.1695,0.2255,0.22561,0.3,350.34,350.34,0.16486,0.16446,-2.0367,1,0.94001,1,-3.517e-13,0,0.74333,350.34,0.60964,0.60993,1,0.144,0.144,0.001,0
0.35,1.0704,0.0576,0.1682,0.22463,0.22474,0.3,349.91,349.91,0.16801,0.16762,-2.0367,1,0.93419,1,9.8299e-13,0,0.73776,349.91,0.60736,0.60764,1,0.148,0.148,0.001,0
0.35,1.077,0.0576,0.16692,0.22377,0.22388,0.3,349.48,349.48,0.17113,0.17074,-2.0367,1,0.92849,1,-6.2576e-13,0,0.73229,349.48,0.6051,0.60538,1,0.152,0.152,0.001,0
0.35,1.0835,0.0576,0.16565,0.22292,0.22303,0.3,349.04,349.04,0.1742,0.17382,-2.0367,1,0.92291,1,5.5373e-13,0,0.72692,349.04,0.60287,0.60315,1,0.156,0.156,0.001,0
0.35,1.09,0.0576,0.1644,0.22208,0.22219,0.3,348.6,348.6,0.17724,0.17686,-2.0367,1,0.91744,1,8.2404e-13,0,0.72163,348.6,0.60068,0.60095,1,0.16,0.16,0.001,0
0.35,1.0964,0.0576,0.16317,0.22125,0.22135,0.3,348.16,348.16,0.18024,0.17987,-2.0367,1,0.91208,1,4.077e-13,0,0.71643,348.16,0.59851,0.59878,1,0.164,0.164,0.001,0
0.35,1.1027,0.0576,0.16195,0.22042,0.22052,0.3,347.71,347.71,0.18321,0.18284,-2.0367,1,0.90683,1,-1.3086e-13,0,0.71131,347.71,0.59637,0.59663,1,0.168,0.168,0.001,0
0.35,1.1091,0.0576,0.16075,0.2196,0.2197,0.3,347.26,347.26,0.18615,0.18578,-2.0367,1,0.90167,1,8.0449e-13,0,0.70628,347.26,0.59425,0.59452,1,0.172,0.172,0.001,0
0.35,1.1153,0.0576,0.15956,0.21878,0.21889,0.3,346.81,346.81,0.18905,0.18869,-2.0367,1,0.89661,1,-2.0163e-13,0,0.70132,346.81,0.59216,0.59242,1,0.176,0.176,0.001,0
0.35,1.1215,0.0576,0.15838,0.21798,0.21808,0.3,346.35,346.35,0.19192,0.19157,-2.0367,1,0.89165,1,9.9238e-13,0,0.69643,346.35,0.5901,0.59036,1,0.18,0.18,0.001,0
0.35,1.1277,0.0576,0.15722,0.21718,0.21728,0.3,345.9,345.9,0.19477,0.19441,-2.0367,1,0.88677,1,5.2727e-13,0,0.69162,345.9,0.58806,0.58831,1,0.184,0.184,0.001,0
0.35,1.1338,0.0576,0.15607,0.21638,0.21648,0.3,345.43,345.43,0.19758,0.19723,-2.0367,1,0.88199,1,-1.3046e-12,0,0.68688,345.43,0.58604,0.58629,1,0.188,0.188,0.001,0
0.35,1.1399,0.0576,0.15493,0.21559,0.21569,0.3,344.97,344.97,0.20037,0.20002,-2.0367,1,0.87729,1,1.3129e-13,0,0.68221,344.97,0.58404,0.58429,1,0.192,0.192,0.001,0
0.35,1.1459,0.0576,0.1538,0.2148,0.2149,0.3,344.5,344.5,0.20313,0.20278,-2.0367,1,0.87267,1,1.9298e-13,0,0.67761,344.5,0.58207,0.58231,1,0.196,0.196,0.001,0
0.35,1.1519,0.0576,0.15269,0.21402,0.21412,0.3,344.03,344.03,0.20586,0.20552,-2.0367,1,0.86813,1,3.2115e-13,0,0.67306,344.03,0.58011,0.58036,1,0.2,0.2,0.001,0
0.35,1.1578,0.0576,0.15158,0.21325,0.21334,0.3,343.56,343.56,0.20857,0.20823,-2.0367,1,0.86367,1,0,0,0.66859,343.56,0.57818,0.57842,1,0.204,0.204,0.001,0
0.35,1.1638,0.0576,0.15049,0.21248,0.21257,0.3,343.08,343.08,0.21126,0.21092,-2.0367,1,0.85928,1,1.9077e-13,0,0.66417,343.08,0.57627,0.5765,1,0.208,0.208,0.001,0
0.35,1.1696,0.0576,0.14941,0.21171,0.21181,0.3,342.6,342.6,0.21392,0.21359,-2.0367,1,0.85497,1,6.3019e-13,0,0.6598,342.6,0.57437,0.57461,1,0.212,0.212,0.001,0
0.35,1.1755,0.0576,0.14833,0.21095,0.21104,0.3,342.12,342.12,0.21656,0.21623,-2.0367,1,0.85073,1,3.7211e-13,0,0.6555,342.12,0.57249,0.57273,1,0.216,0.216,0.001,0
0.35,1.1813,0.0576,0.14727,0.21019,0.21028,0.3,341.63,341.63,0.21917,0.21885,-2.0367,1,0.84655,1,8.653e-13,0,0.65125,341.63,0.57063,0.57087,1,0.22,0.22,0.001,0
0.35,1.187,0.0576,0.14621,0.20944,0.20953,0.3,341.14,341.14,0.22177,0.22145,-2.0367,1,0.84244,1,8.5778e-13,0,0.64705,341.14,0.56879,0.56902,1,0.224,0.224,0.001,0
0.35,1.1927,0.0576,0.14516,0.20868,0.20878,0.3,340.65,340.65,0.22435,0.22403,-2.0367,1,0.8384,1,7.3542e-13,0,0.64291,340.65,0.56697,0.5672,1,0.228,0.228,0.001,0
0.35,1.1984,0.0576,0.14412,0.20794,0.20803,0.3,340.15,340.15,0.2269,0.22659,-2.0367,1,0.83442,1,1.2017e-13,0,0.63881,340.15,0.56516,0.56538,1,0.232,0.232,0.001,0
0.35,1.2041,0.0576,0.14309,0.20719,0.20728,0.3,339.66,339.66,0.22944,0.22913,-2.0367,1,0.8305,1,3.0147e-13,0,0.63476,339.66,0.56337,0.56359,1,0.236,0.236,0.001,0
0.35,1.2097,0.0576,0.14207,0.20645,0.20654,0.3,339.15,339.15,0.23196,0.23165,-2.0367,1,0.82664,1,2.9862e-13,0,0.63076,339.15,0.56159,0.56181,1,0.24,0.24,0.001,0
0.35,1.2153,0.0576,0.14105,0.20571,0.2058,0.3,338.65,338.65,0.23447,0.23415,-2.0367,1,0.82284,1,1.129e-12,0,0.62681,338.65,0.55983,0.56005,1,0.244,0.244,0.001,0
0.35,1.2209,0.0576,0.14004,0.20497,0.20506,0.3,338.14,338.14,0.23695,0.23664,-2.0367,1,0.81909,1,-5.8944e-14,0,0.6229,338.14,0.55808,0.5583,1,0.248,0.248,0.001,0
0.35,1.2264,0.0576,0.13904,0.20424,0.20433,0.3,337.63,337.63,0.23942,0.23911,-2.0367,1,0.8154,1,1.29e-12,0,0.61904,337.63,0.55634,0.55656,1,0.252,0.252,0.001,0
0.35,1.2319,0.0576,0.13805,0.2035,0.2036,0.3,337.12,337.12,0.24187,0.24157,-2.0367,1,0.81176,1,2.3272e-13,0,0.61521,337.12,0.55462,0.55484,1,0.256,0.256,0.001,0
0.35,1.2374,0.0576,0.13706,0.20277,0.20286,0.3,336.6,336.6,0.24431,0.24401,-2.0367,1,0.80817,1,3.4855e-13,0,0.61143,336.6,0.55291,0.55313,1,0.26,0.26,0.001,0
0.35,1.2428,0.0576,0.13607,0.20204,0.20213,0.3,336.08,336.08,0.24674,0.24643,-2.0367,1,0.80464,1,-5.7428e-14,0,0.60769,336.08,0.55122,0.55143,1,0.264,0.264,0.001,0
0.35,1.2482,0.0576,0.13509,0.20132,0.20141,0.3,335.55,335.55,0.24915,0.24885,-2.0367,1,0.80115,1,1.257e-12,0,0.60398,335.55,0.54954,0.54975,1,0.268,0.268,0.001,0
0.35,1.2536,0.0576,0.13412,0.20059,0.20068,0.3,335.03,335.03,0.25154,0.25125,-2.0367,1,0.79771,1,1.0771e-12,0,0.60032,335.03,0.54787,0.54807,1,0.272,0.272,0.001,0
0.35,1.2589,0.0576,0.13315,0.19986,0.19995,0.3,334.5,334.5,0.25393,0.25363,-2.0367,1,0.79432,1,1.1439e-13,0,0.59669,334.5,0.54621,0.54641,1,0.276,0.276,0.001,0
0.35,1.2643,0.0576,0.13219,0.19914,0.19923,0.3,333.96,333.96,0.2563,0.25601,-2.0367,1,0.79097,1,8.3947e-13,0,0.59309,333.96,0.54456,0.54477,1,0.28,0.28,0.001,0
0.35,1.2696,0.0576,0.13123,0.19841,0.1985,0.3,333.43,333.43,0.25866,0.25837,-2.0367,1,0.78767,1,-1.6508e-13,0,0.58953,333.43,0.54292,0.54313,1,0.284,0.284,0.001,0
0.35,1.2748,0.0576,0.13027,0.19769,0.19778,0.3,332.88,332.88,0.26101,0.26072,-2.0367,1,0.78441,1,-8.84e-13,0,0.58601,332.88,0.5413,0.5415,1,0.288,0.288,0.001,0
0.35,1.2801,0.0576,0.12932,0.19697,0.19706,0.3,332.34,332.34,0.26335,0.26306,-2.0367,1,0.78119,1,-1.6469e-13,0,0.58251,332.34,0.53968,0.53988,1,0.292,0.292,0.001,0
0.35,1.2853,0.0576,0.12837,0.19624,0.19633,0.3,331.79,331.79,0.26568,0.26539,-2.0367,1,0.77801,1,1.619e-13,0,0.57905,331.79,0.53808,0.53828,1,0.296,0.296,0.001,0
0.35,1.2905,0.0576,0.12743,0.19552,0.19561,0.3,331.24,331.24,0.268,0.26771,-2.0367,1,0.77487,1,-1.6259e-13,0,0.57562,331.24,0.53648,0.53668,1,0.3,0.3,0.001,0
0.35,1.2957,0.0576,0.12649,0.1948,0.19489,0.3,330.69,330.69,0.27031,0.27002,-2.0367,1,0.77178,1,7.5567e-13,0,0.57222,330.69,0.53489,0.53509,1,0.304,0.304,0.001,0
0.35,1.3009,0.0576,0.12555,0.19407,0.19416,0.3,330.13,330.13,0.27261,0.27232,-2.0367,1,0.76872,1,-8.5615e-13,0,0.56886,330.13,0.53332,0.53351,1,0.308,0.308,0.001,0
0.35,1.306,0.0576,0.12461,0.19335,0.19344,0.3,329.57,329.57,0.2749,0.27462,-2.0367,1,0.7657,1,1.046e-13,0,0.56551,329.57,0.53175,0.53194,1,0.312,0.312,0.001,0
0.35,1.3111,0.0576,0.12368,0.19262,0.19271,0.3,329.01,329.01,0.27719,0.2769,-2.0367,1,0.76271,1,-5.8112e-13,0,0.5622,329.01,0.53019,0.53038,1,0.316,0.316,0.001,0
0.35,1.3162,0.0576,0.12275,0.19189,0.19199,0.3,328.44,328.44,0.27947,0.27918,-2.0367,1,0.75976,1,-3.1322e-13,0,0.55892,328.44,0.52864,0.52883,1,0.32,0.32,0.001,0
0.35,1.3213,0.0576,0.12181,0.19117,0.19126,0.3,327.87,327.87,0.28174,0.28146,-2.0367,1,0.75685,1,-4.7288e-13,0,0.55566,327.87,0.52709,0.52729,1,0.324,0.324,0.001,0
0.35,1.3263,0.0576,0.12089,0.19044,0.19053,0.3,327.3,327.3,0.28401,0.28372,-2.0367,1,0.75397,1,-1.0538e-13,0,0.55242,327.3,0.52556,0.52575,1,0.328,0.328,0.001,0
0.35,1.3313,0.0576,0.11996,0.1897,0.18979,0.3,326.72,326.72,0.28627,0.28599,-2.0367,1,0.75112,1,0,0,0.54921,326.72,0.52403,0.52422,1,0.332,0.332,0.001,0
0.35,1.3364,0.0576,0.11903,0.18897,0.18906,0.3,326.14,326.14,0.28852,0.28824,-2.0367,1,0.7483,1,-9.1918e-13,0,0.54603,326.14,0.52251,0.5227,1,0.336,0.336,0.001,0
0.35,1.3413,0.0576,0.1181,0.18823,0.18832,0.3,325.55,325.55,0.29078,0.2905,-2.0367,1,0.74552,1,-1.0514e-13,0,0.54286,325.55,0.52099,0.52118,1,0.34,0.34,0.001,0
0.35,1.3463,0.0576,0.11718,0.18749,0.18758,0.3,324.96,324.96,0.29303,0.29275,-2.0367,1,0.74276,1,-1.7347e-15,0,0.53972,324.96,0.51948,0.51967,1,0.344,0.344,0.001,0
0.35,1.3513,0.0576,0.11625,0.18675,0.18684,0.3,324.37,324.37,0.29527,0.29499,-2.0367,1,0.74004,1,-3.9451e-13,0,0.53661,324.37,0.51798,0.51817,1,0.348,0.348,0.001,0
0.35,1.3562,0.0576,0.11532,0.186,0.18609,0.3,323.78,323.78,0.29752,0.29724,-2.0367,1,0.73734,1,2.4581e-13,0,0.53351,323.78,0.51648,0.51667,1,0.352,0.352,0.001,0
0.35,1.3611,0.0576,0.11439,0.18525,0.18534,0.3,323.18,323.18,0.29976,0.29948,-2.0367,1,0.73468,1,4.7799e-14,0,0.53043,323.18,0.51499,0.51518,1,0.356,0.356,0.001,0
0.35,1.3661,0.0576,0.11346,0.18449,0.18459,0.3,322.57,322.57,0.302,0.30172,-2.0367,1,0.73204,1,6.3975e-13,0,0.52737,322.57,0.5135,0.51369,1,0.36,0.36,0.001,0
0.35,1.3709,0.0576,0.11253,0.18373,0.18383,0.3,321.97,321.97,0.30425,0.30397,-2.0367,1,0.72942,1,-1.9383e-13,0,0.52433,321.97,0.51202,0.51221,1,0.364,0.364,0.001,0
0.35,1.3758,0.0576,0.11159,0.18297,0.18306,0.3,321.35,321.35,0.30649,0.30621,-2.0367,1,0.72684,1,2.9489e-13,0,0.52131,321.35,0.51054,0.51073,1,0.368,0.368,0.001,0
0.35,1.3807,0.0576,0.11065,0.1822,0.18229,0.3,320.74,320.74,0.30873,0.30845,-2.0367,1,0.72427,1,-2.9124e-13,0,0.51831,320.74,0.50907,0.50925,1,0.372,0.372,0.001,0
0.35,1.3856,0.0576,0.10971,0.18142,0.18152,0.3,320.12,320.12,0.31098,0.3107,-2.0367,1,0.72173,1,-6.9389e-15,0,0.51532,320.12,0.5076,0.50778,1,0.376,0.376,0.001,0
0.35,1.3904,0.0576,0.10876,0.18063,0.18073,0.3,319.5,319.5,0.31323,0.31295,-2.0367,1,0.71922,1,-9.029e-13,0,0.51234,319.5,0.50613,0.50632,1,0.38,0.38,0.001,0
0.35,1.3952,0.0576,0.10781,0.17984,0.17994,0.3,318.87,318.87,0.31549,0.31521,-2.0367,1,0.71673,1,2.8723e-13,0,0.50938,318.87,0.50467,0.50485,1,0.384,0.384,0.001,0
0.35,1.4001,0.0576,0.10685,0.17904,0.17914,0.3,318.24,318.24,0.31775,0.31747,-2.0367,1,0.71426,1,5.6198e-13,0,0.50644,318.24,0.50321,0.50339,1,0.388,0.388,0.001,0
0.35,1.4049,0.0576,0.10589,0.17823,0.17834,0.3,317.6,317.6,0.32002,0.31973,-2.0367,1,0.71181,1,-4.1992e-13,0,0.50351,317.6,0.50175,0.50193,1,0.392,0.392,0.001,0
0.35,1.4097,0.0576,0.10492,0.17742,0.17752,0.3,316.97,316.97,0.32229,0.32201,-2.0367,1,0.70938,1,-1.8362e-13,0,0.50058,316.97,0.50029,0.50047,1,0.396,0.396,0.001,0
0.35,1.4145,0.0576,0.10394,0.17659,0.17669,0.3,316.32,316.32,0.32458,0.32429,-2.0367,1,0.70697,1,-8.8572e-14,0,0.49767,316.32,0.49884,0.49902,1,0.4,0.4,0.001,0
0.35,1.4193,0.0576,0.10296,0.17575,0.17585,0.3,315.67,315.67,0.32687,0.32659,-2.0367,1,0.70458,1,-7.7866e-13,0,0.49477,315.67,0.49738,0.49756,1,0.404,0.404,0.001,0
0.35,1.4241,0.0576,0.10196,0.1749,0.175,0.3,315.02,315.02,0.32918,0.32889,-2.0367,1,0.7022,1,-1.4308e-13,0,0.49188,315.02,0.49592,0.4961,1,0.408,0.408,0.001,0
0.35,1.4289,0.0576,0.10096,0.17403,0.17414,0.3,314.37,314.37,0.3315,0.33121,-2.0367,1,0.69984,1,4.6795e-14,0,0.48899,314.37,0.49447,0.49465,1,0.412,0.412,0.001,0
0.35,1.4337,0.0576,0.099939,0.17315,0.17326,0.3,313.7,313.7,0.33384,0.33355,-2.0367,1,0.6975,1,3.1664e-13,0,0.48611,313.7,0.49301,0.49319,1,0.416,0.416,0.001,0
0.35,1.4385,0.0576,0.098908,0.17226,0.17237,0.3,313.04,313.04,0.33619,0.3359,-2.0367,1,0.69518,1,-3.5532e-13,0,0.48324,313.04,0.49155,0.49173,1,0.42,0.42,0.001,0
0.35,1.4433,0.0576,0.097862,0.17134,0.17146,0.3,312.37,312.37,0.33857,0.33827,-2.0367,1,0.69286,1,6.6308e-13,0,0.48037,312.37,0.49009,0.49027,1,0.424,0.424,0.001,0
0.35,1.4481,0.0576,0.096799,0.17041,0.17053,0.3,311.69,311.69,0.34097,0.34067,-2.0367,1,0.69056,1,-5.2861e-13,0,0.4775,311.69,0.48862,0.4888,1,0.428,0.428,0.001,0
0.35,1.4529,0.0576,0.095716,0.16945,0.16957,0.3,311.01,311.01,0.3434,0.34309,-2.0367,1,0.68826,1,-1.7347e-15,0,0.47463,311.01,0.48715,0.48733,1,0.432,0.432,0.001,0
0.35,1.4578,0.0576,0.094611,0.16847,0.1686,0.3,310.33,310.33,0.34586,0.34555,-2.0367,1,0.68598,1,5.2411e-13,0,0.47175,310.33,0.48567,0.48585,1,0.436,0.436,0.001,0
0.35,1.4626,0.0576,0.09348,0.16746,0.16759,0.3,309.64,309.64,0.34836,0.34804,-2.0367,1,0.68369,1,-1.2654e-13,0,0.46886,309.64,0.48418,0.48437,1,0.44,0.44,0.001,0
0.35,1.4675,0.0576,0.09232,0.16642,0.16655,0.3,308.94,308.94,0.3509,0.35058,-2.0367,1,0.68141,1,-9.3663e-13,0,0.46596,308.94,0.48268,0.48287,1,0.444,0.444,0.001,0
0.35,1.4725,0.0576,0.091125,0.16534,0.16548,0.3,308.24,308.24,0.3535,0.35317,-2.0367,1,0.67912,1,2.5067e-13,0,0.46304,308.24,0.48116,0.48135,1,0.448,0.448,0.001,0
0.35,1.4775,0.0576,0.089888,0.16421,0.16436,0.3,307.53,307.53,0.35615,0.35582,-2.0367,1,0.67683,1,1.2513e-13,0,0.46009,307.53,0.47963,0.47982,1,0.452,0.452,0.001,0
0.35,1.4826,0.0576,0.0886,0.16303,0.16318,0.3,306.82,306.82,0.35889,0.35855,-2.0367,1,0.67451,1,8.4423e-14,0,0.45711,306.82,0.47807,0.47827,1,0.456,0.456,0.001,0
0.35,1.4877,0.0576,0.08725,0.16179,0.16195,0.3,306.1,306.1,0.36173,0.36137,-2.0367,1,0.67217,1,-2.9023e-13,0,0.45407,306.1,0.47648,0.47668,1,0.46,0.46,0.001,0
0.35,1.493,0.0576,0.085818,0.16045,0.16062,0.3,305.37,305.37,0.3647,0.36432,-2.0367,1,0.66978,1,-2.0458e-13,0,0.45096,305.37,0.47485,0.47505,1,0.464,0.464,0.001,0
0.35,1.4985,0.0576,0.084277,0.15901,0.15919,0.3,304.64,304.64,0.36785,0.36745,-2.0367,1,0.66732,1,2.88e-13,0,0.44773,304.64,0.47315,0.47336,1,0.468,0.468,0.001,0
0.35,1.5043,0.0576,0.082578,0.1574,0.1576,0.3,303.9,303.9,0.37126,0.37082,-2.0367,1,0.66475,1,4.384e-13,0,0.44434,303.9,0.47135,0.47158,1,0.472,0.472,0.001,0
0.35,1.5106,0.0576,0.080628,0.15553,0.15577,0.3,303.15,303.15,0.37508,0.37459,-2.0367,1,0.66197,1,-5.9123e-13,0,0.44065,303.15,0.46939,0.46964,1,0.476,0.476,0.001,0
0.35,1.5179,0.0576,0.078228,0.15319,0.15351,0.3,302.39,302.39,0.37966,0.37906,-2.0367,1,0.65882,1,4.6273e-13,0,0.43644,302.39,0.46714,0.46744,1,0.48,0.48,0.001,0
0.35,1.5269,0.0576,0.074861,0.14986,0.15033,0.3,301.62,301.62,0.38582,0.38498,-2.0367,1,0.6549,1,4.9182e-13,0,0.43118,301.62,0.46432,0.4647,1,0.484,0.484,0.001,0
0.35,1.5397,0.0576,0.068944,0.14382,0.14472,0.3,300.82,300.82,0.39582,0.39438,-2.0367,1,0.64948,1,3.9722e-14,0,0.42386,300.82,0.46036,0.4609,1,0.488,0.488,0.001,0
0.35,1.5544,0.0576,0.056913,0.13067,0.13242,0.3,299.98,299.98,0.41363,0.41166,-2.0367,1,0.64333,1,-2.7533e-13,0,0.41533,299.98,0.4557,0.45592,1,0.492,0.492,0.001,0
0.35,1.5558,0.0576,0.051141,0.12386,0.12414,0.3,299.11,299.11,0.42094,0.42066,-2.0367,1,0.64274,1,1.9521e-13,0,0.4144,299.11,0.45519,0.4552,1,0.496,0.496,0.001,0
0.35,1.5558,0.0576,0.05037,0.12293,0.12296,0.3,298.23,298.23,0.42189,0.42186,-2.0367,1,0.64274,1,1.7347e-15,0,0.41437,298.23,0.45518,0.45518,1,0.5,0.5,0.001,0
0.35,1.5558,0.0576,0.05028,0.12282,0.12282,0.3,297.36,297.36,0.422,0.422,-2.0367,1,0.64274,1,4.0696e-13,0,0.41438,297.36,0.45518,0.45518,1,0.504,0.504,0.001,0
0.35,1.5558,0.0576,0.05027,0.1228,0.1228,0.3,296.48,296.48,0.42202,0.42202,-2.0367,1,0.64274,1,6.5512e-14,0,0.41438,296.48,0.45518,0.45518,1,0.508,0.508,0.001,0
0.35,1.5558,0.0576,0.050269,0.1228,0.1228,0.3,295.6,295.6,0.42201,0.42201,-2.0367,1,0.64275,1,-2.0868e-13,0,0.41438,295.6,0.45518,0.45518,1,0.512,0.512,0.001,0
0.35,1.5558,0.0576,0.05027,0.1228,0.1228,0.3,294.73,294.73,0.42201,0.42201,-2.0367,1,0.64275,1,-6.5513e-14,0,0.41438,294.73,0.45518,0.45518,1,0.516,0.516,0.001,0
0.35,1.5558,0.0576,0.05027,0.12281,0.12281,0.3,293.85,293.85,0.42201,0.42201,-2.0367,1,0.64275,1,1.7159e-13,0,0.41439,293.85,0.45519,0.45518,1,0.52,0.52,0.001,0
0.35,1.5558,0.0576,0.05027,0.12281,0.12281,0.3,292.97,292.97,0.42201,0.42201,-2.0367,1,0.64275,1,2.0001e-13,0,0.41439,292.97,0.45519,0.45519,1,0.524,0.524,0.001,0
0.35,1.5558,0.0576,0.05027,0.1228,0.12281,0.3,292.09,292.09,0.42201,0.42201,-2.0367,1,0.64275,1,3.2237e-13,0,0.41439,292.09,0.45519,0.45519,1,0.528,0.528,0.001,0
0.35,1.5558,0.0576,0.05027,0.1228,0.1228,0.3,291.22,291.22,0.422,0.422,-2.0367,1,0.64276,1,3.7161e-13,0,0.4144,291.22,0.45519,0.45519,1,0.532,0.532,0.001,0
0.35,1.5558,0.0576,0.05027,0.12281,0.1228,0.3,290.34,290.34,0.42201,0.42201,-2.0367,1,0.64275,1,-1.9827e-13,0,0.41439,290.34,0.45519,0.45519,1,0.536,0.536,0.001,0
0.35,1.5563,0.0576,0.050309,0.12285,0.12284,0.3,289.46,289.46,0.42217,0.42213,-2.0367,1,0.64254,1,6.3579e-13,0,0.414,289.46,0.45497,0.45503,1,0.54,0.54,0.001,0
0.35,1.5803,0.0576,0.052193,0.12513,0.12458,0.3,288.56,288.56,0.43013,0.4282,-2.0367,1,0.63279,1,4.7359e-13,0,0.39558,288.56,0.44474,0.44722,1,0.544,0.544,0.001,0
0.35,1.446,0.0576,0.14745,0.21032,0.20904,0.3,287.21,287.21,0.73333,0.72871,-2.0367,1,0.69157,1,-7.7594e-14,0,0.0063514,287.21,0.056353,0.062246,1,0.548,0.548,0.001,0
0.35,1.4299,0.0576,0.14935,0.21168,0.21168,0.3,285.78,285.78,0.73821,0.73821,-2.0367,1,0.69933,1,4.3136e-14,0,0.0050225,285.78,0.050113,0.050113,1,0.552,0.552,0.001,0
0.35,1.4299,0.0576,0.14935,0.21168,0.21168,0.3,284.34,284.34,0.73821,0.73821,-2.0367,1,0.69933,1,1.1727e-13,0,0.0050225,284.34,0.050112,0.050112,1,0.556,0.556,0.001,0
0.35,1.4299,0.0576,0.14936,0.21168,0.21168,0.3,282.91,282.91,0.73821,0.73821,-2.0367,1,0.69933,1,-5.3545e-14,0,0.0050225,282.91,0.050112,0.050112,1,0.56,0.56,0.001,0
0.35,1.4299,0.0576,0.14936,0.21168,0.21168,0.3,281.47,281.47,0.73821,0.73821,-2.0367,1,0.69933,1,2.1568e-14,0,0.0050225,281.47,0.050112,0.050112,1,0.564,0.564,0.001,0
0.35,1.4299,0.0576,0.14935,0.21168,0.21168,0.3,280.04,280.04,0.73821,0.73821,-2.0367,1,0.69933,1,1.8197e-13,0,0.0050225,280.04,0.050112,0.050112,1,0.568,0.568,0.001,0
0.35,1.4299,0.0576,0.14935,0.21168,0.21168,0.3,278.6,278.6,0.73821,0.73821,-2.0367,1,0.69933,1,-4.1401e-14,0,0.0050225,278.6,0.050112,0.050112,1,0.572,0.572,0.001,0
0.35,1.4299,0.0576,0.14935,0.21168,0.21168,0.3,277.17,277.17,0.73821,0.73821,-2.0367,1,0.69933,1,-2.2511e-13,0,0.0050225,277.17,0.050112,0.050112,1,0.576,0.576,0.001,0
0.35,1.4299,0.0576,0.14935,0.21168,0.21168,0.3,275.74,275.74,0.73821,0.73821,-2.0367,1,0.69933,1,4.4871e-14,0,0.0050225,275.74,0.050112,0.050112,1,0.58,0.58,0.001,0
0.35,1.4299,0.0576,0.14935,0.21168,0.21168,0.3,274.3,274.3,0.73821,0.73821,-2.0367,1,0.69933,1,1.9833e-14,0,0.0050225,274.3,0.050112,0.050112,1,0.584,0.584,0.001,0
0.35,1.4299,0.0576,0.14936,0.21168,0.21168,0.3,272.87,272.87,0.73821,0.73821,-2.0367,1,0.69933,1,-5.7766e-14,0,0.0050225,272.87,0.050112,0.050112,1,0.588,0.588,0.001,0
0.35,1.4299,0.0576,0.14936,0.21168,0.21168,0.3,271.43,271.43,0.73821,0.73821,-2.0367,1,0.69933,1,1.0264e-13,0,0.0050225,271.43,0.050112,0.050112,1,0.592,0.592,0.001,0
0.35,1.4299,0.0576,0.14936,0.21168,0.21168,0.3,270,270,0.73821,0.73821,-2.0367,1,0.69933,1,2.613e-13,0,0.0050225,270,0.050112,0.050112,1,0.596,0.596,0.001,0
0.35,1.4299,0.0576,0.14935,0.21168,0.21168,0.3,268.56,268.56,0.73821,0.73821,-2.0367,1,0.69933,1,-1.3189e-13,0,0.0050225,268.56,0.050112,0.050112,1,0.6,0.6,0.001,0
0.35,1.4299,0.0576,0.14935,0.21168,0.21168,0.3,267.13,267.13,0.73821,0.73821,-2.0367,1,0.69933,1,-2.6772e-14,0,0.0050225,267.13,0.050112,0.050112,1,0.604,0.604,0.001,0
0.35,1.4299,0.0576,0.14936,0.21168,0.21168,0.3,265.69,265.69,0.73821,0.73821,-2.0367,1,0.69933,1,2.4147e-13,0,0.0050225,265.69,0.050112,0.050112,1,0.608,0.608,0.001,0
0.35,1.4299,0.0576,0.14936,0.21168,0.21168,0.3,264.26,264.26,0.73821,0.73821,-2.0367,1,0.69933,1,1.8197e-13,0,0.0050225,264.26,0.050113,0.050113,1,0.612,0.612,0.001,0
0.35,1.4299,0.0576,0.14936,0.21168,0.21168,0.3,262.82,262.82,0.73821,0.73821,-2.0367,1,0.69933,1,-9.9167e-14,0,0.0050225,262.82,0.050112,0.050112,1,0.616,0.616,0.001,0
0.35,1.4299,0.0576,0.14936,0.21168,0.21168,0.3,261.39,261.39,0.73821,0.73821,-2.0367,1,0.69933,1,1.3883e-13,0,0.0050225,261.39,0.050112,0.050112,1,0.62,0.62,0.001,0
0.35,1.4299,0.0576,0.14936,0.21168,0.21168,0.3,259.95,259.95,0.73821,0.73821,-2.0367,1,0.69933,1,1.8197e-13,0,0.0050225,259.95,0.050112,0.050112,1,0.624,0.624,0.001,0
0.35,1.4299,0.0576,0.14934,0.21167,0.21167,0.3,258.52,258.52,0.73822,0.73822,-2.0367,1,0.69934,1,-1.9135e-13,0,0.0050225,258.52,0.050112,0.050112,1,0.628,0.628,0.001,0
0.35,1.4299,0.0576,0.14906,0.21147,0.21151,0.3,257.08,257.08,0.73842,0.73838,-2.0367,1,0.69935,1,2.6639e-14,0,0.0050225,257.08,0.050112,0.050112,1,0.632,0.632,0.001,0
0.35,1.429,0.0576,0.1419,0.20633,0.20748,0.3,255.57,255.57,0.74356,0.74241,-2.0367,1,0.69981,1,-1.0472e-13,0,0.0050224,255.57,0.050112,0.050112,1,0.636,0.636,0.001,0
0.35,1.397,0.0576,0.08243,0.15725,0.16061,0.3,253.25,253.25,0.79272,0.78935,-2.0367,1,0.71584,1,-1.9299e-13,0,0.0050055,253.25,0.050028,0.050039,1,0.64,0.64,0.001,0
0.35,1.389,0.0576,0.075114,0.15011,0.15017,0.3,250.46,250.46,0.79989,0.79983,-2.0367,1,0.71993,1,-3.1683e-14,0,0.0050001,250.46,0.05,0.050001,1,0.644,0.644,0.001,0
0.35,1.3889,0.0576,0.075002,0.15,0.15,0.3,247.65,247.65,0.8,0.8,-2.0367,1,0.72,1,1.4864e-13,0,0.005,247.65,0.05,0.05,1,0.648,0.648,0.001,0
0.35,1.3889,0.0576,0.075,0.15,0.15,0.3,244.84,244.84,0.8,0.8,-2.0367,1,0.72,1,-4.2077e-14,0,0.005,244.84,0.05,0.05,1,0.652,0.652,0.001,0
0.35,1.3889,0.0576,0.075,0.15,0.15,0.3,242.03,242.03,0.8,0.8,-2.0367,1,0.72,1,1.0408e-14,0,0.005,242.03,0.05,0.05,1,0.656,0.656,0.001,0
0.35,1.3889,0.0576,0.075,0.15,0.15,0.3,239.22,239.22,0.8,0.8,-2.0367,1,0.72,1,6.7667e-14,0,0.005,239.22,0.05,0.05,1,0.66,0.66,0.001,0
0.35,1.3889,0.0576,0.075,0.15,0.15,0.3,236.41,236.41,0.8,0.8,-2.0367,1,0.72,1,-2.5303e-14,0,0.005,236.41,0.05,0.05,1,0.664,0.664,0.001,0
0.35,1.3889,0.0576,0.075,0.15,0.15,0.3,233.6,233.6,0.8,0.8,-2.0367,1,0.72,1,1.6773e-14,0,0.005,233.6,0.05,0.05,1,0.668,0.668,0.001,0
0.35,1.3889,0.0576,0.075,0.15,0.15,0.3,230.79,230.79,0.8,0.8,-2.0367,1,0.72,1,8.5301e-15,0,0.005,230.79,0.05,0.05,1,0.672,0.672,0.001,0
0.35,1.3889,0.0576,0.075,0.15,0.15,0.3,227.98,227.98,0.8,0.8,-2.0367,1,0.72,1,0,0,0.005,227.98,0.05,0.05,1,0.676,0.676,0.001,0
0.35,1.3889,0.0576,0.075,0.15,0.15,0.3,225.16,225.16,0.8,0.8,-2.0367,1,0.72,1,3.2242e-14,0,0.005,225.16,0.05,0.05,1,0.68,0.68,0.001,0
0.35,1.3889,0.0576,0.075,0.15,0.15,0.3,222.35,222.35,0.8,0.8,-2.0367,1,0.72,1,5.4076e-14,0,0.005,222.35,0.05,0.05,1,0.684,0.684,0.001,0
0.35,1.3889,0.0576,0.075,0.15,0.15,0.3,219.54,219.54,0.8,0.8,-2.0367,1,0.72,1,-5.9137e-14,0,0.005,219.54,0.05,0.05,1,0.688,0.688,0.001,0
0.35,1.3889,0.0576,0.075,0.15,0.15,0.3,216.73,216.73,0.8,0.8,-2.0367,1,0.72,1,4.2364e-14,0,0.005,216.73,0.05,0.05,1,0.692,0.692,0.001,0
0.35,1.3889,0.0576,0.075,0.15,0.15,0.3,213.92,213.92,0.8,0.8,-2.0367,1,0.72,1,2.0243e-14,0,0.005,213.92,0.05,0.05,1,0.696,0.696,0.001,0
0.35,1.3889,0.0576,0.075,0.15,0.15,0.3,211.11,211.11,0.8,0.8,-2.0367,1,0.72,1,4.2077e-14,0,0.005,211.11,0.05,0.05,1,0.7,0.7,0.001,0
0.35,1.3889,0.0576,0.075,0.15,0.15,0.3,208.3,208.3,0.8,0.8,-2.0367,1,0.72,1,2.7182e-14,0,0.005,208.3,0.05,0.05,1,0.704,0.704,0.001,0
0.35,1.3889,0.0576,0.075,0.15,0.15,0.3,205.49,205.49,0.8,0.8,-2.0367,1,0.72,1,-3.0364e-14,0,0.005,205.49,0.05,0.05,1,0.708,0.708,0.001,0
0.35,1.3889,0.0576,0.075,0.15,0.15,0.3,202.68,202.68,0.8,0.8,-2.0367,1,0.72,1,2.8954e-15,0,0.005,202.68,0.05,0.05,1,0.712,0.712,0.001,0
0.35,1.3889,0.0576,0.075,0.15,0.15,0.3,199.87,199.87,0.8,0.8,-2.0367,1,0.72,1,-1.1713e-14,0,0.005,199.87,0.05,0.05,1,0.716,0.716,0.001,0
0.35,1.3889,0.0576,0.075,0.15,0.15,0.3,197.06,197.06,0.8,0.8,-2.0367,1,0.72,1,-1.164e-13,0,0.005,197.06,0.05,0.05,1,0.72,0.72,0.001,0
0.35,1.3889,0.0576,0.075,0.15,0.15,0.3,194.25,194.25,0.8,0.8,-2.0367,1,0.72,1,-1.706e-14,0,0.005,194.25,0.05,0.05,1,0.724,0.724,0.001,0
0.35,1.3889,0.0576,0.075,0.15,0.15,0.3,191.44,191.44,0.8,0.8,-2.0367,1,0.72,1,3.4694e-15,0,0.005,191.44,0.05,0.05,1,0.728,0.728,0.001,0
0.35,1.3889,0.0576,0.075,0.15,0.15,0.3,188.63,188.63,0.8,0.8,-2.0367,1,0.72,1,1.1713e-14,0,0.005,188.63,0.05,0.05,1,0.732,0.732,0.001,0
0.35,1.3889,0.0576,0.075,0.15,0.15,0.3,185.82,185.82,0.8,0.8,-2.0367,1,0.72,1,-1.2e-14,0,0.005,185.82,0.05,0.05,1,0.736,0.736,0.001,0
0.35,1.3889,0.0576,0.075,0.15,0.15,0.3,183.01,183.01,0.8,0.8,-2.0367,1,0.72,1,-5.0607e-14,0,0.005,183.01,0.05,0.05,1,0.74,0.74,0.001,0
0.35,1.3889,0.0576,0.075,0.15,0.15,0.3,180.2,180.2,0.8,0.8,-2.0367,1,0.72,1,1.1713e-14,0,0.005,180.2,0.05,0.05,1,0.744,0.744,0.001,0
0.35,1.3889,0.0576,0.075,0.15,0.15,0.3,177.39,177.39,0.8,0.8,-2.0367,1,0.72,1,-6.2319e-14,0,0.005,177.39,0.05,0.05,1,0.748,0.748,0.001,0
0.35,1.3889,0.0576,0.075,0.15,0.15,0.3,174.58,174.58,0.8,0.8,-2.0367,1,0.72,1,-2.5303e-14,0,0.005,174.58,0.05,0.05,1,0.752,0.752,0.001,0
0.35,1.3889,0.0576,0.075,0.15,0.15,0.3,171.77,171.77,0.8,0.8,-2.0367,1,0.72,1,-6.4197e-14,0,0.005,171.77,0.05,0.05,1,0.756,0.756,0.001,0
0.35,1.3889,0.0576,0.075,0.15,0.15,0.3,168.96,168.96,0.8,0.8,-2.0367,1,0.72,1,3.3833e-14,0,0.005,168.96,0.05,0.05,1,0.76,0.76,0.001,0
0.35,1.3889,0.0576,0.075,0.15,0.15,0.3,166.15,166.15,0.8,0.8,-2.0367,1,0.72,1,-3.7565e-15,0,0.005,166.15,0.05,0.05,1,0.764,0.764,0.001,0
0.35,1.3889,0.0576,0.075,0.15,0.15,0.3,163.33,163.33,0.8,0.8,-2.0367,1,0.72,1,8.2431e-15,0,0.005,163.33,0.05,0.05,1,0.768,0.768,0.001,0
0.35,1.3889,0.0576,0.075,0.15,0.15,0.3,160.52,160.52,0.8,0.8,-2.0367,1,0.72,1,-1.6773e-14,0,0.005,160.52,0.05,0.05,1,0.772,0.772,0.001,0
0.35,1.3889,0.0576,0.075,0.15,0.15,0.3,157.71,157.71,0.8,0.8,-2.0367,1,0.72,1,2.3138e-14,0,0.005,157.71,0.05,0.05,1,0.776,0.776,0.001,0
0.35,1.3889,0.0576,0.075,0.15,0.15,0.3,154.9,154.9,0.8,0.8,-2.0367,1,0.72,1,-1.706e-14,0,0.005,154.9,0.05,0.05,1,0.78,0.78,0.001,0
0.35,1.3889,0.0576,0.075,0.15,0.15,0.3,152.09,152.09,0.8,0.8,-2.0367,1,0.72,1,1.5182e-14,0,0.005,152.09,0.05,0.05,1,0.784,0.784,0.001,0
0.35,1.3889,0.0576,0.075,0.15,0.15,0.3,149.28,149.28,0.8,0.8,-2.0367,1,0.72,1,8.7622e-14,0,0.005,149.28,0.05,0.05,1,0.788,0.788,0.001,0
0.35,1.3889,0.0576,0.075,0.15,0.15,0.3,146.47,146.47,0.8,0.8,-2.0367,1,0.72,1,4.3955e-14,0,0.005,146.47,0.05,0.05,1,0.792,0.792,0.001,0
0.35,1.3889,0.0576,0.075,0.15,0.15,0.3,143.66,143.66,0.8,0.8,-2.0367,1,0.72,1,1.5182e-14,0,0.005,143.66,0.05,0.05,1,0.796,0.796,0.001,0
0.35,1.3889,0.0576,0.075,0.15,0.15,0.3,140.85,140.85,0.8,0.8,-2.0367,1,0.72,1,7.4032e-14,0,0.005,140.85,0.05,0.05,1,0.8,0.8,0.001,0
0.35,1.3889,0.0576,0.075,0.15,0.15,0.3,138.04,138.04,0.8,0.8,-2.0367,1,0.72,1,-7.7501e-14,0,0.005,138.04,0.05,0.05,1,0.804,0.804,0.001,0
0.35,1.3889,0.0576,0.075,0.15,0.15,0.3,135.23,135.23,0.8,0.8,-2.0367,1,0.72,1,1.5912e-15,0,0.005,135.23,0.05,0.05,1,0.808,0.808,0.001,0
0.35,1.3889,0.0576,0.075,0.15,0.15,0.3,132.42,132.42,0.8,0.8,-2.0367,1,0.72,1,3.1824e-15,0,0.005,132.42,0.05,0.05,1,0.812,0.812,0.001,0
0.35,1.3889,0.0576,0.075,0.15,0.15,0.3,129.61,129.61,0.8,0.8,-2.0367,1,0.72,1,3.0364e-14,0,0.005,129.61,0.05,0.05,1,0.816,0.816,0.001,0
0.35,1.3889,0.0576,0.075,0.15,0.15,0.3,126.8,126.8,0.8,0.8,-2.0367,1,0.72,1,-4.3955e-14,0,0.005,126.8,0.05,0.05,1,0.82,0.82,0.001,0
0.35,1.3889,0.0576,0.075,0.15,0.15,0.3,123.99,123.99,0.8,0.8,-2.0367,1,0.72,1,2.1182e-14,0,0.005,123.99,0.05,0.05,1,0.824,0.824,0.001,0
0.35,1.3889,0.0576,0.075,0.15,0.15,0.3,121.18,121.18,0.8,0.8,-2.0367,1,0.72,1,6.3649e-15,0,0.005,121.18,0.05,0.05,1,0.828,0.828,0.001,0
0.35,1.3889,0.0576,0.075,0.15,0.15,0.3,118.37,118.37,0.8,0.8,-2.0367,1,0.72,1,-9.4692e-15,0,0.005,118.37,0.05,0.05,1,0.832,0.832,0.001,0
0.35,1.3889,0.0576,0.075,0.15,0.15,0.3,115.56,115.56,0.8,0.8,-2.0367,1,0.72,1,2.6242e-14,0,0.005,115.56,0.05,0.05,1,0.836,0.836,0.001,0
0.35,1.3889,0.0576,0.075,0.15,0.15,0.3,112.75,112.75,0.8,0.8,-2.0367,1,0.72,1,-6.8319e-14,0,0.005,112.75,0.05,0.05,1,0.84,0.84,0.001,0
0.35,1.3889,0.0576,0.075,0.15,0.15,0.3,109.94,109.94,0.8,0.8,-2.0367,1,0.72,1,-6.521e-16,0,0.005,109.94,0.05,0.05,1,0.844,0.844,0.001,0
0.35,1.3889,0.0576,0.075,0.15,0.15,0.3,107.13,107.13,0.8,0.8,-2.0367,1,0.72,1,1.106e-14,0,0.005,107.13,0.05,0.05,1,0.848,0.848,0.001,0
0.35,1.3889,0.0576,0.075,0.15,0.15,0.3,104.31,104.31,0.8,0.8,-2.0367,1,0.72,1,-5.4076e-14,0,0.005,104.31,0.05,0.05,1,0.852,0.852,0.001,0
0.35,1.3889,0.0576,0.075,0.15,0.15,0.3,101.5,101.5,0.8,0.8,-2.0367,1,0.72,1,-5.7128e-15,0,0.005,101.5,0.05,0.05,1,0.856,0.856,0.001,0
0.35,1.3889,0.0576,0.075,0.15,0.15,0.3,98.694,98.694,0.8,0.8,-2.0367,1,0.72,1,2.5303e-14,0,0.005,98.694,0.05,0.05,1,0.86,0.86,0.001,0
0.35,1.3889,0.0576,0.075,0.15,0.15,0.3,95.884,95.884,0.8,0.8,-2.0367,1,0.72,1,-1.106e-14,0,0.005,95.884,0.05,0.05,1,0.864,0.864,0.001,0
0.35,1.3889,0.0576,0.075,0.15,0.15,0.3,93.073,93.073,0.8,0.8,-2.0367,1,0.72,1,-9.1822e-15,0,0.005,93.073,0.05,0.05,1,0.868,0.868,0.001,0
0.35,1.3889,0.0576,0.075,0.15,0.15,0.3,90.263,90.263,0.8,0.8,-2.0367,1,0.72,1,-3.4199e-14,0,0.005,90.263,0.05,0.05,1,0.872,0.872,0.001,0
0.35,1.3889,0.0576,0.075,0.15,0.15,0.3,87.452,87.452,0.8,0.8,-2.0367,1,0.72,1,4.1215e-15,0,0.005,87.452,0.05,0.05,1,0.876,0.876,0.001,0
0.35,1.3889,0.0576,0.075,0.15,0.15,0.3,84.642,84.642,0.8,0.8,-2.0367,1,0.72,1,-1.4243e-14,0,0.005,84.642,0.05,0.05,1,0.88,0.88,0.001,0
0.35,1.3889,0.0576,0.075,0.15,0.15,0.3,81.831,81.831,0.8,0.8,-2.0367,1,0.72,1,-3.1668e-14,0,0.005,81.831,0.05,0.05,1,0.884,0.884,0.001,0
0.35,1.3889,0.0576,0.075,0.15,0.15,0.3,79.021,79.021,0.8,0.8,-2.0367,1,0.72,1,-8.2431e-15,0,0.005,79.021,0.05,0.05,1,0.888,0.888,0.001,0
0.35,1.3889,0.0576,0.075,0.15,0.15,0.3,76.21,76.21,0.8,0.8,-2.0367,1,0.72,1,2.1182e-14,0,0.005,76.21,0.05,0.05,1,0.892,0.892,0.001,0
0.35,1.3889,0.0576,0.075,0.15,0.15,0.3,73.4,73.4,0.8,0.8,-2.0367,1,0.72,1,-1.9956e-14,0,0.005,73.4,0.05,0.05,1,0.896,0.896,0.001,0
0.35,1.3889,0.0576,0.075,0.15,0.15,0.3,70.589,70.589,0.8,0.8,-2.0367,1,0.72,1,1.706e-14,0,0.005,70.589,0.05,0.05,1,0.9,0.9,0.001,0
0.35,1.3889,0.0576,0.075,0.15,0.15,0.3,67.779,67.779,0.8,0.8,-2.0367,1,0.72,1,-2.5303e-14,0,0.005,67.779,0.05,0.05,1,0.904,0.904,0.001,0
0.35,1.3889,0.0576,0.075,0.15,0.15,0.3,64.968,64.968,0.8,0.8,-2.0367,1,0.72,1,-8.5301e-15,0,0.005,64.968,0.05,0.05,1,0.908,0.908,0.001,0
0.35,1.3889,0.0576,0.075,0.15,0.15,0.3,62.158,62.158,0.8,0.8,-2.0367,1,0.72,1,-5.3867e-15,0,0.005,62.158,0.05,0.05,1,0.912,0.912,0.001,0
0.35,1.3889,0.0576,0.075,0.15,0.15,0.3,59.348,59.348,0.8,0.8,-2.0367,1,0.72,1,-1.0121e-14,0,0.005,59.348,0.05,0.05,1,0.916,0.916,0.001,0
0.35,1.3889,0.0576,0.075,0.15,0.15,0.3,56.537,56.537,0.8,0.8,-2.0367,1,0.72,1,-1.963e-14,0,0.005,56.537,0.05,0.05,1,0.92,0.92,0.001,0
0.35,1.3889,0.0576,0.075,0.15,0.15,0.3,53.727,53.727,0.8,0.8,-2.0367,1,0.72,1,9.7953e-15,0,0.005,53.727,0.05,0.05,1,0.924,0.924,0.001,0
0.35,1.3889,0.0576,0.075,0.15,0.15,0.3,50.916,50.916,0.8,0.8,-2.0367,1,0.72,1,-1.106e-14,0,0.005,50.916,0.05,0.05,1,0.928,0.928,0.001,0
0.35,1.3889,0.0576,0.075,0.15,0.15,0.3,48.106,48.106,0.8,0.8,-2.0367,1,0.72,1,-2.5955e-14,0,0.005,48.106,0.05,0.05,1,0.932,0.932,0.001,0
0.35,1.3889,0.0576,0.075,0.15,0.15,0.3,45.295,45.295,0.8,0.8,-2.0367,1,0.72,1,-1.0121e-14,0,0.005,45.295,0.05,0.05,1,0.936,0.936,0.001,0
0.35,1.3889,0.0576,0.075,0.15,0.15,0.3,42.485,42.485,0.8,0.8,-2.0367,1,0.72,1,-2.3712e-14,0,0.005,42.485,0.05,0.05,1,0.94,0.94,0.001,0
0.35,1.3889,0.0576,0.075,0.15,0.15,0.3,39.674,39.674,0.8,0.8,-2.0367,1,0.72,1,9.7953e-15,0,0.005,39.674,0.05,0.05,1,0.944,0.944,0.001,0
0.35,1.3889,0.0576,0.075,0.15,0.15,0.3,36.864,36.864,0.8,0.8,-2.0367,1,0.72,1,-3.8345e-15,0,0.005,36.864,0.05,0.05,1,0.948,0.948,0.001,0
0.35,1.3889,0.0576,0.075,0.15,0.15,0.3,34.053,34.053,0.8,0.8,-2.0367,1,0.72,1,6.9389e-15,0,0.005,34.053,0.05,0.05,1,0.952,0.952,0.001,0
0.35,1.3889,0.0576,0.075,0.15,0.15,0.3,31.243,31.243,0.8,0.8,-2.0367,1,0.72,1,9.3912e-16,0,0.005,31.243,0.05,0.05,1,0.956,0.956,0.001,0
0.35,1.3889,0.0576,0.075,0.15,0.15,0.3,28.433,28.433,0.8,0.8,-2.0367,1,0.72,1,0,0,0.005,28.433,0.05,0.05,1,0.96,0.96,0.001,0
0.35,1.3889,0.0576,0.075,0.15,0.15,0.3,25.622,25.622,0.8,0.8,-2.0367,1,0.72,1,-4.4086e-15,0,0.005,25.622,0.05,0.05,1,0.964,0.964,0.001,0
0.35,1.3889,0.0576,0.075,0.15,0.15,0.3,22.812,22.812,0.8,0.8,-2.0367,1,0.72,1,-1.5912e-15,0,0.005,22.812,0.05,0.05,1,0.968,0.968,0.001,0
0.35,1.3889,0.0576,0.075,0.15,0.15,0.3,20.001,20.001,0.8,0.8,-2.0367,1,0.72,1,-4.7346e-15,0,0.005,20.001,0.05,0.05,1,0.972,0.972,0.001,0
0.35,1.3889,0.0576,0.075,0.15,0.15,0.3,17.191,17.191,0.8,0.8,-2.0367,1,0.72,1,-2.5108e-15,0,0.005,17.191,0.05,0.05,1,0.976,0.976,0.001,0
0.35,1.3889,0.0576,0.075,0.15,0.15,0.3,14.38,14.38,0.8,0.8,-2.0367,1,0.72,1,1.5815e-15,0,0.005,14.38,0.05,0.05,1,0.98,0.98,0.001,0
0.35,1.3889,0.0576,0.075,0.15,0.15,0.3,11.57,11.57,0.8,0.8,-2.0367,1,0.72,1,-2.5206e-15,0,0.005,11.57,0.05,0.05,1,0.984,0.984,0.001,0
0.35,1.3889,0.0576,0.075,0.15,0.15,0.3,8.7593,8.7593,0.8,0.8,-2.0367,1,0.72,1,6.2282e-16,0,0.005,8.7593,0.05,0.05,1,0.988,0.988,0.001,0
0.35,1.3889,0.0576,0.075,0.15,0.15,0.3,5.9488,5.9488,0.8,0.8,-2.0367,1,0.72,1,3.9035e-17,0,0.005,5.9488,0.05,0.05,1,0.992,0.992,0.001,0
0.35,1.3889,0.0576,0.075,0.15,0.15,0.3,3.1384,3.1384,0.8,0.8,-2.0367,1,0.72,1,-7.7121e-16,0,0.005,3.1384,0.05,0.05,1,0.996,0.996,0.001,0
0.35,1.3903,0.0576,0.077733,0.15271,0.15271,0.3,0.3396,0.3396,0.79791,0.79791,-2.0367,1,0.71927,1,1.157e-16,0,0.0048767,0.3396,0.049379,0.049379,1,1,1,0.001,0
